Position_x,Dirac_Potential_V,Total_Energy_E,Wavefunction_Shifted,Probability_Density
-4.0,0.0,1.0,1.417111680253255,1.3479643076073875
-3.9899749373433586,0.0,1.0,1.437859593720574,1.3834420476262923
-3.979949874686717,0.0,1.0,1.455792650838845,1.4154938811174027
-3.969924812030075,0.0,1.0,1.470795565839727,1.443296929628697
-3.9598997493734336,0.0,1.0,1.4827718898817408,1.4661373953199754
-3.949874686716792,0.0,1.0,1.4916446310883789,1.4834288865560563
-3.9398496240601504,0.0,1.0,1.497356749503735,1.494727472553842
-3.9298245614035086,0.0,1.0,1.4998715237837554,1.4997430805797873
-3.919799498746867,0.0,1.0,1.4991727872657703,1.498346943093356
-3.909774436090226,0.0,1.0,1.495265031898688,1.490574903643217
-3.899749373433584,0.0,1.0,1.488173379365722,1.476626496642698
-3.889724310776942,0.0,1.0,1.4779434195852932,1.4568598246497673
-3.8796992481203008,0.0,1.0,1.4646409176283328,1.4317823646689982
-3.8696741854636594,0.0,1.0,1.4483513909361132,1.4020379395086948
-3.8596491228070176,0.0,1.0,1.4291795595565442,1.3683901886822984
-3.8496240601503757,0.0,1.0,1.4072486729331821,1.3317029632116761
-3.8395989974937343,0.0,1.0,1.382699717574803,1.2929181476636682
-3.829573934837093,0.0,1.0,1.3556905106991715,1.253031478802875
-3.819548872180451,0.0,1.0,1.326394685677684,1.2130669816772686
-3.8095238095238093,0.0,1.0,1.295000575803126,1.1740506794483516
-3.799498746867168,0.0,1.0,1.261710003556427,1.13698425192301
-3.7894736842105265,0.0,1.0,1.2267369831558332,1.1028193190612172
-3.7794486215538847,0.0,1.0,1.1903063447293836,1.072433009688518
-3.769423558897243,0.0,1.0,1.1526522889554367,1.0466054426466682
-3.7593984962406015,0.0,1.0,1.1140168814629832,1.025999698517088
-3.74937343358396,0.0,1.0,1.0746484966707572,1.011144796110408
-3.7393483709273183,0.0,1.0,1.034800221069206,1.0024221107729312
-3.7293233082706765,0.0,1.0,0.9947282262100896,1.000055583197784
-3.719298245614035,0.0,1.0,0.9546901218632216,1.0041059701135395
-3.7092731829573937,0.0,1.0,0.9149432999273752,1.014469284454489
-3.699248120300752,0.0,1.0,0.8757432797418192,1.0308794650586397
-3.68922305764411,0.0,1.0,0.8373420654359258,1.0529152073533012
-3.6791979949874687,0.0,1.0,0.7999865258769099,1.080010779661576
-3.6691729323308273,0.0,1.0,0.7639168076304903,1.1114705474387578
-3.6591478696741855,0.0,1.0,0.7293647911370403,1.1464868325525956
-3.6491228070175437,0.0,1.0,0.6965526000279583,1.1841606490995844
-3.6390977443609023,0.0,1.0,0.6656911731653699,1.2235247833990934
-3.629072681704261,0.0,1.0,0.6369789085850608,1.2635686256241874
-3.619047619047619,0.0,1.0,0.6106003880602937,1.3032641155575877
-3.6090225563909772,0.0,1.0,0.586725190485863,1.3415921363578924
-3.598997493734336,0.0,1.0,0.5655068017107516,1.37756867871924
-3.5889724310776945,0.0,1.0,0.5470816278277262,1.4102701037023646
-3.5789473684210527,0.0,1.0,0.5315681182631106,1.4388568556551262
-3.568922305764411,0.0,1.0,0.5190660043041042,1.4625950164320398
-3.5588972431077694,0.0,1.0,0.5096556579589009,1.480875147543437
-3.548872180451128,0.0,1.0,0.503397575271292,1.4932279364928642
-3.5388471177944862,0.0,1.0,0.5003319874113576,1.4993362456085675
-3.5288220551378444,0.0,1.0,0.5004786020424101,1.4990432540350098
-3.518796992481203,0.0,1.0,0.5038364766268622,1.4923564838520926
-3.5087719298245617,0.0,1.0,0.5103840244854927,1.4794476069580451
-3.49874686716792,0.0,1.0,0.5200791535711602,1.4606480376739481
-3.488721804511278,0.0,1.0,0.5328595370648268,1.4364404242225757
-3.4786967418546366,0.0,1.0,0.5486430140543267,1.4074462575239255
-3.4686716791979952,0.0,1.0,0.5673281177200423,1.3744099154313631
-3.4586466165413534,0.0,1.0,0.588794727631955,1.3381795520465563
-3.4486215538847116,0.0,1.0,0.6129048419646619,1.299685322748807
-3.43859649122807,0.0,1.0,0.6395034646660507,1.2599155039755627
-3.428571428571429,0.0,1.0,0.6684196018763083,1.2198911208397316
-3.418546365914787,0.0,1.0,0.6994673611916074,1.1806397339782717
-3.408521303258145,0.0,1.0,0.7324471467056655,1.1431690586118795
-3.398496240601504,0.0,1.0,0.7671469421466539,1.1084410931033075
-3.3884711779448624,0.0,1.0,0.8033436738605795,1.0773474212213083
-3.3784461152882206,0.0,1.0,0.8408046448789616,1.050686322184227
-3.3684210526315788,0.0,1.0,0.8792890308516532,1.0291422761454663
-3.3583959899749374,0.0,1.0,0.9185494282279527,1.0132683912839868
-3.348370927318296,0.0,1.0,0.9583334447332476,1.0034722036555948
-3.338345864661654,0.0,1.0,0.9983853219165277,1.0000052143706264
-3.3283208020050123,0.0,1.0,1.0384475793379484,1.0029564327138958
-3.318295739348371,0.0,1.0,1.0782626698265034,1.0122500909767447
-3.3082706766917296,0.0,1.0,1.1175746351666913,1.027647589669161
-3.2982456140350878,0.0,1.0,1.1561307515702985,1.0487536231718124
-3.288220551378446,0.0,1.0,1.193683154355106,1.0750263285618877
-3.2781954887218046,0.0,1.0,1.229990431385997,1.105791197058234
-3.268170426065163,0.0,1.0,1.264819175034745,1.140258390932166
-3.2581453634085213,0.0,1.0,1.297945482681437,1.1775430213005487
-3.2481203007518795,0.0,1.0,1.3291563961112978,1.216687866201955
-3.238095238095238,0.0,1.0,1.3582512705535195,1.256687945706422
-3.2280701754385968,0.0,1.0,1.3850430645609757,1.2965163231330155
-3.218045112781955,0.0,1.0,1.4093595424386045,1.3351504699710872
-3.208020050125313,0.0,1.0,1.4310443814904494,1.3715985176289682
-3.1979949874686717,0.0,1.0,1.4499581769672278,1.4049247220393424
-3.1879699248120303,0.0,1.0,1.4659793382539448,1.4342734873591685
-3.1779448621553885,0.0,1.0,1.4790048705362497,1.4588913319948988
-3.1679197994987467,0.0,1.0,1.4889510369204657,1.4781462330111972
-3.1578947368421053,0.0,1.0,1.4957538967507362,1.4915438522870792
-3.147869674185464,0.0,1.0,1.4993697166626236,1.4987402278394182
-3.137844611528822,0.0,1.0,1.499775251730627,1.4995506044848232
-3.1278195488721803,0.0,1.0,1.4969678949022176,1.4939541771270832
-3.117794486215539,0.0,1.0,1.4909656937577291,1.4820946248940166
-3.1077694235588975,0.0,1.0,1.4818072344883564,1.4642764224106362
-3.0977443609022557,0.0,1.0,1.4695513938381322,1.4409570229106654
-3.087719298245614,0.0,1.0,1.4542769606045658,1.4127351138722446
-3.0776942355889725,0.0,1.0,1.436082129131193,1.3803352466951888
-3.067669172932331,0.0,1.0,1.415083868048202,1.3445892350277144
-3.0576441102756893,0.0,1.0,1.3914171683193075,1.3064147993102102
-3.0476190476190474,0.0,1.0,1.3652341754289263,1.2667920058024955
-3.037593984962406,0.0,1.0,1.3367032112885393,1.2267381049840296
-3.0275689223057647,0.0,1.0,1.3060076921500827,1.1872814153100395
-3.017543859649123,0.0,1.0,1.2733449494827593,1.1494349228154646
-3.007518796992481,0.0,1.0,1.2389249613934643,1.1141702743537367
-2.9974937343358397,0.0,1.0,1.2029690027460975,1.0823928321514908
-2.9874686716791983,0.0,1.0,1.1657082226577178,1.0549184301127594
-2.9774436090225564,0.0,1.0,1.1273821585163497,1.0324524286165688
-2.9674185463659146,0.0,1.0,1.0882371960733401,1.01557160554177
-2.9573934837092732,0.0,1.0,1.0485249855098129,1.0047093484374552
-2.947368421052632,0.0,1.0,1.008500823659826,1.000144528005791
-2.93734335839599,0.0,1.0,0.9684220127903935,1.0019943385524201
-2.927318295739348,0.0,1.0,0.9285462064892334,1.0102112892141586
-2.917293233082707,0.0,1.0,0.8891297532939835,1.024584423209306
-2.9072681704260654,0.0,1.0,0.8504260487111579,1.0447447338083138
-2.8972431077694236,0.0,1.0,0.8126839062191828,1.0701746379786077
-2.887218045112782,0.0,1.0,0.7761459577277954,1.100221264483212
-2.8771929824561404,0.0,1.0,0.7410470937767205,1.1341132152829652
-2.867167919799499,0.0,1.0,0.7076129535010902,1.170980369920711
-2.857142857142857,0.0,1.0,0.6760584740711275,1.2098762244422527
-2.8471177944862154,0.0,1.0,0.646586508931267,1.2498021913387787
-2.837092731829574,0.0,1.0,0.6193865237215979,1.2897332366494596
-2.8270676691729326,0.0,1.0,0.5946333782651294,1.3286441960334834
-2.817042606516291,0.0,1.0,0.5724862024510904,1.3655360941893802
-2.807017543859649,0.0,1.0,0.5530873732408363,1.399461791913551
-2.7969924812030076,0.0,1.0,0.5365615993728532,1.4295503023516958
-2.786967418546366,0.0,1.0,0.5230151196509993,1.4550291521631011
-2.7769423558897244,0.0,1.0,0.5125350199699291,1.4752442135114348
-2.7669172932330826,0.0,1.0,0.5051886734683138,1.489676497728094
-2.756892230576441,0.0,1.0,0.5010233074089311,1.4979554794982441
-2.7468671679198,0.0,1.0,0.5000656995700148,1.4998686094928373
-2.736842105263158,0.0,1.0,0.5023220060996636,1.4953667712253265
-2.726817042606516,0.0,1.0,0.5077777219399745,1.4845655420372021
-2.7167919799498748,0.0,1.0,0.5163977740753227,1.467742225838605
-2.7067669172932334,0.0,1.0,0.5281267470053286,1.4453287337835465
-2.6967418546365916,0.0,1.0,0.5428892389930124,1.4179004956567745
-2.6867167919799497,0.0,1.0,0.56059034679794,1.3861616866543094
-2.6766917293233083,0.0,1.0,0.5811162757781643,1.3509271488359098
-2.666666666666667,0.0,1.0,0.6043350714388238,1.3131014713866414
-2.656641604010025,0.0,1.0,0.630097467724499,1.273655766767656
-2.6466165413533833,0.0,1.0,0.6582378466019397,1.2336027389905586
-2.636591478696742,0.0,1.0,0.6885753027643204,1.1939706840966695
-2.6265664160401005,0.0,1.0,0.7209148066123887,1.1557770903364009
-2.6165413533834587,0.0,1.0,0.7550484580360713,1.1200025158210125
-2.606516290726817,0.0,1.0,0.7907568229363908,1.0875654142953457
-2.5964912280701755,0.0,1.0,0.8278103438956359,1.0592985553386784
-2.586466165413534,0.0,1.0,0.8659708159270441,1.0359276443665246
-2.5764411027568923,0.0,1.0,0.9049929178168745,1.0180526913299024
-2.5664160401002505,0.0,1.0,0.9446257892143807,1.0061326064402605
-2.556390977443609,0.0,1.0,0.9846146433310919,1.000473418399659
-2.5463659147869677,0.0,1.0,1.0247024048818825,1.0012204176138968
-2.536340852130326,0.0,1.0,1.0646313627380297,1.0083544260987496
-2.526315789473684,0.0,1.0,1.104144826667905,1.021692289843376
-2.5162907268170427,0.0,1.0,1.1429887775146559,1.0408915809902715
-2.5062656641604013,0.0,1.0,1.1809135002024214,1.0654593891109831
-2.4962406015037595,0.0,1.0,1.2176751890730093,1.0947649758759406
-2.4862155388471177,0.0,1.0,1.2530375152328566,1.128055968230436
-2.4761904761904763,0.0,1.0,1.286773145834319,1.1644776743434233
-2.466165413533835,0.0,1.0,1.3186652055243182,1.203095026423712
-2.456140350877193,0.0,1.0,1.348508670665164,1.2429165870575998
-2.4461152882205512,0.0,1.0,1.376111687364571,1.2829200027444494
-2.43609022556391,0.0,1.0,1.4012968048416856,1.3220782511522917
-2.4260651629072685,0.0,1.0,1.423902116200215,1.3593860082380411
-2.4160401002506267,0.0,1.0,1.4437822992749905,1.3938854582995943
-2.406015037593985,0.0,1.0,1.460809550860712,1.4246908843289023
-2.3959899749373434,0.0,1.0,1.4748744083170255,1.45101140734889
-2.385964912280702,0.0,1.0,1.4858864532680933,1.4721712909388942
-2.3759398496240602,0.0,1.0,1.4937748928728065,1.487627289663103
-2.3659147869674184,0.0,1.0,1.4984890149288423,1.496982596009455
-2.355889724310777,0.0,1.0,1.499998513884855,1.4999970277741272
-2.3458646616541357,0.0,1.0,1.49829368566497,1.49659319434716
-2.335839598997494,0.0,1.0,1.4933854900531165,1.486858483589908
-2.325814536340852,0.0,1.0,1.4853054802361576,1.471042818294495
-2.3157894736842106,0.0,1.0,1.474105599958755,1.4495522398245018
-2.3057644110275692,0.0,1.0,1.4598578495939947,1.422938483666426
-2.2957393483709274,0.0,1.0,1.4426538232765007,1.3918848145226073
-2.2857142857142856,0.0,1.0,1.422604120073654,1.3571884846064548
-2.275689223057644,0.0,1.0,1.3998376329803024,1.319740265494582
-2.265664160401003,0.0,1.0,1.3745007203077835,1.280501579022097
-2.255639097744361,0.0,1.0,1.346756264794134,1.2404798143479592
-2.245614035087719,0.0,1.0,1.3167826264841584,1.2007024648844038
-2.235588972431078,0.0,1.0,1.2847724961109401,1.1621907490825107
-2.2255639097744364,0.0,1.0,1.2509316563500366,1.1259333923171457
-2.2155388471177946,0.0,1.0,1.2154776589098573,1.0928612429785454
-2.2055137844611528,0.0,1.0,1.1786384259627731,1.0638233744609142
-2.1954887218045114,0.0,1.0,1.1406507849078937,1.0395652865904133
-2.18546365914787,0.0,1.0,1.101758945885048,1.0207097661352722
-2.175438596491228,0.0,1.0,1.0622129318275437,1.0077408977731572
-2.1654135338345863,0.0,1.0,1.022266971146375,1.000991636008067
-2.155388471177945,0.0,1.0,0.9821778633787802,1.0006352571074908
-2.1453634085213036,0.0,1.0,0.9422033283078702,1.0066809105173757
-2.1353383458646618,0.0,1.0,0.9026003491663013,1.0189733839650528
-2.12531328320802,0.0,1.0,0.8636235205749914,1.0371970882807195
-2.1152882205513786,0.0,1.0,0.8255234118374347,1.0608841596336989
-2.105263157894737,0.0,1.0,0.7885449561114669,1.089426471171803
-2.0952380952380953,0.0,1.0,0.7529258758139776,1.12209124568458
-2.0852130325814535,0.0,1.0,0.7188951543811215,1.158039868460827
-2.075187969924812,0.0,1.0,0.6866715642085758,1.1963494173510014
-2.0651629072681708,0.0,1.0,0.6564622602352446,1.2360363572853537
-2.055137844611529,0.0,1.0,0.6284614482118036,1.2760817909297406
-2.045112781954887,0.0,1.0,0.6028491362153481,1.3154576172097903
-2.0350877192982457,0.0,1.0,0.5797899774362418,1.3531529261260684
-2.0250626566416043,0.0,1.0,0.5594322116765205,1.3881999522164845
-2.0150375939849625,0.0,1.0,0.5419067123646134,1.419698920353194
-2.0050125313283207,0.0,1.0,0.5273261452128089,1.4468411459987653
-1.9949874686716793,0.0,1.0,0.5157842439261775,1.468929796860287
-1.984962406015038,0.0,1.0,0.5073552076191901,1.4853977829198628
-1.974937343358396,0.0,1.0,0.50209322381384,1.4958223155441894
-1.9649122807017543,0.0,1.0,0.500032120085761,1.4999357618918778
-1.954887218045113,0.0,1.0,0.5011851465977862,1.497632515949344
-1.9448621553884715,0.0,1.0,0.5055448909189798,1.4889717097926471
-1.9348370927318297,0.0,1.0,0.5130833256767353,1.4741756954680565
-1.9248120300751879,0.0,1.0,0.5237519887356006,1.453624336466591
-1.9147869674185465,0.0,1.0,0.5374822947445224,1.4278452553495857
-1.904761904761905,0.0,1.0,0.5541859760496737,1.3975002879015643
-1.8947368421052633,0.0,1.0,0.5737556501383763,1.3633684915779165
-1.8847117794486214,0.0,1.0,0.5960655099662086,1.3263261444777183
-1.87468671679198,0.0,1.0,0.6209721327294135,1.2873242483353786
-1.8646616541353387,0.0,1.0,0.6483154018832737,1.2473641131050466
-1.8546365914786969,0.0,1.0,0.6779195364790906,1.2074716499636875
-1.844611528822055,0.0,1.0,0.7095942212025017,1.168671032717963
-1.8345864661654137,0.0,1.0,0.7431358298484926,1.131958403815245
-1.8245614035087723,0.0,1.0,0.7783287343677798,1.0982763000139806
-1.8145363408521304,0.0,1.0,0.8149466910691268,1.0684894542925303
-1.8045112781954886,0.0,1.0,0.8527542950661522,1.0433625952429315
-1.7944862155388472,0.0,1.0,0.8915084936184793,1.023540813913863
-1.7844611528822059,0.0,1.0,0.93096014863844,1.0095330021520525
-1.774436090225564,0.0,1.0,0.9708556383184842,1.001698787635646
-1.7644110275689222,0.0,1.0,1.0109384875829583,1.0002393010212052
-1.7543859649122808,0.0,1.0,1.0509510168826215,1.0051920122427465
-1.7443609022556394,0.0,1.0,1.090635998732327,1.0164297685324128
-1.7343358395989976,0.0,1.0,1.1297383113425274,1.0336640588600212
-1.7243107769423558,0.0,1.0,1.1680065787139464,1.056452420982331
-1.7142857142857144,0.0,1.0,1.2051947866517985,1.0842098009381542
-1.704260651629073,0.0,1.0,1.2410638643107166,1.1162235733528312
-1.6942355889724312,0.0,1.0,1.2753832211031473,1.1516718369302898
-1.6842105263157894,0.0,1.0,1.307932229090937,1.1896445154258266
-1.674185463659148,0.0,1.0,1.338501641330307,1.2291667223666238
-1.6641604010025066,0.0,1.0,1.3668949370521297,1.2692237896689724
-1.6541353383458648,0.0,1.0,1.3929295850297772,1.3087873175833455
-1.644110275689223,0.0,1.0,1.416438217012772,1.346841577177553
-1.6340852130325816,0.0,1.0,1.4372697036826199,1.3824095875173725
-1.6240601503759402,0.0,1.0,1.4552901262138502,1.4145781980556476
-1.6140350877192984,0.0,1.0,1.4703836371944117,1.4425215322804879
-1.6040100250626566,0.0,1.0,1.482453205370855,1.4655221907452247
-1.5939849624060152,0.0,1.0,1.4914212394305788,1.4829896691269724
-1.5839598997493738,0.0,1.0,1.497230086811042,1.4944755184602325
-1.573934837092732,0.0,1.0,1.4998424043292604,1.4996848583313118
-1.5639097744360901,0.0,1.0,1.4992413982489377,1.4984839474511087
-1.5538847117794488,0.0,1.0,1.495430932241911,1.4909036172441783
-1.5438596491228074,0.0,1.0,1.4884355025498677,1.4771384803022838
-1.5338345864661656,0.0,1.0,1.4783000805060047,1.4575419340241011
-1.5238095238095237,0.0,1.0,1.4650898234290142,1.4326170877144633
-1.5137844611528823,0.0,1.0,1.4488896557479585,1.4030038460750414
-1.503759398496241,0.0,1.0,1.4298037230508442,1.3694624806967337
-1.4937343358395991,0.0,1.0,1.4079547225666464,1.3328541113288588
-1.4837092731829573,0.0,1.0,1.3834831143848905,1.29411859803667
-1.473684210526316,0.0,1.0,1.3565462184836021,1.2542504118299131
-1.4636591478696745,0.0,1.0,1.3273172033705367,1.2142731032446183
-1.4536340852130327,0.0,1.0,1.2959839728393912,1.175213024355579
-1.443609022556391,0.0,1.0,1.2627479579976766,1.1380729788638977
-1.4335839598997495,0.0,1.0,1.2278228223319,1.103806476750545
-1.4235588972431081,0.0,1.0,1.1914330881347772,1.0732932544656348
-1.4135338345864663,0.0,1.0,1.15381269312473,1.0473166891325647
-1.4035087719298245,0.0,1.0,1.115203486536689,1.026543686620418
-1.393483709273183,0.0,1.0,1.0758536743523333,1.0115075598254997
-1.3834586466165417,0.0,1.0,1.0360162236648787,1.0025943367341572
-1.3734335839599,0.0,1.0,0.995947236436244,1.0000328497850075
-1.363408521303258,0.0,1.0,0.9559043031011685,1.0038888609699872
-1.3533834586466167,0.0,1.0,0.9161448466024172,1.0140633735026643
-1.3433583959899753,0.0,1.0,0.8769244675027381,1.0302951733989691
-1.3333333333333335,0.0,1.0,0.8384953008123109,1.0521675357194118
-1.3233082706766917,0.0,1.0,0.8011043950951029,1.07911892330097
-1.3132832080200503,0.0,1.0,0.764992124274319,1.1104574033061942
-1.303258145363409,0.0,1.0,0.7303906423469376,1.1453784114681937
-1.293233082706767,0.0,1.0,0.6975223909414765,1.182985407963522
-1.2832080200501252,0.0,1.0,0.6665986693134007,1.2223128946071904
-1.2731829573934839,0.0,1.0,0.6378182759712044,1.2623512024409411
-1.2631578947368425,0.0,1.0,0.6113662306657135,1.3020724133339507
-1.2531328320802007,0.0,1.0,0.5874125849585262,1.3404567501012106
-1.2431077694235588,0.0,1.0,0.5661113290160549,1.3765187576164282
-1.2330827067669174,0.0,1.0,0.5475994016570275,1.409332602762159
-1.223057644110276,0.0,1.0,0.5319958100175362,1.4380558436822843
-1.2130325814536342,0.0,1.0,0.5194008644930228,1.4619510581001076
-1.2030075187969924,0.0,1.0,0.5098955338755032,1.480404775430356
-1.192982456140351,0.0,1.0,0.50354092483164,1.4929432266340468
-1.1829573934837097,0.0,1.0,0.5003778890679371,1.499244507464421
-1.1729323308270678,0.0,1.0,0.5004267607084598,1.499146842832485
-1.162907268170426,0.0,1.0,0.5036872255733897,1.4926527401180787
-1.1528822055137846,0.0,1.0,0.5101383231987844,1.4799289247969973
-1.1428571428571432,0.0,1.0,0.5197385815845562,1.4613020600368278
-1.1328320802005014,0.0,1.0,0.5324262838044189,1.4372503601538917
-1.1228070175438596,0.0,1.0,0.5481198647638518,1.4083913132420793
-1.1127819548872182,0.0,1.0,0.5667184355554588,1.3754658281750183
-1.1027568922305768,0.0,1.0,0.5881024320408117,1.3393192129813882
-1.092731829573935,0.0,1.0,0.6121343834892528,1.3008794729425242
-1.0827067669172932,0.0,1.0,0.6386597963323293,1.2611334855731875
-1.0726817042606518,0.0,1.0,0.667508147352499,1.221101664153935
-1.0626566416040104,0.0,1.0,0.6984939799212151,1.1818117602874973
-1.0526315789473686,0.0,1.0,0.7314180962390304,1.1442724780557334
-1.0426065162907268,0.0,1.0,0.7660688379132007,1.1094475771905608
-1.0325814536340854,0.0,1.0,0.8022234466403787,1.0782311301176222
-1.022556390977444,0.0,1.0,0.8396494962470102,1.051424568107675
-1.0125313283208022,0.0,1.0,0.8781063868813048,1.0297161058382602
-1.0025062656641603,0.0,1.0,0.9173468917511132,1.0136630726064044
-0.992481203007519,0.0,1.0,0.9571187464642474,1.003677603809595
-0.9824561403508776,0.0,1.0,0.9971662707538882,1.0000160600428805
-0.9724310776942358,0.0,1.0,1.0372320121635261,1.00277244545949
-0.9624060150375939,0.0,1.0,1.0770584011247322,1.0118759943678002
-0.9523809523809526,0.0,1.0,1.1163894067878104,1.0270929880248367
-0.9423558897243112,0.0,1.0,1.1549721829605288,1.0480327549831032
-0.9323308270676693,0.0,1.0,1.1925586935737216,1.0741577009416368
-0.9223057644110275,0.0,1.0,1.2289073072241807,1.1047971106012509
-0.9122807017543861,0.0,1.0,1.2637843505440476,1.13916436718389
-0.9022556390977448,0.0,1.0,1.2969656104105949,1.1763771475330744
-0.8922305764411029,0.0,1.0,1.3282377753391739,1.21548007431922
-0.8822055137844611,0.0,1.0,1.3573998067930921,1.2554692437914792
-0.8721804511278197,0.0,1.0,1.3842642315947216,1.2953179993661634
-0.8621553884711783,0.0,1.0,1.408658347129342,1.3340032893569715
-0.8521303258145365,0.0,1.0,1.430425331593854,1.3705319321553584
-0.8421052631578947,0.0,1.0,1.4494252521529405,1.4039661145454685
-0.8320802005012533,0.0,1.0,1.4655359645215742,1.4334474685260647
-0.8220551378446119,0.0,1.0,1.4786538981907413,1.458219108506385
-0.8120300751879701,0.0,1.0,1.4886947222484221,1.4776450631069251
-0.8020050125313283,0.0,1.0,1.4955938875154875,1.4912266026854275
-0.7919799498746869,0.0,1.0,1.4993070415112935,1.498615043405521
-0.7819548872180455,0.0,1.0,1.499810313581297,1.499620699124469
-0.7719298245614037,0.0,1.0,1.497100468353699,1.494217751274934
-0.7619047619047619,0.0,1.0,1.4911949265385926,1.482544911714507
-0.7518796992481205,0.0,1.0,1.4821316529359083,1.4649018615254221
-0.7418546365914791,0.0,1.0,1.4699689123721091,1.4417415571924463
-0.7318295739348373,0.0,1.0,1.4547848951346496,1.4136586016852684
-0.7218045112781954,0.0,1.0,1.4366772143121498,1.3813739789988384
-0.7117794486215541,0.0,1.0,1.4157622782717239,1.3457165440673886
-0.7017543859649127,0.0,1.0,1.3921745423075969,1.3076017432683462
-0.6917293233082709,0.0,1.0,1.3660656442719252,1.2680081118324393
-0.681704260651629,0.0,1.0,1.3376034297445631,1.2279521515505842
-0.6716791979949877,0.0,1.0,1.3069708730086367,1.188462233751369
-0.6616541353383463,0.0,1.0,1.2743649007686233,1.150552197547553
-0.6516290726817044,0.0,1.0,1.2399951261728754,1.1151953211734689
-0.6416040100250626,0.0,1.0,1.20408250127914,1.0832993346567004
-0.6315789473684212,0.0,1.0,1.1668578966259264,1.0556831153328567
-0.6215538847117799,0.0,1.0,1.1285606170412004,1.0330556645080284
-0.611528822055138,0.0,1.0,1.0894368632297893,1.015997905008768
-0.6015037593984962,0.0,1.0,1.0497381490294502,1.0049477669377516
-0.5914786967418548,0.0,1.0,1.009719684510533,1.0001889445339687
-0.5814536340852134,0.0,1.0,0.9696387353137701,1.0018436127866945
-0.5714285714285716,0.0,1.0,0.9297529687734845,1.0098692907922782
-0.5614035087719298,0.0,1.0,0.8903187974584389,1.024059932381926
-0.5513784461152884,0.0,1.0,0.8515897307791576,1.0440512160204058
-0.541353383458647,0.0,1.0,0.8138147452587028,1.0693298981661634
-0.5313283208020052,0.0,1.0,0.7772366839439138,1.0992469899606074
-0.5213032581453634,0.0,1.0,0.742090695246759,1.1330344189566004
-0.511278195488722,0.0,1.0,0.7086027212519778,1.1698247481235051
-0.5012531328320806,0.0,1.0,0.6769880452091945,1.2086734458755548
-0.4912280701754388,0.0,1.0,0.6474499075472082,1.248583135376944
-0.48120300751879697,0.0,1.0,0.620178199307645,1.288529200562366
-0.4711779448621556,0.0,1.0,0.5953482413974551,1.3274860914802644
-0.4611528822055142,0.0,1.0,0.5731196575080502,1.3644536536120888
-0.4511278195488724,0.0,1.0,0.5536353479467166,1.3984828052052976
-0.44110275689223055,0.0,1.0,0.5370205709772052,1.4286999033965462
-0.43107769423558917,0.0,1.0,0.5233821375752525,1.454329173564671
-0.4210526315789478,0.0,1.0,0.5128077247756953,1.4747126260764696
-0.41102756892230596,0.0,1.0,0.5053653120254451,1.4893269490953707
-0.40100250626566414,0.0,1.0,0.5011027441658233,1.4977969437577439
-0.39097744360902276,0.0,1.0,0.5000474238536976,1.4999051567906485
-0.3809523809523814,0.0,1.0,0.5022061353987493,1.4955974632692968
-0.37092731829573955,0.0,1.0,0.5075650011493626,1.4849844561860546
-0.3609022556390977,0.0,1.0,0.5160895707075146,1.468338607156075
-0.35087719298245634,0.0,1.0,0.5277250423991346,1.4460872711537984
-0.34085213032581496,0.0,1.0,0.5423966155761724,1.418801714872283
-0.33082706766917314,0.0,1.0,0.5600099714855394,1.3871824503843118
-0.3208020050125313,0.0,1.0,0.5804518796135716,1.35204125063957
-0.31077694235588993,0.0,1.0,0.6035909256080279,1.3142803085206003
-0.30075187969924855,0.0,1.0,0.629278356098051,1.2748690745147269
-0.2907268170426067,0.0,1.0,0.6573490349810138,1.234819367656885
-0.2807017543859649,0.0,1.0,0.6876225050285957,1.1951593987292195
-0.2706766917293235,0.0,1.0,0.7199041479873797,1.1569073726293515
-0.26065162907268213,0.0,1.0,0.7539864357160555,1.121045347623381
-0.2506265664160403,0.0,1.0,0.7896502643160714,1.0884940226045972
-0.24060150375939848,0.0,1.0,0.8266663626790482,1.0600890996538226
-0.2305764411027571,0.0,1.0,0.8647967663958716,1.0365598287540252
-0.22055137844611572,0.0,1.0,0.9037963475521763,1.0185102854886032
-0.2105263157894739,0.0,1.0,0.9434143905756613,1.0064038623878475
-0.20050125313283207,0.0,1.0,0.9833962040046307,1.0005513720829118
-0.1904761904761907,0.0,1.0,1.0234847578162372,1.0011030676993746
-0.1804511278195493,0.0,1.0,1.0634223357885726,1.0080447853537569
-0.17042606516290748,0.0,1.0,1.1029521922740992,1.0211983077880862
-0.16040100250626566,0.0,1.0,1.141820202733577,1.040225939806786
-0.15037593984962427,0.0,1.0,1.1797764974197482,1.0646391780490254
-0.1403508771929829,0.0,1.0,1.2165770677083523,1.0938112525142965
-0.13032581453634107,0.0,1.0,1.2519853347498895,1.1269932178580278
-0.12030075187969924,0.0,1.0,1.2857736703577887,1.163333181339524
-0.11027568922305786,0.0,1.0,1.3177248603556921,1.201898173776088
-0.10025062656641648,0.0,1.0,1.3476335009764693,1.2416981020023137
-0.09022556390977465,0.0,1.0,1.3753073193359584,1.2817111678942863
-0.08020050125313283,0.0,1.0,1.400568409492554,1.3209101013667885
-0.07017543859649145,0.0,1.0,1.4232543761464116,1.3582885338541761
-0.060150375939850065,0.0,1.0,1.443219378625807,1.3928868351788928
-0.05012531328320824,0.0,1.0,1.4603350684491865,1.4238167504882346
-0.040100250626566414,0.0,1.0,1.4744914144356445,1.450284204746277
-0.030075187969925032,0.0,1.0,1.4855974100594562,1.4716096893129036
-0.02005012531328365,0.0,1.0,1.493581658501317,1.4872457072178216
-0.010025062656641825,0.0,1.0,1.4983928316351764,1.4967908292506586
0.0,2.5,1.0,1.5,1.5
0.0,2.5,1.0,1.15,1.045
0.010025062656641603,0.0,1.0,1.1498115984248938,1.0448870300452433
0.020050125313283207,0.0,1.0,1.149246866968289,1.0445492545997002
0.03007518796992481,0.0,1.0,1.1483072242474641,1.0439900655279752
0.040100250626566414,0.0,1.0,1.1469950306646681,1.0432150780802134
0.05012531328320802,0.0,1.0,1.1453135824777387,1.042232074505029
0.06015037593984962,0.0,1.0,1.1432671035198345,1.041050925901926
0.07017543859649122,0.0,1.0,1.1408607345890767,1.0396834930979486
0.08020050125313283,0.0,1.0,1.138100520534756,1.0381435075439411
0.09022556390977443,0.0,1.0,1.134993395072546,1.036446433426425
0.10025062656641603,0.0,1.0,1.1315471633668612,1.0346093123797353
0.11027568922305764,0.0,1.0,1.1277704824241224,1.032650592357786
0.12030075187969924,0.0,1.0,1.1236728393461732,1.0305899423838887
0.13032581453634084,0.0,1.0,1.1192645274984818,1.0284480550388722
0.14035087719298245,0.0,1.0,1.1145566206529902,1.0262464386708663
0.15037593984962405,0.0,1.0,1.1095609451705675,1.0240072014133361
0.16040100250626566,0.0,1.0,1.1042900502929411,1.0217528291802083
0.17042606516290726,0.0,1.0,1.0987571766187403,1.01950595986741
0.18045112781954886,0.0,1.0,1.0929762228428328,1.0172891560282402
0.19047619047619047,0.0,1.0,1.086961710842512,1.0151246783053134
0.20050125313283207,0.0,1.0,1.0807287491982356,1.0130342618942232
0.21052631578947367,0.0,1.0,1.0742929952405553,1.0110388982836263
0.22055137844611528,0.0,1.0,1.0676706157185727,1.0091586244634614
0.23057644110275688,0.0,1.0,1.0608782461887265,1.0074123217180304
0.24060150375939848,0.0,1.0,1.0539329492259246,1.0058175260244124
0.2506265664160401,0.0,1.0,1.0468521715619992,1.00439025196015
0.2606516290726817,0.0,1.0,1.0396537002591482,1.0031448318884848
0.2706766917293233,0.0,1.0,1.032355618028462,1.0020937720360075
0.2807017543859649,0.0,1.0,1.024976257805775,1.001247626907961
0.2907268170426065,0.0,1.0,1.0175341566989429,1.0006148933022863
0.3007518796992481,0.0,1.0,1.010048009422241,1.000201924986699
0.3107769423558897,0.0,1.0,1.0025366213348479,1.0000128688955927
0.3208020050125313,0.0,1.0,0.9950188612013892,1.000049623487462
0.3308270676691729,0.0,1.0,0.9875136137932035,1.0003118196810106
0.3408521303258145,0.0,1.0,0.980039732449401,1.000796824561383
0.3508771929824561,0.0,1.0,0.9726159917168796,1.0014997678193
0.3609022556390977,0.0,1.0,0.9652610401882682,1.0024135906576022
0.37092731829573933,0.0,1.0,0.9579933536562713,1.0035291166740943
0.38095238095238093,0.0,1.0,0.9508311887020887,1.0048351440088992
0.39097744360902253,0.0,1.0,0.9437925368345013,1.0063185578310019
0.40100250626566414,0.0,1.0,0.9368950792948216,1.0079644620344137
0.41102756892230574,0.0,1.0,0.9301561426412462,1.0097563288215
0.42105263157894735,0.0,1.0,0.9235926552241757,1.0116761646713834
0.43107769423558895,0.0,1.0,0.9172211046618445,1.0137046910268106
0.44110275689223055,0.0,1.0,0.9110574964230767,1.0158215378850621
0.45112781954887216,0.0,1.0,0.9051173136212125,1.0180054483489107
0.46115288220551376,0.0,1.0,0.8994154781202025,1.0202344920835749
0.47117794486215536,0.0,1.0,0.8939663130505718,1.0224862855361787
0.48120300751879697,0.0,1.0,0.8887835068294156,1.0247382167063253
0.49122807017543857,0.0,1.0,0.8838800787748078,1.0269676722106897
0.5012531328320802,0.0,1.0,0.8792683464010002,1.0291522643614979
0.5112781954887218,0.0,1.0,0.8749598944765689,1.0312700559786216
0.5213032581453634,0.0,1.0,0.8709655459232315,1.0332997806777793
0.531328320802005,0.0,1.0,0.8672953346284411,1.0352210564227549
0.5413533834586466,0.0,1.0,0.86395848024005,1.0370145901971937
0.5513784461152882,0.0,1.0,0.8609633650063602,1.0386623717407093
0.5614035087719298,0.0,1.0,0.8583175127197404,1.0401478544038418
0.5714285714285714,0.0,1.0,0.8560275698167015,1.0414561213057696
0.581453634085213,0.0,1.0,0.8540992886819078,1.0425740351262505
0.5914786967418546,0.0,1.0,0.8525375131980665,1.0434903700276208
0.6015037593984962,0.0,1.0,0.8513461665779926,1.044195924382116
0.6115288220551378,0.0,1.0,0.8505282415094156,1.0446836131725352
0.6215538847117794,0.0,1.0,0.8500857926372855,1.044948539138382
0.631578947368421,0.0,1.0,0.8500199314024609,1.044988041953045
0.6416040100250626,0.0,1.0,0.8503308232497471,1.044801724938197
0.6516290726817042,0.0,1.0,0.8510176872122943,1.0443914590471475
0.6616541353383458,0.0,1.0,0.8520787978734037,1.0437613640771548
0.6716791979949874,0.0,1.0,0.8535114897008097,1.042917767299352
0.681704260651629,0.0,1.0,0.8553121637425533,1.0418691399217235
0.6917293233082706,0.0,1.0,0.8574762966676248,1.0406260120231499
0.7017543859649122,0.0,1.0,0.8599984521286668,1.0392008668127384
0.7117794486215538,0.0,1.0,0.8628722944181921,1.037608015276262
0.7218045112781954,0.0,1.0,0.8660906043840149,1.0358634524684769
0.731829573934837,0.0,1.0,0.8696452975639117,1.0339846968944022
0.7418546365914787,0.0,1.0,0.8735274444939614,1.031990614592456
0.7518796992481203,0.0,1.0,0.8777272931395447,1.0299012296859658
0.7619047619047619,0.0,1.0,0.8822342933926615,1.0277375233054515
0.7719298245614035,0.0,1.0,0.8870371235740222,1.0255212229008615
0.7819548872180451,0.0,1.0,0.8921237188733454,1.023274584059434
0.7919799498746867,0.0,1.0,0.8974813016564133,1.0210201670201267
0.8020050125313283,0.0,1.0,0.9030964135627579,1.0187806101288002
0.8120300751879699,0.0,1.0,0.9089549493133454,1.016578402509071
0.8220551378446115,0.0,1.0,0.9150421921433326,1.0144356582316207
0.8320802005012531,0.0,1.0,0.9213428507708901,1.012373894249701
0.8421052631578947,0.0,1.0,0.9278410978092224,1.0104138143307564
0.8521303258145363,0.0,1.0,0.9345206095252971,1.0085751011538773
0.8621553884711779,0.0,1.0,0.9413646068454041,1.006876218660788
0.8721804511278195,0.0,1.0,0.9483558975045416,1.0053342266451228
0.8822055137844611,0.0,1.0,0.955476919233747,1.0039646094418366
0.8922305764411027,0.0,1.0,0.9627097838768849,1.0027811204370172
0.9022556390977443,0.0,1.0,0.9700363223260713,1.0017956439594942
0.9122807017543859,0.0,1.0,0.9774381301628544,1.0010180759410967
0.9223057644110275,0.0,1.0,0.9848966138904995,1.0004562245439452
0.9323308270676691,0.0,1.0,0.9923930376412442,1.000115731752655
0.9423558897243107,0.0,1.0,0.9999085702411911,1.0000000167188017
0.9523809523809523,0.0,1.0,1.0074243325146122,1.000110241426575
0.9624060150375939,0.0,1.0,1.014921444708835,1.0004452990243977
0.9724310776942355,0.0,1.0,1.0223810739205779,1.0010018249396768
0.9824561403508771,0.0,1.0,1.029784481404598,1.0017742306650816
0.9924812030075187,0.0,1.0,1.0371130696458137,1.00275475987707
1.0025062656641603,0.0,1.0,1.044348429076652,1.0039335663231337
1.012531328320802,0.0,1.0,1.05147238432227,1.0052988126956388
1.0225563909774436,0.0,1.0,1.0584670398574776,1.0068367894993917
1.0325814536340852,0.0,1.0,1.0653148249606725,1.0085320527192865
1.0426065162907268,0.0,1.0,1.0719985378518624,1.0103675789056121
1.0526315789473684,0.0,1.0,1.0785013889038972,1.0123249361196818
1.06265664160401,0.0,1.0,1.0848070428183654,1.014384469023192
1.0726817042606516,0.0,1.0,1.0908996596602059,1.0165254962526826
1.0827067669172932,0.0,1.0,1.0967639346479585,1.0187265180971088
1.0927318295739348,0.0,1.0,1.1023851365996957,1.0209654323930768
1.1027568922305764,0.0,1.0,1.1077491449380619,1.023219756469767
1.112781954887218,0.0,1.0,1.1128424851614591,1.0254668529148283
1.1228070175438596,0.0,1.0,1.1176523626922787,1.027684156894151
1.1328320802005012,0.0,1.0,1.1221666950171494,1.0298494027428264
1.1428571428571428,0.0,1.0,1.1263741420384634,1.0319408475519154
1.1528822055137844,0.0,1.0,1.130264134560941,1.033937489505822
1.162907268170426,0.0,1.0,1.1338269008416704,1.0358192787777725
1.1729323308270676,0.0,1.0,1.1370534911369312,1.0375673188656418
1.1829573934837092,0.0,1.0,1.1399358001841389,1.0391640563463505
1.1929824561403508,0.0,1.0,1.142466587562434,1.0405934571433693
1.2030075187969924,0.0,1.0,1.1446394958807724,1.0418411675372878
1.213032581453634,0.0,1.0,1.1464490667478242,1.0428946583026173
1.2230576441102756,0.0,1.0,1.147890754483568,1.043743350523438
1.2330827067669172,0.0,1.0,1.1489609375381336,1.0443787218244796
1.2431077694235588,0.0,1.0,1.1496569275892132,1.044794391950886
1.2531328320802004,0.0,1.0,1.1499769762951813,1.0449861868372907
1.263157894736842,0.0,1.0,1.1499202796869672,1.044952180522837
1.2731829573934836,0.0,1.0,1.1494869801876415,1.0446927144912406
1.2832080200501252,0.0,1.0,1.1486781662546464,1.0442103942416885
1.2932330827067668,0.0,1.0,1.1474958696455675,1.0435100631250045
1.3032581453634084,0.0,1.0,1.145943060314317,1.0425987537078167
1.31328320802005,0.0,1.0,1.1440236389505463,1.0414856171531146
1.3233082706766917,0.0,1.0,1.1417424271810315,1.04018183132634
1.3333333333333333,0.0,1.0,1.1391051554576463,1.038700488549792
1.3433583959899749,0.0,1.0,1.1361184486623466,1.0370564641324878
1.3533834586466165,0.0,1.0,1.1327898094653268,1.0352662669956756
1.363408521303258,0.0,1.0,1.1291275994781564,1.0333478738939823
1.3734335839598997,0.0,1.0,1.1251410182492343,1.0313205488969104
1.3834586466165413,0.0,1.0,1.120840080154332,1.0292046499434107
1.3934837092731829,0.0,1.0,1.116235589240269,1.027021424412065
1.4035087719298245,0.0,1.0,1.1113391120849228,1.024792795759718
1.413533834586466,0.0,1.0,1.1061629487417404,1.0225411433710827
1.4235588972431077,0.0,1.0,1.1007201018417463,1.0202890778300235
1.4335839598997493,0.0,1.0,1.0950242439306612,1.0180592138691877
1.443609022556391,0.0,1.0,1.0890896831231789,1.0158739432779769
1.4536340852130325,0.0,1.0,1.0829313271606815,1.013755210049264
1.463659147869674,0.0,1.0,1.0765646459626814,1.0117242900227814
1.4736842105263157,0.0,1.0,1.070005632766057,1.009801577237952
1.4837092731829573,0.0,1.0,1.0632707639497072,1.0080063791415592
1.493734335839599,0.0,1.0,1.05637695764554,1.006356722706734
1.5037593984962405,0.0,1.0,1.0493415312397711,1.0048691734101707
1.5137844611528821,0.0,1.0,1.042182157871286,1.0035586688853562
1.5238095238095237,0.0,1.0,1.0349168220363434,1.0024383689222354
1.5338345864661653,0.0,1.0,1.0275637744111428,1.0015195233195768
1.543859649122807,0.0,1.0,1.020141486005743,1.000811358917039
1.5538847117794485,0.0,1.0,1.012668601764497,1.0003209869413348
1.5639097744360901,0.0,1.0,1.0051638937295602,1.0000533315969005
1.5739348370927317,0.0,1.0,0.9976462138851258,1.0000110806181493
1.5839598997493733,0.0,1.0,0.9901344468008445,1.0001946582798507
1.593984962406015,0.0,1.0,0.9826474621933902,1.0006022211366596
1.6040100250626566,0.0,1.0,0.975204067525334,1.0012296765345765
1.6140350877192982,0.0,1.0,0.9678229607604036,1.002070723708453
1.6240601503759398,0.0,1.0,0.9605226833938068,1.0031169170528513
1.6340852130325814,0.0,1.0,0.9533215738756039,1.0043577509309014
1.644110275689223,0.0,1.0,0.9462377215441389,1.0057807651695312
1.6541353383458646,0.0,1.0,0.9392889211852385,1.0073716701817044
1.6641604010025062,0.0,1.0,0.9324926283313395,1.0091144904592213
1.6741854636591478,0.0,1.0,0.9258659154128227,1.0109917249951574
1.6842105263157894,0.0,1.0,0.9194254288717093,1.0129845230250158
1.694235588972431,0.0,1.0,0.9131873473454503,1.015072873321839
1.7042606516290726,0.0,1.0,0.9071673410258482,1.0172358051444224
1.7142857142857142,0.0,1.0,0.9013805322952062,1.0194515988207538
1.7243107769423558,0.0,1.0,0.895841457738587,1.0216980038520451
1.7343358395989974,0.0,1.0,0.8905640316276054,1.0239524623472074
1.744360902255639,0.0,1.0,0.8855615109674855,1.0261923355440898
1.7543859649122806,0.0,1.0,0.8808464621951854,1.0283951311428068
1.7644110275689222,0.0,1.0,0.8764307296122438,1.0305387291683248
1.7744360902255638,0.0,1.0,0.8723254056316458,1.0326016040942476
1.7844611528822054,0.0,1.0,0.8685408029134485,1.0345630409972817
1.794486215538847,0.0,1.0,0.8650864284591615,1.0364033435718099
1.8045112781954886,0.0,1.0,0.8619709597299612,1.038104031915736
1.8145363408521302,0.0,1.0,0.8592022228487243,1.0396480281014806
1.8245614035087718,0.0,1.0,0.856787172940644,1.041019827668666
1.8345864661654134,0.0,1.0,0.8547318766618088,1.0422056553163999
1.844611528822055,0.0,1.0,0.8530414969596354,1.0431936032317297
1.8546365914786966,0.0,1.0,0.8517202801034358,1.0439737506652071
1.8646616541353382,0.0,1.0,0.8507715450177004,1.0445382635528084
1.8746867167919798,0.0,1.0,0.8501976749448892,1.044881473183834
1.8847117794486214,0.0,1.0,0.8500001114586773,1.0449999331248185
1.894736842105263,0.0,1.0,0.8501793508426911,1.0448924538278348
1.9047619047619047,0.0,1.0,0.8507349428438338,1.044560114575667
1.9147869674185463,0.0,1.0,0.85166549180333,1.044006252643896
1.9248120300751879,0.0,1.0,0.8529686601626509,1.043236429788732
1.9348370927318295,0.0,1.0,0.8546411743355096,1.0422583763971194
1.944862155388471,0.0,1.0,0.8566788329311783,1.041081913859938
1.9548872180451127,0.0,1.0,0.8590765173084713,1.0397188559478192
1.9649122807017543,0.0,1.0,0.861828204433878,1.0381828901799324
1.9749373433583959,0.0,1.0,0.86492698201155,1.0364894403770162
1.9849624060150375,0.0,1.0,0.8683650658471336,1.034655511778859
1.994987468671679,0.0,1.0,0.8721338194018289,1.0326995202815281
2.0050125313283207,0.0,1.0,0.8762237754875577,1.030641107509109
2.015037593984962,0.0,1.0,0.8806246600487375,1.028500943576959
2.025062656641604,0.0,1.0,0.8853254179709261,1.0263005195270856
2.0350877192982457,0.0,1.0,0.8903142408515003,1.0240619315199653
2.045112781954887,0.0,1.0,0.8955785966626115,1.0218076589498992
2.0551378446115285,0.0,1.0,0.9011052612319034,1.0195603387120202
2.0651629072681703,0.0,1.0,0.9068803514619104,1.0173425378877148
2.075187969924812,0.0,1.0,0.9128893602046895,1.0151765271310966
2.0852130325814535,0.0,1.0,0.9191171927040809,1.0130840570321376
2.095238095238095,0.0,1.0,0.925548204514053,1.0110861397021627
2.1052631578947367,0.0,1.0,0.9321662407978791,1.0092028377749827
2.1152882205513786,0.0,1.0,0.9389546769094259,1.0074530629424652
2.12531328320802,0.0,1.0,0.9458964601546141,1.0058543860476026
2.1353383458646613,0.0,1.0,0.9529741526281449,1.004422860642082
2.145363408521303,0.0,1.0,0.9601699750178836,1.003172861780152
2.155388471177945,0.0,1.0,0.967465851266864,1.0021169416675797
2.1654135338345863,0.0,1.0,0.9748434539807249,1.0012657036152397
2.1754385964912277,0.0,1.0,0.9822842504665094,1.0006276955630669
2.1854636591478696,0.0,1.0,0.989769549287178,1.000209324243575
2.1954887218045114,0.0,1.0,0.9972805472148915,1.0000147908469008
2.2055137844611528,0.0,1.0,1.004798376465113,1.000046048833402
2.215538847117794,0.0,1.0,1.0123041520928813,1.0003027843174495
2.225563909774436,0.0,1.0,1.019779019432188,1.0007824192193977
2.235588972431078,0.0,1.0,1.0272042014592937,1.0014801371540756
2.245614035087719,0.0,1.0,1.0345610459610066,1.0023889317958377
2.2556390977443606,0.0,1.0,1.0418310723894348,1.0034996772345002
2.2656641604010024,0.0,1.0,1.0489960182855091,1.004801219615668
2.275689223057644,0.0,1.0,1.0560378851546646,1.0062804891452146
2.2857142857142856,0.0,1.0,1.0629389836794363,1.0079226313332006
2.295739348370927,0.0,1.0,1.0696819781553975,1.0097111561592986
2.305764411027569,0.0,1.0,1.0762499300388129,1.0116281036618477
2.3157894736842106,0.0,1.0,1.0826263404966139,1.0136542242877247
2.325814536340852,0.0,1.0,1.088795191851817,1.0157691721920021
2.3358395989974934,0.0,1.0,1.094740987820264,1.0179517095463189
2.345864661654135,0.0,1.0,1.1004487924376118,1.0201799198043489
2.355889724310777,0.0,1.0,1.1059042675787896,1.0224314277827997
2.3659147869674184,0.0,1.0,1.1110937089756696,1.0246836243479416
2.37593984962406,0.0,1.0,1.1160040806424778,1.026913893451413
2.3859649122807016,0.0,1.0,1.1206230476224623,1.0290998392354616
2.3959899749373434,0.0,1.0,1.1249390069735645,1.0312195109270808
2.406015037593985,0.0,1.0,1.128941116915253,1.0332516232627058
2.416040100250626,0.0,1.0,1.1326193240633045,1.0351757702300155
2.426065162907268,0.0,1.0,1.1359643886841155,1.0369726299804904
2.43609022556391,0.0,1.0,1.1389679079051076,1.0386241588550449
2.4461152882205512,0.0,1.0,1.1416223368229192,1.0401137725743688
2.4561403508771926,0.0,1.0,1.1439210074563622,1.0414265127745086
2.4661654135338344,0.0,1.0,1.1458581454965302,1.042549197215374
2.4761904761904763,0.0,1.0,1.1474288848119831,1.04347055215381
2.4862155388471177,0.0,1.0,1.1486292796725732,1.044181325551976
2.496240601503759,0.0,1.0,1.1494563146612007,1.0446743799842158
2.506265664160401,0.0,1.0,1.1499079122486051,1.044944764309471
2.5162907268170427,0.0,1.0,1.1499829380121627,1.0449897633895204
2.526315789473684,0.0,1.0,1.14968120348558,1.0448089253537831
2.5363408521303255,0.0,1.0,1.149003466632324,1.0444040661369003
2.5463659147869673,0.0,1.0,1.1479514299416043,1.0437792512435309
2.556390977443609,0.0,1.0,1.1465277361516817,1.0429407549234737
2.5664160401002505,0.0,1.0,1.1447359616112565,1.0418969971670702
2.576441102756892,0.0,1.0,1.1425806072956037,1.0406584591535664
2.5864661654135337,0.0,1.0,1.1400670875000298,1.039237578001482
2.5964912280701755,0.0,1.0,1.1372017162390486,1.0376486218778809
2.606516290726817,0.0,1.0,1.133991691385445,1.0359075467206647
2.6165413533834583,0.0,1.0,1.1304450765890661,1.0340318360126546
2.6265664160401,0.0,1.0,1.126570781020764,1.0320403252164123
2.636591478696742,0.0,1.0,1.1223785369923722,1.0299530126327867
2.6466165413533833,0.0,1.0,1.1178788755089333,1.027790858582501
2.6566416040100247,0.0,1.0,1.1130830998145929,1.0255755749273543
2.6666666666666665,0.0,1.0,1.1080032569986127,1.0233294070446168
2.6766917293233083,0.0,1.0,1.1026521077328306,1.0210749104439854
2.6867167919799497,0.0,1.0,1.0970430942165847,1.0188347242702578
2.696741854636591,0.0,1.0,1.0911903064096244,1.0166313439661623
2.706766917293233,0.0,1.0,1.0851084466378373,1.0144868953782111
2.7167919799498748,0.0,1.0,1.078812792660698,1.0124229125739563
2.726817042606516,0.0,1.0,1.0723191592932155,1.010460121601755
2.7368421052631575,0.0,1.0,1.0656438586787835,1.0086182323644801
2.7468671679197993,0.0,1.0,1.0588036593127363,1.0069157406971367
2.756892230576441,0.0,1.0,1.0518157439195355,1.0053697426358696
2.7669172932330826,0.0,1.0,1.044697666289405,1.003995762743438
2.776942355889724,0.0,1.0,1.0374673071828413,1.0028075982150668
2.7869674185463658,0.0,1.0,1.0301428294137673,1.001817180330135
2.7969924812030076,0.0,1.0,1.0227426322241642,1.001034454640967
2.807017543859649,0.0,1.0,1.0152853050647868,1.0004672811018471
2.8170426065162903,0.0,1.0,1.0077895808980735,1.0001213551411352
2.827067669172932,0.0,1.0,1.0002742891405518,1.0000001504690652
2.837092731829574,0.0,1.0,0.9927583083629483,1.0001048841955322
2.8471177944862154,0.0,1.0,0.9852605188668234,1.0004345046081506
2.8571428571428568,0.0,1.0,0.977799755256855,1.000985701733311
2.8671679197994986,0.0,1.0,0.9703947591279176,1.001752940574188
2.8771929824561404,0.0,1.0,0.963064131985803,1.0027285166919244
2.887218045112782,0.0,1.0,0.9558262885198456,1.003902633571864
2.897243107769423,0.0,1.0,0.948699410344837,1.005263500997935
2.907268170426065,0.0,1.0,0.9417014003284268,1.0067974534473327
2.917293233082707,0.0,1.0,0.9348498376187446,1.008489087316608
2.927318295739348,0.0,1.0,0.9281619334852101,1.0103214156011668
2.9373433583959896,0.0,1.0,0.9216544880834617,1.012276038474929
2.9473684210526314,0.0,1.0,0.915343848253014,1.0143333280572175
2.9573934837092732,0.0,1.0,0.9092458664536538,1.0164726255114962
2.9674185463659146,0.0,1.0,0.9033758609437275,1.0186724484967318
2.977443609022556,0.0,1.0,0.8977485773003541,1.0209107068882033
2.987468671679198,0.0,1.0,0.8923781513782266,1.0231649246015357
2.9974937343358397,0.0,1.0,0.8872780738000481,1.0254124652924548
3.007518796992481,0.0,1.0,0.8824611560678041,1.0276307596658343
3.0175438596491224,0.0,1.0,0.8779394983799997,1.029797532111452
3.0275689223057642,0.0,1.0,0.873724459235708,1.0318910243906287
3.037593984962406,0.0,1.0,0.8698266269017813,1.0338902141275361
3.0476190476190474,0.0,1.0,0.8662557928149024,1.0357750259111407
3.057644110275689,0.0,1.0,0.86302092698529,1.0375265328879384
3.0676691729323307,0.0,1.0,0.860130155463845,1.0391271468211363
3.0776942355889725,0.0,1.0,0.8575907399293393,1.0405607947077462
3.087719298245614,0.0,1.0,0.8554090594469272,1.0418130801800445
3.0977443609022552,0.0,1.0,0.8535905944437989,1.0428714280706404
3.107769423558897,0.0,1.0,0.8521399129422322,1.0437252106894612
3.117794486215539,0.0,1.0,0.8510606590846259,1.0443658545446122
3.1278195488721803,0.0,1.0,0.8503555439793359,1.044786926435441
3.1378446115288217,0.0,1.0,0.8500263388903151,1.0449841980532852
3.1478696741854635,0.0,1.0,0.850073870787661,1.04495568844119
3.1578947368421053,0.0,1.0,0.8504980202702492,1.0447016838862297
3.1679197994987467,0.0,1.0,0.8512977218656715,1.0442247350446783
3.177944862155388,0.0,1.0,0.8524709667067256,1.0435296313288962
3.18796992481203,0.0,1.0,0.854014807577731,1.042623352813134
3.1979949874686717,0.0,1.0,0.8559253663179966,1.0415150001412068
3.208020050125313,0.0,1.0,0.8581978435638427,1.0402157031398889
3.2180451127819545,0.0,1.0,0.8608265308047022,1.038738509055709
3.2280701754385963,0.0,1.0,0.8638048247230203,1.0370982515374545
3.238095238095238,0.0,1.0,0.8671252437819255,1.0353114016800256
3.2481203007518795,0.0,1.0,0.8707794470190082,1.0333959026254265
3.258145363408521,0.0,1.0,0.8747582549989938,1.0313709893817942
3.2681704260651627,0.0,1.0,0.879051672872676,1.0292569956697963
3.2781954887218046,0.0,1.0,0.8836489154841881,1.027075149736011
3.288220551378446,0.0,1.0,0.8885384344635407,1.0248473611836768
3.2982456140350873,0.0,1.0,0.8937079472363721,1.0225960009614117
3.308270676691729,0.0,1.0,0.899144467878029,1.0203436767192118
3.318295739348371,0.0,1.0,0.9048343397344856,1.0181130057875427
3.3283208020050123,0.0,1.0,0.9107632697281423,1.0159263880592246
3.3383458646616537,0.0,1.0,0.9169163642623394,1.0138057810547765
3.3483709273182956,0.0,1.0,0.9232781666343834,1.011772479429963
3.3583959899749374,0.0,1.0,0.9298326958631095,1.0098469011396778
3.3684210526315788,0.0,1.0,0.9365634868334396,1.0080483824054625
3.37844611528822,0.0,1.0,0.9434536316571007,1.0063949835455417
3.388471177944862,0.0,1.0,0.9504858221455933,1.0049033076171956
3.398496240601504,0.0,1.0,0.9576423932887236,1.0035883336926144
3.408521303258145,0.0,1.0,0.9649053676294822,1.0024632664424435
3.4185463659147866,0.0,1.0,0.9722565004237925,1.00153940353747
3.4285714285714284,0.0,1.0,0.9796773254716916,1.0008260221999672
3.43859649122807,0.0,1.0,0.9871492015048101,1.000330286043928
3.4486215538847116,0.0,1.0,0.994653359013634,1.0000571731396741
3.458646616541353,0.0,1.0,1.0021709473969018,1.0000094260252002
3.468671679197995,0.0,1.0,1.0096830823147165,1.0001875241662272
3.4786967418546366,0.0,1.0,1.017170893126398,1.0005896791415163
3.488721804511278,0.0,1.0,1.0246155702939328,1.001211852601791
3.4987468671679194,0.0,1.0,1.0319984126319273,1.0020477968219261
3.508771929824561,0.0,1.0,1.0393008742853784,1.0030891174391903
3.518796992481203,0.0,1.0,1.0465046113172511,1.0043253577475373
3.5288220551378444,0.0,1.0,1.053591527788832,1.0057441037014823
3.538847117794486,0.0,1.0,1.0605438212171092,1.0073311085751386
3.5488721804511276,0.0,1.0,1.0673440272949837,1.009070436024615
3.5588972431077694,0.0,1.0,1.0739750637619727,1.010944620117176
3.568922305764411,0.0,1.0,1.0804202733152106,1.0129348407201864
3.578947368421052,0.0,1.0,1.0866634654529412,1.0150211124886264
3.588972431077694,0.0,1.0,1.0926889571453993,1.0171824855534033
3.598997493734336,0.0,1.0,1.0984816122309085,1.019397255895198
3.6090225563909772,0.0,1.0,1.1040268794382397,1.0216431832913162
3.6190476190476186,0.0,1.0,1.1093108289397113,1.0238977146469737
3.6290726817042605,0.0,1.0,1.1143201873432038,1.0261382104683705
3.6390977443609023,0.0,1.0,1.1190423710352049,1.0283421722033668
3.6491228070175437,0.0,1.0,1.1234655177911068,1.0304874681668523
3.659147869674185,0.0,1.0,1.127578516573367,1.0325525557821218
3.669172932330827,0.0,1.0,1.1313710354426656,1.034516697906556
3.6791979949874687,0.0,1.0,1.1348335475119546,1.036360171069317
3.68922305764411,0.0,1.0,1.1379573548781983,1.0380644635299783
3.6992481203007515,0.0,1.0,1.140734610471688,1.0396124611692354
3.7092731829573933,0.0,1.0,1.1431583377680472,1.0409886193450206
3.719298245614035,0.0,1.0,1.1452224483134053,1.0421791189882792
3.7293233082706765,0.0,1.0,1.1469217570187231,1.0431720053709375
3.739348370927318,0.0,1.0,1.1482519951848449,1.0439573081525746
3.7493734335839597,0.0,1.0,1.149209821225561,1.0445271415003279
3.7593984962406015,0.0,1.0,1.149792829061741,1.04487578327664
3.769423558897243,0.0,1.0,1.1499995541654564,1.0449997324996714
3.7794486215538843,0.0,1.0,1.1498294772389055,1.0448977444993675
3.789473684210526,0.0,1.0,1.1492830255188993,1.0445708434161527
3.799498746867168,0.0,1.0,1.1483615717036348,1.0440223119167455
3.8095238095238093,0.0,1.0,1.147067430504448,1.0432576582303612
3.8195488721804507,0.0,1.0,1.1454038528312096,1.04228456083632
3.8295739348370925,0.0,1.0,1.1433750176259727,1.041112791358496
3.8395989974937343,0.0,1.0,1.140986021365381,1.0397541164408792
3.8496240601503757,0.0,1.0,1.1382428652582135,1.0382221795896012
3.859649122807017,0.0,1.0,1.1351524401702218,1.0365323641679307
3.869674185463659,0.0,1.0,1.1317225093141297,1.0347016389200219
3.8796992481203008,0.0,1.0,1.1279616887482815,1.0327483875746242
3.889724310776942,0.0,1.0,1.1238794257329214,1.0306922242398366
3.8997493734335835,0.0,1.0,1.1194859749984767,1.0285537964426732
3.9097744360902253,0.0,1.0,1.114792372985461,1.0263545777912664
3.919799498746867,0.0,1.0,1.1098104101207036,1.0241166523417542
3.9298245614035086,0.0,1.0,1.1045526011995497,1.021862492835184
3.93984962406015,0.0,1.0,1.0990321539484291,1.0196147350313307
3.9498746867167918,0.0,1.0,1.0932629358467751,1.0173959504055194
3.9598997493734336,0.0,1.0,1.08725943929162,1.0152284194909758
3.969924812030075,0.0,1.0,1.081036745192393,1.0131339081427537
3.9799498746867163,0.0,1.0,1.0746104850873566,1.0111334489699413
3.989974937343358,0.0,1.0,1.0679968018768546,1.0092471301309605
4.0,0.0,1.0,1.0612123092720087,1.0074938936128242
