Spatial_x,Real_Psi,Imag_Psi,Prob_Density
-10.0,-0.0038499766650926196,-1.2251331034743207,1.5009659435489424
-9.97995991983968,0.01810839654294236,-1.224813615194587,1.5004963059913903
-9.959919839679358,0.040052225886088824,-1.2235104106763248,1.49858190583178
-9.939879759519037,0.061963887049111474,-1.2212245365958863,1.495228892082072
-9.919839679358718,0.08382578155283071,-1.2179578288664463,1.4904480345500106
-9.899799599198397,0.1056203508884649,-1.2137129111634757,1.4842546892467219
-9.879759519038076,0.12733009061982237,-1.2084931928175244,1.4766687490635464
-9.859719438877756,0.14893756444211237,-1.2023028660759958,1.4677145798765021
-9.839679358717435,0.17042541818600898,-1.1951469027361177,1.4574209422836113
-9.819639278557114,0.1917763937557496,-1.1870310501518164,1.4458208992264847
-9.799599198396793,0.21297334299008408,-1.1779618266176943,1.432951709792867
-9.779559118236474,0.23399924143491427,-1.167946516133824,1.418854709541252
-9.759519038076153,0.25483720201659077,-1.1569931625555585,1.4035751777319574
-9.739478957915832,0.2754704886048585,-1.1451105631330656,1.3871621918911259
-9.719438877755511,0.29588252945457816,-1.1323082614457631,1.3696684701747661
-9.69939879759519,0.3160569305154266,-1.1185965397373363,1.3511502020391755
-9.67935871743487,0.3359774885988699,-1.1039864106574935,1.3316668677616197
-9.659318637274549,0.3556282043918511,-1.088489608417092,1.3112810473909666
-9.639278557114228,0.374993295306728,-1.0721185793637418,1.290058219741927
-9.619238476953909,0.3940572081571568,-1.0548864719854423,1.2680665520785062
-9.599198396793588,0.412804631649725,-1.0368071263502978,1.2453766811622278
-9.579158316633267,0.43122050868130146,-1.01789506299079,1.2220614863683845
-9.559118236472946,0.4492900484322377,-0.9981654712415267,1.1981958555990617
-9.539078156312625,0.4669987382457066,-0.9776341970398336,1.173856444744802
-9.519038076152304,0.4843323552836239,-0.9563177301990008,1.1491214314675515
-9.498997995991983,0.5012769779498054,-0.9342331911643906,1.1240702640956906
-9.478957915831664,0.5178189970711743,-0.9113983172630578,1.0987834064377302
-9.458917835671343,0.533945126828058,-0.8878314484578974,1.0733420793342792
-9.438877755511022,0.5496424154247619,-0.8635515126178107,1.0478279997784756
-9.418837675350701,0.5648982554918858,-0.8385780103156685,1.0223231184427612
-9.39879759519038,0.5797003942120058,-0.8129309991663118,0.9969093564550932
-9.37875751503006,0.5940369431605927,-0.7866310777171672,0.9716683422700533
-9.358717434869739,0.6078963878542765,-0.7596993689043929,0.9466811494800098
-9.338677354709418,0.6212675969987669,-0.7321575030878738,0.9220280364084918
-9.318637274549099,0.6341398314290146,-0.704027600678679,0.8977881883221965
-9.298597194388778,0.6465027527344468,-0.6753322543728991,0.8740394630895995
-9.278557114228457,0.6583464315623058,-0.6460945110062236,0.850858141103193
-9.258517034068136,0.6696613555924787,-0.6163378530437139,0.8283186802684909
-9.238476953907815,0.6804384371773702,-0.5860861797197325,0.8064934768468525
-9.218436873747494,0.6906690206406966,-0.555363787843138,0.7854526329202568
-9.198396793587175,0.7003448892293476,-0.524195352283152,0.7652637312249249
-9.178356713426854,0.7094582717127187,-0.49260590615159217,0.7459916180770292
-9.158316633266534,0.7180018486242181,-0.4606208206973919,0.7276981950877335
-9.138276553106213,0.7259687581399422,-0.4282657849295231,0.7104422203365506
-9.118236472945892,0.7333526015897869,-0.3955667849847278,0.6942791196416623
-9.098196392785571,0.7401474485965798,-0.362550083256588,0.6792608085333858
-9.07815631262525,0.7463478418390959,-0.32924219730273824,0.6654355255026112
-9.05811623246493,0.7519488014351379,-0.2956698785471299,0.6528476770598151
-9.03807615230461,0.7569458289411557,-0.26186009079447814,0.6415376951023058
-9.01803607214429,0.7613349109652015,-0.2278399885741033,0.6315419070478389
-8.997995991983968,0.7651125223903055,-0.19363689533063239,0.6228924191517419
-8.977955911823647,0.7682756292056963,-0.15927828147900372,0.6156170133823131
-8.957915831663327,0.7708216909435833,-0.124791742341442,0.6097390581857379
-8.937875751503006,0.7727486627195493,-0.09020497598412212,0.6052774334271479
-8.917835671342685,0.7740549968749109,-0.05554576097129189,0.602246469748898
-8.897795591182366,0.7747396442197294,-0.02084193405476597,0.6006559025408563
-8.877755511022045,0.7748020548754747,0.013878632183335356,0.6005108406705386
-8.857715430861724,0.7742421787166623,0.04858805171660316,0.6018117500735394
-8.837675350701403,0.7730604654111131,0.08325844747116554,0.6045544522569555
-8.817635270541082,0.7712578640587988,0.11786197371533384,0.6087301377206145
-8.797595190380761,0.7688358224295677,0.1523708384240589,0.6143253942530004
-8.77755511022044,0.7657962858003601,0.18675732560025238,0.6213222500109854
-8.75751503006012,0.7621416953928459,0.22099381753506545,0.6296982312450031
-8.7374749498998,0.7578749864127454,0.2550528169892029,0.6394264344842467
-8.71743486973948,0.7529995856923997,0.28890696927750253,0.6504756129500375
-8.697394789579159,0.7475194089384909,0.3225290842390008,0.6628102769197994
-8.677354709418838,0.7414388575871209,0.3558921580748697,0.676390807719283
-8.657314629258517,0.7347628152687693,0.3889693950366869,0.6911735849768941
-8.637274549098196,0.727496643885979,0.42173422894758983,0.7071111267313811
-8.617234468937875,0.7196461793069111,0.45416034453906046,0.7241522419428729
-8.597194388777556,0.7112177266782368,0.4862216985861775,0.7422421949173869
-8.577154308617235,0.7022180553611156,0.5178925408244054,0.7613228811167051
-8.557114228456914,0.6926543934943492,0.5491474346310503,0.7813330137888883
-8.537074148296593,0.6825344221890562,0.5799612774548426,0.8022083208200018
-8.517034068136272,0.6718662693595434,0.6103093209771985,0.8238817511747595
-8.496993987975952,0.6606585031953252,0.6401671909889687,0.8462836902629942
-8.47695390781563,0.6489201252795289,0.6695109069667401,0.8693421835402264
-8.45691382765531,0.6366605633592217,0.6983169013329272,0.8929831676241029
-8.43687374749499,0.6238896637734654,0.7265620383842016,0.9171307081843738
-8.41683366733467,0.610617683545158,0.7542236328730946,0.9417072438423432
-8.396793587174349,0.5968552821430628,0.7812794682277511,0.9666338352963127
-8.376753507014028,0.5826135129205812,0.8077078143953262,0.9918304188729348
-8.356713426853707,0.5679038142381905,0.8334874452945962,1.0172160636899976
-8.336673346693386,0.5527380002766611,0.8585976558638042,1.0427092316046616
-8.316633266533067,0.5371282515484235,0.8830182786900616,1.0682280391122259
-8.296593186372746,0.5210871051147172,0.9067297002069219,1.0936905203541707
-8.276553106212425,0.5046274445163821,0.9297128764471264,1.1190148903907235
-8.256513026052104,0.48776248942636197,0.9519493483378831,1.144119807892322
-8.236472945891784,0.4705057850322518,0.9734212565263747,1.1689246364062018
-8.216432865731463,0.4528711911573946,0.9941113557236088,1.1933497033589484
-8.196392785571142,0.4348728711292873,1.0140030285550685,1.217316555963081
-8.176352705410821,0.41652528040421855,1.0330802989070564,1.240748213205706
-8.156312625250502,0.39784315495729067,1.0513278447579983,1.2635694131098683
-8.136272545090181,0.3788414994471229,1.068731010484427,1.2857068544744086
-8.11623246492986,0.3595355751647833,1.0852758186317182,1.3070894323158173
-8.09619238476954,0.3399408877765877,1.1009489811401747,1.3276484662559231
-8.076152304609218,0.32007317487063286,1.1157379100174056,1.3473179211217752
-8.056112224448897,0.29994839331706497,1.1296307274484452,1.3660346190491917
-8.036072144288577,0.2795827064522187,1.1426162753354936,1.383738442408704
-8.016032064128257,0.2589924710969448,1.1546841242596049,1.4003725269020721
-7.9959919839679365,0.23819422441952715,1.1658245818571398,1.415883444209195
-7.975951903807616,0.21720467065376564,1.1760287006042403,1.430221373598709
-7.955911823647295,0.19604066768287282,1.1852882850030868,1.4433402619511055
-7.935871743486974,0.17471921349995953,1.1935958981641626,1.4551979716803587
-7.915831663326653,0.1532574325560009,1.200944867779234,1.4657564160789387
-7.895791583166332,0.13167256200623728,1.2073292914802527,1.4749816816514956
-7.875751503006012,0.10998193786604524,1.2127440415798787,1.4828441370442693
-7.855711422845692,0.08820298108741484,1.2171847691898128,1.4893185282203647
-7.835671342685371,0.06635318356721698,1.2206479077136303,1.4943840595751683
-7.81563126252505,0.044450094098476875,1.2231306757113143,1.4980244607313797
-7.7955911823647295,0.02251130427596485,1.2246310791331863,1.5002280387991171
-7.775551102204409,0.0005544343673956477,1.2251479129214382,1.5009877159332237
-7.755511022044088,-0.021402880838388844,1.2246807619779814,1.5003010520671511
-7.735470941883768,-0.04334300619489815,1.2232300014978366,1.4981702527504086
-7.715430861723447,-0.06524832036177834,1.220796796667792,1.4946021620643752
-7.695390781563127,-0.08710122995748107,1.217383101730577,1.4896082406392661
-7.675350701402806,-0.10888418368949808,1.2129916584153018,1.4832045288428324
-7.655310621242485,-0.13057968645078466,1.2076259937354206,1.475411595259047
-7.635270541082164,-0.15217031337105208,1.2012904171559908,1.4662544706222584
-7.615230460921843,-0.17363872381166248,1.1939900171325002,1.4557625674190109
-7.595190380761523,-0.1949676752928591,1.1857306570240438,1.4439695854157728
-7.575150300601202,-0.2161400373421663,1.1765189703841337,1.430913403416015
-7.555110220440882,-0.23713880525282915,1.1663623556329212,1.4166359575943162
-7.5350701402805615,-0.2579471137412432,1.1552689701151113,1.4011831067982674
-7.515030060120241,-0.27854825049240606,1.1432477235483458,1.3846044852508552
-7.49498997995992,-0.29892566958251104,1.130308270867308,1.366953343126396
-7.474949899799599,-0.31906300476790456,1.1164610044693075,1.3482863755121393
-7.454909819639278,-0.3389440826297252,1.1017170458675676,1.3286635403048657
-7.434869739478958,-0.3585529355636877,1.0860882367589109,1.308147865627418
-7.414829659318638,-0.3778738146045518,1.0695871295130366,1.2868052473837326
-7.394789579158317,-0.39689120207500217,1.052226977091005,1.2647042376026145
-7.374749498997996,-0.4155898240487554,1.0340217224010513,1.241915824250112
-7.354709418837675,-0.4339546626179043,1.0149859871002542,1.2185132032176964
-7.3346693386773545,-0.4519709679546442,0.9951350598510638,1.1945715432186383
-7.314629258517034,-0.46962427015768,0.9744848840421236,1.1701677443477243
-7.294589178356714,-0.48690039087380815,0.9530520449832512,1.145380191079824
-7.274549098196393,-0.5037854546853551,0.9308537565848356,1.1202885005006304
-7.254509018036073,-0.520265900254289,0.9079078475323973,1.0949732665783167
-7.234468937875752,-0.5363284912140942,0.8842327469673686,1.0695158012974455
-7.214428857715431,-0.5519603268006357,0.8598474696856204,1.0439978734866284
-7.19438877755511,-0.5671488522134802,0.8347716008656233,1.0185014461788235
-7.174348697394789,-0.581881868699363,0.8090252803384875,0.993108413347831
-7.154308617234469,-0.5961475433496852,0.7826291864125456,0.9679003368666281
-7.134268537074148,-0.6099344186041836,0.7556045192654464,0.9429581845323899
-7.114228456913828,-0.6232314214531383,0.7279729839171076,0.9183620699996767
-7.094188376753507,-0.6360278723307242,0.6997567727972022,0.894190995457103
-7.074148296593187,-0.6483134936923688,0.6709785479211781,0.8705225978740176
-7.054108216432866,-0.6600784182692205,0.6416614226891275,0.8474328996322313
-7.034068136272545,-0.6713131969931054,0.6118289433221228,0.8249960643437693
-7.014028056112224,-0.6820088065855985,0.5815050699509374,0.8032841586389567
-6.993987975951904,-0.6921566568051268,0.550714157372316,0.7823669206899503
-6.973947895791584,-0.7017485973462693,0.5194809354882857,0.7623115362132407
-6.953907815631263,-0.7107769243857252,0.4878304894441801,0.7431824226705791
-6.933867735470942,-0.7192343867696817,0.4557882394813684,0.725041022361485
-6.913827655310621,-0.7271141918376216,0.4233799205208386,0.7079456050719091
-6.8937875751503,-0.7344100108778903,0.3906315614940356,0.6919510809129314
-6.8737474949899795,-0.7411159842106361,0.3575694644375774,0.6771088239506756
-6.8537074148296595,-0.7472267258940456,0.3242201833686291,0.6634665071939226
-6.833667334669339,-0.7527373280500976,0.29061050295786733,0.6510679494694248
-6.813627254509019,-0.7576433648063507,0.25676741701723554,0.639952974676792
-6.793587174348698,-0.7619408958506103,0.22271810681969523,0.6301572838749798
-6.773547094188377,-0.7656264695956134,0.1884899192684274,0.6217123406112611
-6.753507014028056,-0.7686971259511909,0.15411034493301512,0.6146452698609939
-6.733466933867735,-0.7711503987016814,0.11960699597021865,0.6089787709027821
-6.713426853707415,-0.7729843174866872,0.08500758394711823,0.6047310444088859
-6.693386773547094,-0.7741974093835802,0.05033989758440448,0.6019157339850553
-6.673346693386774,-0.7747887000904887,0.015631780437704246,0.6005418823475618
-6.653306613226453,-0.7747577147088134,-0.019088891465134324,0.6006139022781908
-6.6332665330661325,-0.7741044781246456,-0.053794232012837055,0.6021315624504807
-6.613226452905812,-0.7728295149887788,-0.08845636740759757,0.6050899881727391
-6.593186372745491,-0.7709338492953332,-0.12304745855208366,0.6094796770454464
-6.573146292585171,-0.7684190035593288,-0.15753972340856065,0.6152865294827577
-6.55310621242485,-0.7652869975938675,-0.19190545931222197,0.6224918940000713
-6.53306613226453,-0.7615403468879103,-0.22611706522071418,0.6310726271221874
-6.513026052104209,-0.7571820605859448,-0.2601470638821086,0.6410011677196594
-6.492985971943888,-0.7522156390711757,-0.2939681239033957,0.6522456255345396
-6.472945891783567,-0.746645071154171,-0.327553081701856,0.6647698836111997
-6.452905811623246,-0.7404748308692242,-0.360874963321661,0.6785337143032163
-6.432865731462925,-0.7337098738810077,-0.3939070060981586,0.693492908483699
-6.412825651302605,-0.7263556335044045,-0.4266226801524548,0.7095994175440484
-6.3927855711422845,-0.7184180163407037,-0.458995709699063,0.726801507725058
-6.3727454909819645,-0.7099033975336848,-0.49100009414943413,0.7450439262846219
-6.352705410821644,-0.7008186156493805,-0.5226101289944924,0.764268078968354
-6.332665330661323,-0.6911709671836426,-0.5538004264493623,0.7844122182130675
-6.312625250501002,-0.6809682007019204,-0.5845459358437094,0.805411641478609
-6.292585170340681,-0.6702185106159522,-0.6148219637413439,0.8271988990710276
-6.272545090180361,-0.6589305306023768,-0.6446041937728924,0.8497040107895304
-6.25250501002004,-0.6471133266685459,-0.6738687061656333,0.872854690701377
-6.23246492985972,-0.6347763898711064,-0.7025919969548032,0.8965765793227332
-6.212424849699399,-0.6219296286932027,-0.7307509968609438,0.920793482459728
-6.192384769539078,-0.6085833610864205,-0.7583230898181288,0.9454276159425584
-6.1723446893787575,-0.5947483061838639,-0.7852861311381907,0.9703998554665627
-6.152304609218437,-0.5804355756910187,-0.8116184652963575,0.9956299907377789
-6.132264529058117,-0.5656566649613267,-0.8372989433240071,1.0210369831066695
-6.112224448897796,-0.5504234437636144,-0.862306939794603,1.04653922586253
-6.092184368737476,-0.5347481467488331,-0.8866223693891027,1.0720548063524578
-6.072144288577155,-0.518643363623711,-0.9102257030276243,1.09750176908305
-6.052104208416834,-0.502122029039272,-0.933097983554319,1.1227983789596518
-6.032064128256513,-0.48519741220228385,-0.9552208409629381,1.1478633838177357
-6.012024048096192,-0.4678831062180212,-0.9765765071508044,1.1726162754030893
-5.991983967935872,-0.450193017172883,-0.9971478301893686,1.1969775479625895
-5.971943887775551,-0.4321413529656377,-1.0169182880998824,1.2208689536149673
-5.95190380761523,-0.4137426118962643,-1.0358720021231234,1.244213753681311
-5.93186372745491,-0.3950115710215643,-1.0539937494725071,1.2669369651680387
-5.9118236472945895,-0.3759632742868695,-1.0712689755603704,1.2889656016106696
-5.891783567134269,-0.3566130204434197,-1.0876838056875617,1.3102289075047562
-5.871743486973948,-0.33697635076108035,-1.1032250561869905,1.3306585855710429
-5.851703406813628,-0.31706903654627383,-1.1178802450121699,1.350189016124851
-5.831663326653307,-0.2969070664751674,-1.1316376017622432,1.368757467845091
-5.811623246492986,-0.27650663375227297,-1.14448607713545,1.3863042992659045
-5.791583166332665,-0.2558841231047796,-1.1564153518034384,1.4027731503437721
-5.771543086172345,-0.235056097623064,-1.1674158446992942,1.41811112348475
-5.751503006012024,-0.21403928545794745,-1.1774787207126307,1.4322689534504016
-5.731462925851703,-0.19285056638538184,-1.1865958977855597,1.4452011655966812
-5.711422845691383,-0.1715069582493653,-1.1947600534038418,1.4568662219375008
-5.6913827655310625,-0.1500256032939477,-1.2019646304780114,1.4672266545638555
-5.671342685370742,-0.1284237543953488,-1.2082038426097363,1.4762491859899294
-5.651302605210421,-0.10671876120520826,-1.2134726787391998,1.483904836039663
-5.631262525050101,-0.084928056216105,-1.217766907169763,1.4901690149304558
-5.61122244488978,-0.0630691407605506,-1.221083078966677,1.4950216022550142
-5.591182364729459,-0.04115957095469697,-1.223418530727113,1.498447011607663
-5.571142284569138,-0.019216943598031073,-1.224771386719293,1.50043424064755
-5.551102204408818,0.0027411179595908403,-1.2251405603889922,1.500976906437922
-5.531062124248497,0.024696977972248336,-1.2245257552322126,1.5000732659479823
-5.511022044088176,0.0466330024621999,-1.2229274650333217,1.4977262216514662
-5.490981963927856,0.06853157338272249,-1.2203469734684667,1.493943312203958
-5.470941883767535,0.09037510276814908,-1.216786353074582,1.488736688228895
-5.4509018036072145,0.11214604685974024,-1.2122484635848203,1.4821230732900244
-5.430861723446894,0.1338269201960644,-1.2067369496317397,1.4741237101756794
-5.410821643286574,0.15540030965654197,-1.2002562378200965,1.4647642926674014
-5.390781563126253,0.1768488884469034,-1.1928115331715912,1.4540748830120673
-5.370741482965932,0.1981554300152961,-1.1844088149444252,1.4420898153626045
-5.350701402805611,0.21930282188789865,-1.1750548318310243,1.4288475854974323
-5.330661322645291,0.24027407941289797,-1.1647570965377871,1.4143907271728515
-5.31062124248497,0.2610523594018199,-1.1535238797512095,1.3987656755055398
-5.290581162324649,0.2816209736572255,-1.1413642034952365,1.3820226178239592
-5.270541082164329,0.30196340237594144,-1.1282878338851696,1.364215332467743
-5.250501002004008,0.3220633074170367,-1.1143052732839522,1.345401016052824
-5.2304609218436875,0.34190454542389037,-1.0994277518671394,1.325640099757149
-5.210420841683367,0.3614711807898304,-1.0836672186033125,1.3049960552170337
-5.190380761523047,0.38074749845690326,-1.0670363316571985,1.2835351906576402
-5.170340681362726,0.39971801653752226,-1.049548448223186,1.2613264379123887
-5.150300601202405,0.41836749874882756,-1.0312176137974223,1.2384411310153998
-5.130260521042084,0.43668096664980405,-1.0120585508970847,1.214952777078114
-5.110220440881764,0.4546437116712976,-0.9920866472359107,1.190936820186044
-5.090180360721443,0.47224130692929533,-0.9713179433654578,1.1664703990739917
-5.070140280561122,0.4894596188119552,-0.9497691197920493,1.1416320993581082
-5.050100200400802,0.5062848183311038,-0.9274574835797208,1.1165017011205873
-5.030060120240481,0.5227033922290698,-0.9044009544499514,1.0911599226577597
-5.01002004008016,0.5387021538319312,-0.8806180503893393,1.0656881612146822
-4.98997995991984,0.5542682536404755,-0.8561278727767652,1.0401682315389318
-4.96993987975952,0.5693891896503454,-0.8309500910420148,1.0146821030934094
-4.949899799599199,0.5840528173931029,-0.805104926868152,0.9893116367721938
-4.929859719438878,0.5982473596901232,-0.7786131379503662,0.9641383219651198
-4.909819639278557,0.611961416111511,-0.7514960013242988,0.9392430148156165
-4.889779559118237,0.6251839721324178,-0.7237752962772741,0.9147056785125237
-4.869739478957916,0.6379044079794273,-0.6954732868561283,0.8906051264500501
-4.849699398797595,0.6501125071598827,-0.6666127039857207,0.8670187690808624
-4.829659318637275,0.6617984646673274,-0.63721672721245,0.8440223652753777
-4.809619238476954,0.6729528948564527,-0.6073089660874651,0.8216897789859059
-4.789579158316633,0.683566838981231,-0.5769134412045231,0.8000927419972371
-4.7695390781563125,0.693631772390188,-0.5460545649077037,0.7793006235256951
-4.7494989979959925,0.7031396113730257,-0.5147571216844904,0.759380207406711
-4.729458917835672,0.712082719653103,-0.4830462482599634,0.7403954775865859
-4.709418837675351,0.7204539145205527,-0.45094741340809974,0.7224074126074433
-4.68937875751503,0.728246472601121,-0.4184863974963671,0.7054737897454625
-4.66933867735471,0.7354541352560815,-0.3856892717800806,0.6896489994315195
-4.649298597194389,0.7420711136089012,-0.3525823774631091,0.6749838705502932
-4.629258517034068,0.7480920931946072,-0.31919230454179703,0.6615255071789923
-4.609218436873748,0.7535122382281323,-0.28554587044904267,0.649317137290071
-4.589178356713427,0.7583271954882044,-0.25167009851571936,0.6383979739039172
-4.569138276553106,0.7625330978136602,-0.21759219626673776,0.6288030891374796
-4.5490981963927855,0.7661265672093795,-0.18333953356915572,0.6205633015533837
-4.5290581162324655,0.7691047175593416,-0.14893962064990934,0.6137050771713736
-4.509018036072145,0.7714651569446264,-0.11442008600081066,0.60825044446003
-4.488977955911824,0.7732059895644975,-0.0798086541885721,0.6042169235818049
-4.468937875751503,0.7743258172590264,-0.04513312358764619,0.6016174701186369
-4.448897795591183,0.7748237406320324,-0.010421344053809008,0.600460433458903
-4.428857715430862,0.7746993597734384,0.02429880544362795,0.6007495299793626
-4.408817635270541,0.7739527745804602,0.058999439212960206,0.6024838311082363
-4.388777555110221,0.7725845846773745,0.09365268723665804,0.6056577663077584
-4.3687374749499,0.7705958889339262,0.1282307175553345,0.6102611409666238
-4.348697394789579,0.7679882845827651,0.16270575862113817,0.6162791691448584
-4.328657314629258,0.7647638659366196,0.19705012160264115,0.6236925210659394
-4.308617234468938,0.7609252227062366,0.23123622262328647,0.6324773852036221
-4.2885771543086175,0.7564754379204395,0.26523660491554246,0.6426055447640442
-4.268537074148297,0.7514180854499773,0.299023960872957,0.6540444683174611
-4.248496993987976,0.7457572271371476,0.33257115398243337,0.6667574142884949
-4.228456913827656,0.7394974095335056,0.3658512406190696,0.6807035489692778
-4.208416833667335,0.7326436602482722,0.3988374916861013,0.6958380776764466
-4.188376753507014,0.7252014839103839,0.4315034140825175,0.7121123886306914
-4.168336673346694,0.7171768577474142,0.46382277198116145,0.7294742090967433
-4.148296593186373,0.7085762267849295,0.495769607900188,0.7478677732822739
-4.128256513026052,0.6994064986701299,0.5273182635509597,0.76723400145641
-4.108216432865731,0.6896750381239315,0.5584434004456581,0.7875106897125559
-4.088176352705411,0.6793896610259464,0.5891200202480384,0.8086327097659997
-4.0681362725450905,0.6685586281371135,0.6193234848509923,0.8305322181445565
-4.04809619238477,0.6571906384650219,0.6490295361647785,0.8531388741003307
-4.028056112224449,0.6452948222772488,0.6782143156000616,0.876380065542686
-4.008016032064129,0.6328807337683352,0.7068543832300678,0.9001811422667061
-3.987975951903808,0.6199583433862734,0.7349267366165106,0.9244656557280464
-3.967935871743487,0.6065380298246895,0.762408829284122,0.9491556045940015
-3.947895791583167,0.5926305716871296,0.7892785888289952,0.9741716852821041
-3.927855711422846,0.5782471388301637,0.8155144346461618,0.9994335466815195
-3.907815631262525,0.5633992833922484,0.8410952952621822,1.0248600482390766
-3.8877755511022043,0.5480989305155621,0.8660006252588204,1.0503695205809707
-3.8677354709418843,0.5323583687682534,0.8902104217742207,1.0758800278330316
-3.8476953907815634,0.5161902402748062,0.9137052405683246,1.1013096307969819
-3.8276553106212425,0.4996075305624462,0.9364662116396198,1.1265766501373669
-3.8076152304609217,0.4826235581317365,0.9584750543806976,1.1515999287338188
-3.7875751503006017,0.4652519637597452,0.9797140922604294,1.1762990923559764
-3.7675350701402808,0.44750669954437416,1.0001662670209779,1.2005948078237767
-3.74749498997996,0.42940201769865505,1.0198151523782313,1.2244090378239112
-3.72745490981964,0.41095245910399497,1.0386449672146751,1.2476652915639939
-3.707414829659319,0.392172841631585,1.0566405882540877,1.2702888704593367
-3.687374749498998,0.3730782482413394,1.073787562207888,1.2922071080631856
-3.6673346693386772,0.3536840148679298,1.0900721173833776,1.3133496034697785
-3.6472945891783572,0.3340057181036364,1.1054811747445592,1.3336484474405368
-3.6272545090180364,0.31405916268791606,1.120002358416641,1.3530384405270726
-3.6072144288577155,0.29386036881373806,1.1336240056257894,1.3714573024904058
-3.5871743486973955,0.27342555926086876,1.1463351760661573,1.3888458723437467
-3.5671342685370746,0.252771146366448,1.1581256606866563,1.4051482983763122
-3.5470941883767537,0.2319137188433293,1.1689859898904127,1.4203122175478113
-3.527054108216433,0.2108700284567572,1.1789074411403302,1.4342889236773948
-3.507014028056113,0.1896569765700854,1.1878820459646489,1.447033523886866
-3.486973947895792,0.16829160057035047,1.1959025963568686,1.4585050827956298
-3.466933867735471,0.14679106018459298,1.2029626505649014,1.4686667540042497
-3.44689378757515,0.12517262369792498,1.2090565382648029,1.4774858984442911
-3.42685370741483,0.10345365408440205,1.214179365114927,1.4849341892143029
-3.4068136272545093,0.08165159506184815,1.2183270166868438,1.490987702565209
-3.3867735470941884,0.05978395708183684,1.2214961617698672,1.4956269947428809
-3.3667334669338684,0.03786830326606602,1.223684255046537,1.4988371644410488
-3.3466933867735476,0.01592223530043023,1.2248895391369048,1.500607900663981
-3.3266533066132267,-0.006036620701871093,1.225111046009985,1.5009335158451778
-3.306613226452906,-0.02799062835685047,1.2243485977612327,1.4998129641157085
-3.286573146292586,-0.04992215517450109,1.2226028067554309,1.4972498446635245
-3.266533066132265,-0.07181358672043177,1.219875075134865,1.493252390172945
-3.246492985971944,-0.0936473407630047,1.216167593693184,1.487833440381452
-3.226452905811623,-0.11540588139460506,1.2114833401158518,1.4810104008387264
-3.206412825651303,-0.1370717331157116,1.2058260765886026,1.4728051870004075
-3.1863727454909823,-0.1586274948704472,1.1992003467758172,1.4632441538361138
-3.1663326653306614,-0.18005585402233337,1.191611472171255,1.4523580111778573
-3.1462925851703414,-0.20133960025903946,1.183065547824063,1.4401817250807198
-3.1262525050100205,-0.2224616394149492,1.173569437443502,1.4267544055126447
-3.1062124248496996,-0.2434050072004345,1.1631307678863183,1.4121191807340603
-3.0861723446893787,-0.2641528828268251,1.1517579230311894,1.3963230587708415
-3.0661322645290587,-0.2846886025161267,1.1394600370451622,1.379416776425548
-3.046092184368738,-0.3049956728846298,1.1262469870474925,1.3614546363119029
-3.026052104208417,-0.32505778418966835,1.11212938517678,1.3424943324359793
-3.006012024048096,-0.34485882342888285,1.097118570067767,1.3225967648842951
-2.985971943887776,-0.3643828872814767,1.0812265977446456,1.3018258442140467
-2.965931863727455,-0.3836142948810588,1.0644662319381932,1.2802482861737878
-2.9458917835671343,-0.4025376004098246,1.0468509338345053,1.2579333974138753
-2.9258517034068143,-0.4211376055039526,1.028394851263569,1.2349528528750207
-2.9058116232464934,-0.43939937146026464,1.0091128073363433,1.211380465569912
-2.8857715430861726,-0.4573082312343285,0.989020288539497,1.18729194949742
-2.8657314629258517,-0.4748498012203813,0.968133432297344,1.162764676450872
-2.8456913827655317,-0.492009992803607,0.9464690140109773,1.1378774275015169
-2.825651302605211,-0.5087750236754935,0.9240444335850022,1.1127101399554264
-2.80561122244489,-0.525131428903169,0.9008777014527082,1.087343650596599
-2.785571142284569,-0.5410660717438454,0.8769874241108793,1.0618594360409517
-2.765531062124249,-0.5565661541956681,0.8523927891758791,1.036339351035191
-2.745490981963928,-0.5716192272765102,0.8271135499730002,1.010865365541133
-2.7254509018036073,-0.5862132010224402,0.8011700096714715,0.9855193014499616
-2.7054108216432873,-0.6003363541978507,0.7745830049778443,0.9603825697720741
-2.6853707414829664,-0.613977343709438,0.7473738894008688,0.9355359091466795
-2.6653306613226455,-0.6271252137164715,0.7195645161013018,0.9110591265110305
-2.6452905811623246,-0.6397694044300432,0.6911772203404096,0.8870308407622673
-2.6252505010020046,-0.6518997605942233,0.6622348015412746,0.8635282302352171
-2.6052104208416837,-0.6635065396423159,0.6327605049772982,0.8406267848072454
-2.585170340681363,-0.674580419521654,0.6027780031026336,0.8184000634264093
-2.565130260521042,-0.6851125061806651,0.5723113765395073,0.7969194578416975
-2.545090180360722,-0.6950943407121781,0.5413850947377303,0.7762539632942788
-2.525050100200401,-0.7045179061472471,0.5100239963219106,0.7564699569062737
-2.50501002004008,-0.7133756338940234,0.47825326914217375,0.7376309844788763
-2.4849699398797602,-0.7216604098165166,0.4460984300443892,0.7197975563846115
-2.4649298597194393,-0.7293655799483554,0.4135853043761634,0.7030269532093244
-2.4448897795591185,-0.7364849558369574,0.3807400052450659,0.6873730417681778
-2.4248496993987976,-0.743012819513823,0.34758891254573027,0.6728861020866043
-2.4048096192384776,-0.7489439280869541,0.3141586517726889,0.6596126659019501
-2.3847695390781567,-0.754273517951715,0.2804760726359469,0.6475953672045413
-2.364729458917836,-0.7589973086167479,0.24656822749648594,0.6368728052982257
-2.344689378757515,-0.7631115061418748,0.21246234963899788,0.6274794208202444
-2.324649298597195,-0.7666128061852242,0.1781858313993154,0.6194453851186495
-2.304609218436874,-0.7694983966571314,0.14376620216408986,0.6127965033425818
-2.284569138276553,-0.7717659599786847,0.10923110626041245,0.6075541315566941
-2.264529058116233,-0.7734136749431033,0.07460828075310788,0.6037351081459309
-2.2444889779559123,-0.7744402181784501,0.039925533167540134,0.6013516997309976
-2.2244488977955914,-0.7748447652105044,0.00521071915584715,0.6004115617682426
-2.2044088176352705,-0.7746269911249453,-0.029508279875496517,0.6009177139604966
-2.1843687374749505,-0.7737870708283064,-0.06420357915879217,0.6028685305578497
-2.1643286573146296,-0.7723256789075004,-0.09884731296093599,0.6062577455795285
-2.1442885771543088,-0.7702439890880192,-0.13341165696393953,0.6110744729400884
-2.124248496993988,-0.7675436732912506,-0.16786885061219822,0.6173032414152867
-2.104208416833668,-0.764226900291664,-0.20219121940854176,0.624924044335318
-2.084168336673347,-0.7602963339749466,-0.2363511971411752,0.6339124038458104
-2.064128256513026,-0.7557551311984883,-0.2703213480236345,0.6442394495301592
-2.044088176352706,-0.7506069392559334,-0.3040743887300022,0.6558720111406848
-2.0240480961923852,-0.7448558929478339,-0.33758321030767835,0.6687727251407534
-2.0040080160320644,-0.7385066112607621,-0.37082089995008327,0.682900154715644
-1.9839679358717444,-0.7315641936575434,-0.40376076261184185,0.6982089228667079
-1.9639278557114235,-0.7240342159815926,-0.4363763424490685,0.7146498581613062
-1.9438877755511026,-0.7159227259786433,-0.46864144406752656,0.7321701526703881
-1.9238476953907817,-0.7072362384394648,-0.5005301535616177,0.7507135315864203
-1.9038076152304608,-0.6979817299674703,-0.5320168593272857,0.7702204339768515
-1.88376753507014,-0.6881666333754163,-0.5630762726321265,0.7906282040925432
-1.8637274549098208,-0.6777988317156968,-0.5936834479261797,0.8118712926166803
-1.8436873747495,-0.6668866519490199,-0.6238138028771026,0.8338814672077659
-1.823647294589179,-0.6554388582565653,-0.6534431381136008,0.8565880316604203
-1.8036072144288582,-0.6434646450009783,-0.6825476566613042,0.8799180529800726
-1.7835671342685373,-0.6309736293418633,-0.7111039830554442,0.9037965956421607
-1.7635270541082164,-0.6179758435117063,-0.7390891821149956,0.9281469622834181
-1.7434869739478955,-0.6044817267584279,-0.7664807773632021,0.9528909400521495
-1.7234468937875747,-0.5905021169610416,-0.7932567690796883,0.9779490518262177
-1.7034068136272555,-0.5760482419251471,-0.8193956519696655,1.0032408114918459
-1.6833667334669347,-0.5611317103652483,-0.8448764324360415,1.028684982463282
-1.6633266533066138,-0.5457645025811536,-0.8696786454405386,1.0541998386129439
-1.643286573146293,-0.5299589608359228,-0.8937823709403185,1.0797034267739885
-1.623246492985972,-0.5137277794431079,-0.9171682498868783,1.1051138299721057
-1.6032064128256511,-0.4970839945712394,-0.9398174997743844,1.1303494305410753
-1.5831663326653302,-0.4800409737737525,-0.9617119297249535,1.1553291722769463
-1.5631262525050111,-0.46261240525275865,-0.9828339550987586,1.1799728207888114
-1.5430861723446903,-0.44481228686528074,-1.0031666116172444,1.2042012212099442
-1.5230460921843694,-0.4266549148808,-1.0226935689880758,1.227936552441511
-1.5030060120240485,-0.40815487249911797,-1.0413991440209163,1.2511025771122681
-1.4829659318637276,-0.3893270181377756,-1.0592683132234701,1.2736248864513475
-1.4629258517034067,-0.3701864734984278,-1.0762867248676904,1.2954311392876217
-1.4428857715430858,-0.35074861142176034,-1.092440710516453,1.3164512944079858
-1.4228456913827667,-0.33102904354070384,-1.10771729600144,1.3366178355282152
-1.4028056112224458,-0.31104360774185347,-1.1221042118434255,1.355865988153823
-1.382765531062125,-0.29080835544518635,-1.1355899031065706,1.3741339276343238
-1.362725450901804,-0.27033953871226346,-1.1481635386788445,1.391362977742686
-1.3426853707414832,-0.24965359719329291,-1.1598150199710933,1.4074977991420985
-1.3226452905811623,-0.22876714492352784,-1.1705349890277816,1.4224865671347315
-1.3026052104208414,-0.20769695697960686,-1.1803148360428897,1.4362811381215423
-1.2825651302605205,-0.18645995600655285,-1.1891467062749284,1.4488372042384763
-1.2625250501002014,-0.16507319862625375,-1.197023506355522,1.460114435672371
-1.2424849699398806,-0.14355386173832807,-1.20393890998649,1.4700766101994445
-1.2224448897795597,-0.12191922872440941,-1.2098873630208467,1.4786917295302928
-1.2024048096192388,-0.10018667556688898,-1.21486408792365,1.4859321220877075
-1.182364729458918,-0.07837365689329613,-1.2188650876091063,1.4917745318871825
-1.162324649298597,-0.056497691957510955,-1.2218871486508525,1.4962001932346365
-1.1422845691382761,-0.03457635056907331,-1.2239278438628385,1.499194891001412
-1.122244488977957,-0.012627238981889024,-1.224985534248736,1.5007490062829674
-1.1022044088176361,0.009332014246343898,-1.2250593703183084,1.500857547294584
-1.0821643286573153,0.03128377241260279,-1.2241492927696835,1.4995201654048802
-1.0621242484969944,0.05321040483357037,-1.222256032536982,1.496741156255596
-1.0420841683366735,0.0750943010058189,-1.2193811102032637,1.4925294459640963
-1.0220440881763526,0.09691788474978956,-1.2155268347792618,1.4868985624528641
-1.0020040080160317,0.11866362832620359,-1.210696301848889,1.4798665919981155
-0.9819639278557126,0.14031406651356793,-1.2048933910829995,1.471456121137064
-0.9619238476953917,0.16185181063547716,-1.1981227631234077,1.4616941641204515
-0.9418837675350709,0.18325956252641998,-1.190389855839669,1.4506120761433627
-0.92184368737475,0.20452012842490924,-1.181700879961622,1.438245452633013
-0.9018036072144291,0.22561643278275134,-1.1720628140912033,1.424634014917004
-0.8817635270541082,0.24653153197937222,-1.161483399097544,1.409821482639281
-0.8617234468937873,0.2672486279301861,-1.1499711318998436,1.3938554333335746
-0.8416833667334664,0.2877510815780747,-1.1375352586430214,1.3767871496053976
-0.8216432865731473,0.30802242625714304,-1.1241857672716207,1.3586714544134193
-0.8016032064128265,0.32804638091802507,-1.109933379507928,1.339566534979304
-0.7815631262525056,0.3478068632040934,-1.0947895422407667,1.3195337558916187
-0.7615230460921847,0.3672880023681053,-1.0787664183318564,1.2986374620040952
-0.7414829659318638,0.38647415201888524,-1.061876876847139,1.27694477176135
-0.7214428857715429,0.4053499026878151,-1.0441344827209147,1.2545253616158933
-0.701402805611222,0.42390009420503977,-1.0255534858610844,1.2314512422288635
-0.6813627254509029,0.44210982787544406,-1.0061488097042546,1.2077965271733426
-0.661322645290582,0.4599644784446348,-0.9859360392298848,1.1836371948831579
-0.6412825651302612,0.47744970584528856,-0.9649314084431306,1.1590508446117964
-0.6212424849699403,0.4945514667144686,-0.9431517873363995,1.1341164471852776
-0.6012024048096194,0.5112560256726314,-0.9206146683401202,1.108914091349564
-0.5811623246492985,0.5275499663552782,-0.8973381522735937,1.083524726527242
-0.5611222444889776,0.5434202021883865,-0.8733409338072149,1.0580299028097249
-0.5410821643286585,0.5588539868989673,-0.8486422864477396,1.032511509020118
-0.5210420841683376,0.5738389247523141,-0.8232620470586477,1.007051509688087
-0.5010020040080168,0.5883629805077031,-0.7972205999280599,0.9817316817815637
-0.48096192384769587,0.6024144890845708,-0.770538860396972,0.9566333520408886
-0.460921843687375,0.6159821649313924,-0.743238258060975,0.9318371357590776
-0.4408817635270541,0.6290551110897376,-0.7153407195589527,0.9074226778472423
-0.4208416833667332,0.6416228279462269,-0.6868686509625705,0.8834683970168552
-0.40080160320641234,0.653675221665358,-0.6578449197807097,0.8600512339005432
-0.38076152304609323,0.6652026122964273,-0.6282928365932943,0.837246403920439
-0.36072144288577235,0.6761957415480441,-0.5982361363292529,0.8151271556978616
-0.34068136272545146,0.6866457802239743,-0.5676989592036867,0.7937645357803395
-0.3206412825651306,0.6965443353143667,-0.5367058313295036,0.7732271604416263
-0.3006012024048097,0.7058834567366453,-0.5052816450191288,0.7535809952877123
-0.2805611222444888,0.7146556437206666,-0.4734516387920995,0.734889143376725
-0.26052104208416793,0.7228538508330056,-0.4412413771045987,0.7172116425332676
-0.24048096192384882,0.7304714936355373,-0.4086767298172154,0.7006052725082261
-0.22044088176352794,0.7375024539737691,-0.3757838514174032,0.6851233726034285
-0.20040080160320706,0.7439410848906681,-0.34258916001336726,0.6708156703469688
-0.18036072144288617,0.7497822151620513,-0.3091193161161943,0.6577281217694564
-0.1603206412825653,0.7550211534498833,-0.27540120122730966,0.6459027637942373
-0.1402805611222444,0.7596536920701517,-0.2414618962484418,0.6353775792157061
-0.12024048096192352,0.7636761103722943,-0.20732865973143727,0.6261863746993908
-0.10020040080160442,0.7670851777274599,-0.1730289059853978,0.6183586721956724
-0.08016032064128353,0.769878156123209,-0.13859018305870524,0.6119196141159176
-0.06012024048096265,0.7720528023625617,-0.10404015061366301,0.6068898825755984
-0.04008016032064177,0.7736073698656369,-0.06940655771146388,0.6032856329637832
-0.020040080160320883,0.7745406100724269,-0.034717220525372,0.6011184420523744
0.0,0.7748517734455863,0.0,0.6003952708117702
0.0,0.7748517734455863,0.0,0.6003952708117702
0.02004008016032064,0.7740739431135394,0.03471024927059934,0.60039527081177
0.04008016032064128,0.7717420137580794,0.0693508111877181,0.6003952708117702
0.06012024048096192,0.767860667165961,0.10385213830834412,0.6003952708117702
0.08016032064128256,0.7624376958704454,0.13814496272950558,0.6003952708117702
0.1002004008016032,0.7554839875063241,0.17216043515661356,0.6003952708117702
0.12024048096192384,0.7470135029509448,0.2058302631313698,0.6003952708117702
0.1402805611222445,0.7370432482951242,0.23908684814172046,0.6003952708117702
0.16032064128256512,0.7255932407002221,0.2718634213385828,0.6003952708117702
0.18036072144288576,0.7126864682099254,0.30409417758686713,0.60039527081177
0.2004008016032064,0.6983488435974275,0.3357144075816614,0.60039527081177
0.22044088176352705,0.6826091523406618,0.3666606277643313,0.6003952708117702
0.24048096192384769,0.665498994830041,0.3968707077777034,0.6003952708117702
0.2605210420841683,0.6470527229247313,0.4262839952044426,0.6003952708117702
0.280561122244489,0.6273073709848328,0.4548414373381867,0.6003952708117704
0.3006012024048096,0.6063025815179378,0.48248569974296085,0.6003952708117702
0.32064128256513025,0.5840805255893404,0.509161281362841,0.6003952708117704
0.3406813627254509,0.5606858181556917,0.5348146259507613,0.6003952708117702
0.3607214428857715,0.5361654284920842,0.5593942295927534,0.6003952708117704
0.3807615230460922,0.5105685858923965,0.5828507441117398,0.6003952708117702
0.4008016032064128,0.4839466808322299,0.6051370761432802,0.6003952708117702
0.42084168336673344,0.4563531617928608,0.6262084816843583,0.6003952708117702
0.4408817635270541,0.4278434279533642,0.6460226559253821,0.6003952708117702
0.4609218436873747,0.39847471796634154,0.6645398181850466,0.6003952708117702
0.48096192384769537,0.36830599504056066,0.6817227917775324,0.6003952708117702
0.501002004008016,0.3373978285612255,0.6975370786516945,0.6003952708117702
0.5210420841683366,0.3058122724855428,0.7119509286523884,0.6003952708117702
0.5410821643286573,0.2736127407577335,0.7249354032648782,0.6003952708117702
0.561122244488978,0.24086387999361175,0.7364644337143466,0.60039527081177
0.5811623246492986,0.20763143969034706,0.7465148733038639,0.6003952708117702
0.6012024048096192,0.1739821402219815,0.7550665438857352,0.60039527081177
0.6212424849699398,0.1399835388857314,0.7621022763729269,0.6003952708117702
0.6412825651302605,0.10570389426800707,0.7676079452092377,0.60039527081177
0.6613226452905812,0.0712120292024635,0.7715724967290096,0.60039527081177
0.6813627254509018,0.0365771925952171,0.7739879713494406,0.60039527081177
0.7014028056112224,0.001868920394644147,0.7748495195509439,0.6003952708117704
0.721442885771543,-0.032843104015115344,0.7741554116134709,0.6003952708117702
0.7414829659318637,-0.06748918971665457,0.771907041089249,0.60039527081177
0.7615230460921844,-0.10199977817692561,0.7681089220049642,0.6003952708117704
0.781563126252505,-0.13630558289907518,0.7627686797990028,0.60039527081177
0.8016032064128256,-0.17033772852811901,0.7558970360119499,0.6003952708117702
0.8216432865731462,-0.20402788913117018,0.7475077867610807,0.6003952708117704
0.8416833667334669,-0.2373084253745997,0.7376177750420595,0.6003952708117702
0.8617234468937875,-0.27011252032271954,0.7262468569134592,0.60039527081177
0.8817635270541082,-0.3023743135853485,0.7134178616319888,0.6003952708117702
0.9018036072144289,-0.33402903354493074,0.6991565458184668,0.6003952708117704
0.9218436873747494,-0.36501312739774094,0.6834915417465608,0.60039527081177
0.9418837675350701,-0.39526438874809044,0.6664542998581138,0.6003952708117702
0.9619238476953907,-0.42472208249936455,0.6480790256204664,0.60039527081177
0.9819639278557114,-0.45332706679115303,0.6284026108525486,0.60039527081177
1.002004008016032,-0.4810219117376572,0.6074645596576147,0.60039527081177
1.0220440881763526,-0.5077510147289875,0.5853069091113258,0.6003952708117702
1.0420841683366733,-0.533460712063859,0.5619741448644152,0.6003952708117702
1.062124248496994,-0.5580993866895649,0.5375131118293782,0.60039527081177
1.0821643286573146,-0.5816175718329188,0.5119729201304984,0.6003952708117702
1.1022044088176353,-0.6039680503141033,0.4854048465060387,0.60039527081177
1.122244488977956,-0.62510594934404,0.4578622313605445,0.6003952708117702
1.1422845691382766,-0.6449888306149523,0.42940037167395023,0.6003952708117702
1.1623246492985972,-0.663576775503251,0.40007640998249094,0.6003952708117702
1.1823647294589177,-0.6808324652136771,0.36994921965431604,0.6003952708117702
1.2024048096192383,-0.6967212557038032,0.33907928669012777,0.60039527081177
1.222444889779559,-0.7112112472384635,0.3075285882861613,0.6003952708117702
1.2424849699398797,-0.7242733484344724,0.27536046840330486,0.6003952708117702
1.2625250501002003,-0.7358813346670469,0.24263951059218683,0.6003952708117702
1.282565130260521,-0.746011900720673,0.2094314083295504,0.6003952708117702
1.3026052104208417,-0.7546447075787096,0.17580283312624428,0.60039527081177
1.3226452905811623,-0.7617624232577891,0.14182130067162432,0.6003952708117702
1.342685370741483,-0.7673507576050335,0.10755503528311125,0.6003952708117702
1.3627254509018036,-0.7713984909882247,0.07307283293304082,0.6003952708117702
1.3827655310621243,-0.7738974968213252,0.03844392312781115,0.60039527081177
1.4028056112224447,-0.7748427578801292,0.003737829916629009,0.60039527081177
1.4228456913827654,-0.7742323763752827,-0.030975767691097326,0.6003952708117702
1.442885771543086,-0.772067577762453,-0.06562717561947007,0.6003952708117704
1.4629258517034067,-0.7683527082819962,-0.10014682465006962,0.60039527081177
1.4829659318637274,-0.763095226233062,-0.13446541009524368,0.6003952708117702
1.503006012024048,-0.7563056869996554,-0.16851403094030337,0.6003952708117702
1.5230460921843687,-0.7479977218587182,-0.20222432817526667,0.6003952708117704
1.5430861723446894,-0.7381880106127768,-0.23552862203842875,0.6003952708117702
1.56312625250501,-0.7268962481021024,-0.26836004789621176,0.6003952708117702
1.5831663326653307,-0.7141451046636131,-0.30065269048649346,0.6003952708117702
1.6032064128256511,-0.6999601806159115,-0.33234171625589054,0.6003952708117704
1.6232464929859718,-0.6843699548618276,-0.36336350352531305,0.60039527081177
1.6432865731462925,-0.6674057277116681,-0.39365577022244824,0.6003952708117702
1.6633266533066131,-0.6491015580419538,-0.4231576989247368,0.6003952708117702
1.6833667334669338,-0.629494194915822,-0.4518100589617845,0.60039527081177
1.7034068136272544,-0.6086230038023691,-0.4795553253320742,0.60039527081177
1.723446893787575,-0.5865298875430687,-0.5063377941952244,0.6003952708117702
1.7434869739478958,-0.5632592022239352,-0.5321036947079266,0.6003952708117702
1.7635270541082164,-0.5388576681223407,-0.5568012969790243,0.6003952708117702
1.783567134268537,-0.5133742759072705,-0.5803810159269994,0.6003952708117702
1.8036072144288577,-0.4868601882813412,-0.6027955108313492,0.6003952708117702
1.8236472945891782,-0.45936863726205235,-0.6239997803779863,0.6003952708117702
1.8436873747494988,-0.4309548173085018,-0.6439512530078391,0.60039527081177
1.8637274549098195,-0.40167577450812497,-0.6626098723872654,0.6003952708117702
1.8837675350701402,-0.37159029204594923,-0.6799381778286732,0.6003952708117702
1.9038076152304608,-0.3407587721862924,-0.6959013794998977,0.6003952708117702
1.9238476953907815,-0.3092431150038572,-0.7104674282713328,0.6003952708117702
1.9438877755511021,-0.27710659410768995,-0.7236070800605852,0.6003952708117702
1.9639278557114228,-0.24441372960750996,-0.735293954545471,0.60039527081177
1.9839679358717435,-0.21123015857745517,-0.7455045881274732,0.6003952708117704
2.004008016032064,-0.1776225032773115,-0.7542184810393283,0.60039527081177
2.024048096192385,-0.14365823739579411,-0.7614181385021661,0.60039527081177
2.0440881763527052,-0.10940555058443113,-0.7670891058495667,0.6003952708117702
2.064128256513026,-0.07493321155401096,-0.7712199975480226,0.6003952708117702
2.0841683366733466,-0.04031043000846247,-0.7738025200555391,0.6003952708117702
2.1042084168336674,-0.005606717693357867,-0.774831488472479,0.6003952708117702
2.124248496993988,0.029108251161989156,-0.7743048369512235,0.6003952708117702
2.1442885771543083,0.06376477972864539,-0.7722236228437509,0.6003952708117702
2.164328657314629,0.09829328850754614,-0.7685920245788025,0.6003952708117702
2.1843687374749496,0.13262445502342776,-0.7634173332729018,0.6003952708117702
2.2044088176352705,0.16668935300273713,-0.7567099380920665,0.6003952708117704
2.224448897795591,0.20041959075608154,-0.748483305393604,0.6003952708117702
2.244488977955912,0.23374744848741794,-0.7387539516898655,0.6003952708117702
2.2645290581162323,0.2666060142542691,-0.7275414104882434,0.6003952708117702
2.284569138276553,0.2989293183060423,-0.7148681930739785,0.6003952708117702
2.3046092184368736,0.33065246553070365,-0.7007597433145236,0.60039527081177
2.3246492985971945,0.36171176574392383,-0.685244386576193,0.6003952708117702
2.344689378757515,0.3920448615591008,-0.6683532728556625,0.6003952708117702
2.3647294589178354,0.42159085358154086,-0.6501203142404934,0.60039527081177
2.3847695390781563,0.4502904226754488,-0.6305821168242371,0.60039527081177
2.4048096192384767,0.4780859490582464,-0.6097779072128195,0.6003952708117702
2.4248496993987976,0.5049216279831251,-0.5877494537697512,0.6003952708117704
2.444889779559118,0.5307435817775686,-0.5645409827582827,0.6003952708117702
2.464929859719439,0.5554999680129172,-0.5401990895488609,0.6003952708117704
2.4849699398797593,0.579141083587787,-0.5147726450701651,0.6003952708117702
2.50501002004008,0.6016194645164017,-0.4883126976915185,0.6003952708117704
2.5250501002004007,0.6228899812214627,-0.46087237073369464,0.6003952708117702
2.5450901803607215,0.6429099291402705,-0.43250675581385156,0.6003952708117702
2.565130260521042,0.6616391144621606,-0.4032728022387551,0.6003952708117702
2.5851703406813624,0.6790399348251402,-0.3732292026683329,0.6003952708117704
2.6052104208416833,0.6950774548097021,-0.34243627527911935,0.6003952708117704
2.6252505010020037,0.7097194760782481,-0.31095584266417503,0.6003952708117702
2.6452905811623246,0.7229366020193091,-0.2788511077126023,0.60039527081177
2.665330661322645,0.7347022967667702,-0.24618652671785868,0.6003952708117702
2.685370741482966,0.7449929384756134,-0.2130276799696254,0.6003952708117702
2.7054108216432864,0.7537878667472134,-0.1794411400890428,0.6003952708117704
2.7254509018036073,0.7610694241089746,-0.1454943383716493,0.6003952708117702
2.7454909819639277,0.7668229914650264,-0.11125542940638099,0.6003952708117702
2.7655310621242486,0.7710370174468099,-0.07679315424240636,0.60039527081177
2.785571142284569,0.7737030416046206,-0.042176702378552304,0.6003952708117702
2.8056112224448895,0.774815711393554,-0.007475572852363258,0.6003952708117702
2.8256513026052104,0.7743727929197455,0.027240565292283664,0.6003952708117702
2.845691382765531,0.7723751754253323,0.06190201287888294,0.6003952708117702
2.8657314629258517,0.7688268695031328,0.09643918053251498,0.6003952708117702
2.885771543086172,0.7637349990446274,0.13078272839359656,0.6003952708117704
2.905811623246493,0.7571097869374062,0.16486370533069347,0.6003952708117702
2.9258517034068134,0.7489645345407996,0.19861368737288393,0.6003952708117702
2.9458917835671343,0.7393155949808982,0.23196491508374895,0.6003952708117704
2.9659318637274548,0.728182340318576,0.2648504296011841,0.6003952708117702
2.9859719438877756,0.7155871226564348,0.2972042070699115,0.6003952708117704
3.006012024048096,0.7015552292627557,0.3289612911967797,0.6003952708117702
3.0260521042084165,0.6861148318025503,0.36005792366274675,0.6003952708117702
3.0460921843687374,0.669296929777645,0.3904316721296932,0.60039527081177
3.066132264529058,0.6511352882893541,0.42002155558507953,0.6003952708117704
3.0861723446893787,0.6316663702486827,0.4487681667728052,0.60039527081177
3.106212424849699,0.6109292631701824,0.4766137914644396,0.6003952708117704
3.12625250501002,0.588965600696407,0.5035025243313985,0.60039527081177
3.1462925851703405,0.5658194790105511,0.5293803811853993,0.6003952708117702
3.1663326653306614,0.5415373683050655,0.5541954073618744,0.60039527081177
3.186372745490982,0.5161680194840075,0.5778977820287318,0.6003952708117702
3.2064128256513023,0.48976236628643177,0.600439918211044,0.6003952708117702
3.226452905811623,0.4623734230273289,0.6217765583308532,0.60039527081177
3.2464929859719436,0.43405617816142017,0.6418648650702666,0.6003952708117702
3.2665330661322645,0.40486748388349036,0.6606645073754317,0.6003952708117702
3.286573146292585,0.3748659419869161,0.6781377414287103,0.6003952708117702
3.306613226452906,0.3441117862095408,0.6942494864264932,0.6003952708117702
3.3266533066132262,0.3126667613031244,0.7089673950105077,0.6003952708117702
3.346693386773547,0.2805939990691325,0.7222619182112275,0.6003952708117702
3.3667334669338675,0.2479578916097816,0.7341063647729816,0.6003952708117702
3.3867735470941884,0.21482396204877346,0.7444769547416745,0.6003952708117704
3.406813627254509,0.1812587329813088,0.7533528672075132,0.6003952708117702
3.4268537074148293,0.14732959291746336,0.7607162821069,0.6003952708117702
3.44689378757515,0.11310466098707814,0.7665524159995638,0.6003952708117702
3.4669338677354706,0.07865265017779861,0.770849551749094,0.6003952708117704
3.4869739478957915,0.04404272938082657,0.7735990620472969,0.6003952708117704
3.507014028056112,0.00934438452136266,0.7747954267351397,0.6003952708117704
3.527054108216433,-0.025372720947456774,0.7744362438855071,0.6003952708117704
3.5470941883767533,-0.060038885907043066,0.7725222346255227,0.6003952708117702
3.567134268537074,-0.09458451151146313,0.7690572416887498,0.6003952708117702
3.5871743486973946,-0.1289402409202048,0.7640482217001815,0.6003952708117702
3.6072144288577155,-0.16303709854508797,0.7575052312095075,0.6003952708117702
3.627254509018036,-0.19680662853172262,0.7494414065006996,0.6003952708117704
3.6472945891783564,-0.23018103219751498,0.7398729372184503,0.6003952708117704
3.6673346693386772,-0.26309330415027293,0.7288190338644169,0.6003952708117702
3.6873747494989977,-0.29547736681413156,0.7163018892285273,0.6003952708117704
3.7074148296593186,-0.32726820309272076,0.7023466338327763,0.6003952708117702
3.727454909819639,-0.35840198690319974,0.6869812854769836,0.6003952708117702
3.74749498997996,-0.3888162113191417,0.6702366929877823,0.6003952708117702
3.7675350701402803,-0.4184498140649244,0.6521464742838072,0.6003952708117702
3.787575150300601,-0.4472433001097507,0.632746948881391,0.6003952708117702
3.8076152304609217,-0.4751388611150998,0.6120770649763118,0.6003952708117702
3.8276553106212425,-0.502080491495844,0.5901783212479614,0.6003952708117702
3.847695390781563,-0.5280141008619937,0.5670946835429429,0.6003952708117704
3.8677354709418834,-0.5528876226153279,0.5428724966053641,0.6003952708117702
3.8877755511022043,-0.5766511184828822,0.5175603910310479,0.6003952708117704
3.9078156312625247,-0.5992568787774244,0.4912091856324651,0.6003952708117702
3.9278557114228456,-0.6206595181836241,0.4638717854104104,0.6003952708117702
3.947895791583166,-0.6408160668776082,0.435603075337265,0.6003952708117702
3.967935871743487,-0.6596860567969681,0.40645981016508576,0.6003952708117702
3.9879759519038074,-0.6772316028879971,0.3765005004797795,0.6003952708117702
4.008016032064128,-0.6934174791670714,0.3457852952300811,0.6003952708117704
4.028056112224449,-0.7082111894434294,0.31437586096723935,0.60039527081177
4.04809619238477,-0.7215830325613903,0.28233525803781173,0.6003952708117702
4.06813627254509,-0.7335061620310083,0.24972781397815982,0.6003952708117702
4.0881763527054105,-0.7439566399274514,0.21661899436482177,0.6003952708117702
4.108216432865731,-0.7529134849508868,0.18307527138005514,0.6003952708117702
4.128256513026052,-0.7603587145503873,0.14916399035642933,0.6003952708117702
4.148296593186372,-0.7662773810272826,0.11495323456840584,0.6003952708117704
4.168336673346693,-0.7706576015454784,0.08051168854235359,0.60039527081177
4.188376753507014,-0.7734905819884811,0.04590850015945792,0.60039527081177
4.208416833667335,-0.774770634615244,0.01121314182833069,0.60039527081177
4.228456913827655,-0.7744951894793751,-0.023504728993907716,0.6003952708117704
4.248496993987976,-0.7726647995887885,-0.05817540965208114,0.6003952708117702
4.268537074148297,-0.7692831397954368,-0.09272929223414023,0.60039527081177
4.288577154308617,-0.7643569994173555,-0.12709700332213594,0.6003952708117702
4.3086172344689375,-0.7578962686078283,-0.16120954327241563,0.6003952708117704
4.328657314629258,-0.7499139184990462,-0.19499842474537102,0.6003952708117704
4.348697394789579,-0.7404259751601192,-0.22839581020665997,0.60039527081177
4.368737474949899,-0.7294514874217294,-0.26133464812381235,0.6003952708117704
4.38877755511022,-0.7170124886320175,-0.29374880758479865,0.6003952708117702
4.408817635270541,-0.7031339524204988,-0.32557321106826026,0.6003952708117704
4.428857715430862,-0.6878437425587988,-0.35674396509888606,0.6003952708117704
4.448897795591182,-0.6711725570188951,-0.3871984885255728,0.6003952708117702
4.468937875751503,-0.6531538663411622,-0.41687563816486245,0.60039527081177
4.488977955911824,-0.6338238464359696,-0.4457158315573755,0.6003952708117702
4.509018036072144,-0.6132213059537389,-0.47366116659080376,0.6003952708117702
4.529058116232465,-0.5913876083692731,-0.5006555377493007,0.6003952708117702
4.5490981963927855,-0.5683665889368085,-0.5266447487558451,0.6003952708117702
4.569138276553106,-0.544204466682494,-0.5515766213814656,0.6003952708117702
4.589178356713426,-0.5189497516110042,-0.5754011002028474,0.6003952708117702
4.609218436873747,-0.4926531473125821,-0.5980703530980093,0.6003952708117702
4.629258517034068,-0.4653674491660447,-0.6195388672782839,0.6003952708117702
4.649298597194389,-0.43714743834213154,-0.6397635406638006,0.60039527081177
4.669338677354709,-0.4080497718200025,-0.6587037684190171,0.6003952708117702
4.68937875751503,-0.37813286863769013,-0.6763215244745665,0.6003952708117702
4.709418837675351,-0.3474567926049061,-0.6925814378717361,0.6003952708117704
4.729458917835671,-0.3160831317136361,-0.7074508637763264,0.60039527081177
4.749498997995992,-0.28407487448866364,-0.7208999490192937,0.60039527081177
4.7695390781563125,-0.25149628352626646,-0.7329016920325986,0.6003952708117702
4.789579158316633,-0.21841276647496213,-0.7434319970599355,0.6003952708117702
4.809619238476953,-0.1848907447173602,-0.7524697225334919,0.6003952708117704
4.829659318637274,-0.1509975200167311,-0.7599967235196261,0.60039527081177
4.849699398797595,-0.11680113939607205,-0.7659978881482309,0.6003952708117702
4.869739478957916,-0.0823702585209039,-0.7704611679526553,0.6003952708117702
4.889779559118236,-0.04777400386011309,-0.7733776020592684,0.6003952708117704
4.909819639278557,-0.013081833901557533,-0.7747413351780982,0.60039527081177
4.929859719438878,0.021636600298897222,-0.7745496293584266,0.6003952708117702
4.949899799599198,0.05631159495498454,-0.7728028694857415,0.6003952708117704
4.969939879759519,0.09087353349349567,-0.769504562509006,0.6003952708117704
4.98997995991984,0.1252530263226366,-0.7646613303997994,0.6003952708117704
5.01002004008016,0.15938105014469073,-0.758282896857463,0.6003952708117702
5.03006012024048,0.1931890865332625,-0.7503820677869467,0.6003952708117704
5.050100200400801,0.22660925949691807,-0.7409747055885434,0.60039527081177
5.070140280561122,0.25957447175299064,-0.7300796973111402,0.6003952708117702
5.090180360721443,0.29201853943800105,-0.7177189167329135,0.6003952708117702
5.110220440881763,0.3238763249842087,-0.7039171804456071,0.6003952708117702
5.130260521042084,0.35508386789553564,-0.6887021980305538,0.6003952708117704
5.150300601202405,0.3855785131602792,-0.6721045164264845,0.6003952708117702
5.170340681362725,0.41529903704284304,-0.6541574586008001,0.6003952708117702
5.190380761523046,0.4441857700018993,-0.6348970566474458,0.60039527081177
5.210420841683367,0.4721807164882094,-0.6143619794457104,0.6003952708117702
5.2304609218436875,0.4992276713816022,-0.5925934550251742,0.6003952708117702
5.2505010020040075,0.5252723328333168,-0.569635187792692,0.6003952708117702
5.270541082164328,0.5502624112871879,-0.5455332707875661,0.6003952708117702
5.290581162324649,0.5741477344607523,-0.5203360931411116,0.60039527081177
5.31062124248497,0.5968803480755488,-0.4940942429263692,0.6003952708117702
5.33066132264529,0.6184146121343486,-0.4668604055930354,0.6003952708117702
5.350701402805611,0.6387072925520343,-0.43868925819151344,0.6003952708117704
5.370741482965932,0.6577176479561568,-0.40963735959845166,0.6003952708117704
5.390781563126252,0.6754075114829022,-0.37976303696416197,0.6003952708117702
5.410821643286573,0.6917413674042516,-0.34912626860989193,0.6003952708117702
5.430861723446894,0.706686422432481,-0.3177885636100696,0.6003952708117702
5.4509018036072145,0.7202126715588548,-0.2858128383012689,0.6003952708117702
5.4709418837675345,0.7322929582943263,-0.25326328996582653,0.60039527081177
5.490981963927855,0.7429030291912958,-0.220205267943723,0.6003952708117702
5.511022044088176,0.7520215825369667,-0.1867051424314991,0.6003952708117702
5.531062124248497,0.7596303111205417,-0.15283017123159712,0.6003952708117704
5.551102204408817,0.7657139389883899,-0.11864836471968136,0.6003952708117702
5.571142284569138,0.7702602521133998,-0.08422834930100431,0.60039527081177
5.591182364729459,0.7732601229169327,-0.049639229630004986,0.6003952708117702
5.611222444889779,0.7747075285941549,-0.014950449869712874,0.6003952708117702
5.6312625250501,0.7745995632059514,0.019768345730473955,0.6003952708117702
5.651302605210421,0.7729364435131441,0.05444745265871093,0.6003952708117704
5.671342685370742,0.7697215085413046,0.08901724608562407,0.60039527081177
5.691382765531062,0.7649612128770327,0.12340832064925499,0.6003952708117702
5.7114228456913825,0.7586651137091581,0.15755162979937826,0.6003952708117702
5.731462925851703,0.7508458516408887,0.19137862442143008,0.6003952708117702
5.751503006012024,0.7415191253114201,0.22482139046175478,0.6003952708117702
5.771543086172344,0.7307036598779676,0.25781278527783225,0.6003952708117702
5.791583166332665,0.7184211694214878,0.2902865724397739,0.6003952708117702
5.811623246492986,0.7046963133515806,0.3221775547123996,0.6003952708117704
5.831663326653306,0.689556646898085,0.3534217049509549,0.6003952708117702
5.851703406813627,0.6730325657887716,0.3839562946476501,0.60039527081177
5.871743486973948,0.6551572452242066,0.4137200198709256,0.6003952708117702
5.891783567134269,0.6359665732722929,0.44265312434463583,0.6003952708117704
5.911823647294589,0.6154990788162269,0.4706975194200054,0.6003952708117702
5.9318637274549095,0.5937958542005162,0.4977969006995219,0.6003952708117704
5.95190380761523,0.5709004727303727,0.5238968610785973,0.6003952708117702
5.971943887775551,0.5468589011901089,0.5489449999780642,0.6003952708117704
5.991983967935871,0.5217194075561687,0.5728910285481965,0.6003952708117702
6.012024048096192,0.49553246409008705,0.5956868706330338,0.6003952708117702
6.032064128256513,0.46835064600593684,0.6172867592923016,0.6003952708117704
6.052104208416833,0.4402285259156963,0.6376473286871539,0.6003952708117702
6.072144288577154,0.41122256426446224,0.6567277011452543,0.6003952708117702
6.092184368737475,0.38139099597549864,0.6744895692303828,0.6003952708117702
6.112224448897796,0.35079371353266503,0.6908972726518269,0.6003952708117702
6.132264529058116,0.3194921467349973,0.705917869859117,0.6003952708117702
6.152304609218437,0.2875491393648271,0.7195212041783879,0.6003952708117702
6.1723446893787575,0.2550288230170757,0.7316799643575702,0.60039527081177
6.192384769539078,0.22199648834301572,0.7423697393988655,0.6003952708117702
6.212424849699398,0.18851845396700445,0.7515690675684176,0.60039527081177
6.232464929859719,0.15466193333937225,0.7592594794847792,0.6003952708117704
6.25250501002004,0.12049489979278669,0.7654255351996669,0.6003952708117704
6.27254509018036,0.08608595007299807,0.7700548551965629,0.6003952708117704
6.292585170340681,0.051504166617972344,0.7731381452449222,0.6003952708117702
6.312625250501002,0.01681897886190434,0.7746692150600881,0.6003952708117704
6.332665330661323,-0.017899976157429182,0.7746449907314534,0.60039527081177
6.352705410821643,-0.05258299360811836,0.7730655208939142,0.6003952708117704
6.372745490981964,-0.08716044080968677,0.7699339766302247,0.6003952708117702
6.3927855711422845,-0.12156289703377982,0.7652566451044543,0.6003952708117702
6.4128256513026045,-0.15572129287934544,0.7590429169393226,0.6003952708117702
6.432865731462925,-0.1895670489424454,0.7513052673627563,0.60039527081177
6.452905811623246,-0.22303221350229982,0.7420592311615257,0.6003952708117702
6.472945891783567,-0.25604959894715207,0.7313233714922373,0.6003952708117704
6.492985971943887,-0.2885529166660343,0.7191192426123049,0.6003952708117704
6.513026052104208,-0.32047691013562074,0.7054713466057253,0.60039527081177
6.533066132264529,-0.3517574859349715,0.6904070841905364,0.6003952708117702
6.55310621242485,-0.38233184242512946,0.6739566997067217,0.6003952708117704
6.57314629258517,-0.4121385958352205,0.6561532203950103,0.6003952708117702
6.593186372745491,-0.4411179035019239,0.637032390088477,0.6003952708117702
6.613226452905812,-0.4692115840148624,0.6166325974500813,0.6003952708117704
6.633266533066132,-0.496363234026736,0.5949947989002004,0.60039527081177
6.6533066132264524,-0.5225183414936488,0.5721624363889128,0.6003952708117702
6.673346693386773,-0.5476243951182833,0.5481813501781181,0.6003952708117702
6.693386773547094,-0.5716309897762119,0.5230996868085841,0.6003952708117704
6.713426853707414,-0.5944899277136567,0.4969678024367186,0.60039527081177
6.733466933867735,-0.6161553153135567,0.46983816173510407,0.6003952708117704
6.753507014028056,-0.6365836552356237,0.4417652325598097,0.60039527081177
6.773547094188377,-0.6557339337454396,0.4128053765959227,0.6003952708117702
6.793587174348697,-0.67356770305724,0.3830167362008662,0.60039527081177
6.813627254509018,-0.6900491585250782,0.35245911767267646,0.60039527081177
6.833667334669339,-0.7051452105273796,0.3211938711776236,0.6003952708117702
6.853707414829659,-0.7188255509005855,0.2892837675782033,0.60039527081177
6.8737474949899795,-0.731062713788492,0.25679287240882626,0.6003952708117704
6.8937875751503,-0.7418321307851176,0.22378641725221493,0.6003952708117702
6.913827655310621,-0.7511121802604026,0.19033066877472665,0.6003952708117702
6.933867735470941,-0.7588842307696951,0.15649279568356575,0.60039527081177
6.953907815631262,-0.7651326784598841,0.12234073387295792,0.6003952708117704
6.973947895791583,-0.7698449783970648,0.0879430500300791,0.6003952708117702
6.993987975951904,-0.7730116697528561,0.05336880397452845,0.6003952708117702
7.014028056112224,-0.7746263947987909,0.018687410007753803,0.6003952708117702
7.034068136272545,-0.7746859116706531,-0.016031502449213596,0.6003952708117702
7.054108216432866,-0.773190100877129,-0.05071822864991721,0.6003952708117702
7.074148296593186,-0.7701419655397086,-0.08530312846786198,0.6003952708117702
7.0941883767535066,-0.7655476253633543,-0.11971676621217112,0.6003952708117702
7.114228456913827,-0.7594163043500425,-0.15389005003278777,0.6003952708117702
7.134268537074148,-0.7517603122798454,-0.1877543706353583,0.60039527081177
7.154308617234468,-0.7425950199967317,-0.22124173902729977,0.6003952708117702
7.174348697394789,-0.7319388285487054,-0.25428492301848943,0.6003952708117704
7.19438877755511,-0.7198131322442428,-0.2868175822025254,0.6003952708117704
7.214428857715431,-0.7062422756991961,-0.3187744011475686,0.6003952708117704
7.234468937875751,-0.6912535049603936,-0.3500912205293661,0.60039527081177
7.254509018036072,-0.6748769128040795,-0.38070516594315496,0.6003952708117704
7.274549098196393,-0.6571453783190074,-0.41055477413584995,0.6003952708117702
7.294589178356713,-0.6380945008954857,-0.4395801164050886,0.6003952708117702
7.314629258517034,-0.617762528752901,-0.4677229189173771,0.6003952708117702
7.3346693386773545,-0.5961902821492285,-0.49492667970376536,0.6003952708117702
7.354709418837675,-0.5734210714266912,-0.5211367820981703,0.6003952708117702
7.374749498997995,-0.5495006100580924,-0.5463006043906179,0.60039527081177
7.394789579158316,-0.5244769228684272,-0.5703676254752159,0.6003952708117702
7.414829659318637,-0.4984002496160169,-0.5932895262807715,0.6003952708117702
7.434869739478958,-0.47132294412674314,-0.6150202867804193,0.6003952708117702
7.454909819639278,-0.4432993691838908,-0.635516278385483,0.6003952708117702
7.474949899799599,-0.4143857873846404,-0.654736351538069,0.6003952708117702
7.49498997995992,-0.38464024818232795,-0.6726419183265397,0.6003952708117702
7.51503006012024,-0.3541224713412451,-0.6891970299580079,0.6003952708117702
7.535070140280561,-0.32289372703797586,-0.7043684489323009,0.6003952708117704
7.5551102204408815,-0.29101671284999836,-0.7181257157724904,0.60039527081177
7.575150300601202,-0.25855542787851415,-0.7304412101780189,0.6003952708117702
7.595190380761522,-0.22557504425819813,-0.7412902064776535,0.6003952708117702
7.615230460921843,-0.19214177631190163,-0.7506509232709152,0.6003952708117702
7.635270541082164,-0.15832274761292542,-0.7585045671583422,0.60039527081177
7.655310621242485,-0.12418585622184311,-0.7648353704727691,0.6003952708117702
7.675350701402805,-0.08979963836835622,-0.7696306229358878,0.6003952708117702
7.695390781563126,-0.055233130851931066,-0.77288069717652,0.6003952708117702
7.715430861723447,-0.020555732437445486,-0.7745790680593753,0.60039527081177
7.735470941883767,0.014162935475889203,-0.7747223257854882,0.6003952708117704
7.755511022044088,0.04885316863258655,-0.7733101827380305,0.60039527081177
7.775551102204409,0.08344531986528186,-0.7703454740597565,0.60039527081177
7.7955911823647295,0.11786993892451399,-0.76583415196092,0.6003952708117702
7.8156312625250495,0.15205791191316834,-0.7597852737690941,0.60039527081177
7.83567134268537,0.18594060004562932,-0.7522109837448809,0.60039527081177
7.855711422845691,0.21944997745304587,-0.7431264887000246,0.60039527081177
7.875751503006012,0.2525187677580494,-0.7325500274668799,0.6003952708117702
7.895791583166332,0.2850805791447499,-0.7205028342805212,0.6003952708117702
7.915831663326653,0.31707003765278496,-0.7070090961470239,0.6003952708117702
7.935871743486974,0.3484229184278353,-0.6920959042835033,0.6003952708117702
7.955911823647294,0.37907627466510396,-0.6757931997273995,0.6003952708117702
7.975951903807615,0.40896856398687037,-0.6581337132242104,0.6003952708117702
7.995991983967936,0.43803977200038297,-0.6391528995143672,0.6003952708117702
8.016032064128256,0.46623153278803314,-0.6188888661511786,0.6003952708117702
8.036072144288577,0.49348724608792754,-0.597382296992741,0.6003952708117702
8.056112224448897,0.5197521909295415,-0.5746763705214541,0.6003952708117702
8.076152304609218,0.5449736354963756,-0.5508166731550832,0.6003952708117702
8.09619238476954,0.5691009429949787,-0.525851107723466,0.6003952708117702
8.11623246492986,0.5920856733178497,-0.499829797294558,0.6003952708117704
8.13627254509018,0.6138816802960483,-0.47280498454296205,0.6003952708117702
8.1563126252505,0.6344452043463217,-0.4448309268629198,0.6003952708117702
8.176352705410821,0.6537349603266914,-0.4159637874363938,0.6003952708117702
8.196392785571142,0.6717122204241363,-0.3862615224749246,0.60039527081177
8.216432865731463,0.6883408919079717,-0.35578376486161956,0.60039527081177
8.236472945891784,0.7035875895927838,-0.3245917044269409,0.60039527081177
8.256513026052104,0.7174217028654731,-0.29274796509860657,0.60039527081177
8.276553106212425,0.7298154571418201,-0.260316479172269,0.6003952708117702
8.296593186372744,0.7407439696291783,-0.22736235895542858,0.6003952708117702
8.316633266533065,0.7501852992833719,-0.19395176604219908,0.60039527081177
8.336673346693386,0.7581204908594565,-0.1601517784814982,0.6003952708117702
8.356713426853707,0.7645336129679454,-0.1260302561052308,0.60039527081177
8.376753507014028,0.76941179006007,-0.09165570428690785,0.6003952708117706
8.396793587174349,0.7727452282778622,-0.05709713640424424,0.60039527081177
8.41683366733467,0.7745272351171699,-0.022423935281801585,0.6003952708117702
8.436873747494989,0.774754232864115,0.012294286108059223,0.6003952708117704
8.45691382765531,0.7734257657780286,0.0469878244063316,0.6003952708117702
8.47695390781563,0.7705445010064347,0.08158702580995751,0.6003952708117702
8.496993987975952,0.7661162232302519,0.116022425914929,0.6003952708117704
8.517034068136272,0.7601498230499554,0.1502248891791627,0.6003952708117702
8.537074148296593,0.7526572791360281,0.18412574772508408,0.6003952708117702
8.557114228456914,0.743653634179525,0.2176569392033144,0.6003952708117702
8.577154308617233,0.7331569646910409,0.25075114344064314,0.6003952708117702
8.597194388777554,0.7211883447087165,0.2833419175979291,0.60039527081177
8.617234468937875,0.707771803488143,0.31536382956660053,0.6003952708117702
8.637274549098196,0.6929342772591149,0.3467525893359099,0.6003952708117702
8.657314629258517,0.6767055551460772,0.3774451780672388,0.6003952708117702
8.677354709418838,0.6591182193608615,0.4073799746162512,0.60039527081177
8.697394789579159,0.6402075797877657,0.43649687924893793,0.6003952708117702
8.71743486973948,0.6200116030923155,0.46473743430314196,0.6003952708117702
8.737474949899799,0.5985708364960554,0.49204494155329226,0.6003952708117702
8.75751503006012,0.5759283263703553,0.5183645760427807,0.6003952708117704
8.77755511022044,0.5521295318127467,0.5436434961553456,0.60039527081177
8.797595190380761,0.5272222333792231,0.5678309497045703,0.6003952708117702
8.817635270541082,0.5012564371557826,0.590878375828445,0.6003952708117702
8.837675350701403,0.47428427436182014,0.6127395024844179,0.6003952708117702
8.857715430861724,0.44635989668688275,0.6333704393492371,0.6003952708117702
8.877755511022043,0.41753936757098614,0.6527297659370156,0.60039527081177
8.897795591182364,0.38788054964669944,0.6707786147586583,0.6003952708117702
8.917835671342685,0.3574429885690338,0.6874807493556513,0.6003952708117702
8.937875751503006,0.32628779346634884,0.7028026370515634,0.6003952708117704
8.957915831663327,0.29447751425226754,0.7167135162752101,0.6003952708117704
8.977955911823647,0.26207601604497766,0.7291854583202841,0.6003952708117702
8.997995991983968,0.2291483509459884,0.7401934234174905,0.6003952708117702
9.018036072144287,0.19576062743579695,0.7497153110065936,0.6003952708117702
9.038076152304608,0.16197987764868807,0.7577320041074458,0.60039527081177
9.05811623246493,0.1278739227931126,0.764227407700922,0.6003952708117702
9.07815631262525,0.09351123698786391,0.7691884810426959,0.6003952708117702
9.098196392785571,0.058960809787401335,0.7726052638449884,0.6003952708117702
9.118236472945892,0.024292007672335875,0.7744708962737189,0.6003952708117702
9.138276553106213,-0.010425565216806206,0.7747816327209108,0.6003952708117704
9.158316633266534,-0.04512220682300822,0.7735368493247053,0.6003952708117702
9.178356713426853,-0.07972825711272961,0.770739045221881,0.60039527081177
9.198396793587174,-0.1141742379315437,0.7663938375303663,0.6003952708117702
9.218436873747494,-0.1483909924945914,0.7605099500718189,0.6003952708117702
9.238476953907815,-0.1823098242318253,0.7530991958569144,0.6003952708117702
9.258517034068136,-0.21586263470931283,0.7441764533685032,0.6003952708117702
9.278557114228457,-0.2489820603496312,0.7337596366902603,0.6003952708117704
9.298597194388778,-0.28160160767692644,0.7218696595407932,0.6003952708117704
9.318637274549097,-0.313655786815077,0.7085303932854152,0.6003952708117702
9.338677354709418,-0.3450802429709288,0.6937686190098936,0.6003952708117702
9.358717434869739,-0.37581188563865153,0.6776139737523801,0.60039527081177
9.37875751503006,-0.4057890152657868,0.6600988910014871,0.6003952708117702
9.39879759519038,-0.4349514471267092,0.6412585355799575,0.60039527081177
9.418837675350701,-0.46324063215478894,0.621130733044664,0.6003952708117702
9.438877755511022,-0.4905997744906383,0.599755893744701,0.60039527081177
9.458917835671341,-0.516973945510497,0.5771769316899974,0.6003952708117702
9.478957915831662,-0.5423101941057665,0.5534391783933769,0.60039527081177
9.498997995991983,-0.5665576529923225,0.5285902918590174,0.6003952708117702
9.519038076152304,-0.5896676408361496,0.5026801609000496,0.6003952708117702
9.539078156312625,-0.6115937599902789,0.47576080497737877,0.6003952708117702
9.559118236472946,-0.6322919896467949,0.4478862697608264,0.6003952708117704
9.579158316633267,-0.6517207742168768,0.4191125186222966,0.6003952708117702
9.599198396793588,-0.669841106761464,0.38949732027877576,0.6003952708117702
9.619238476953907,-0.6866166073050247,0.35910013281076314,0.6003952708117704
9.639278557114228,-0.7020135958751945,0.3279819842889991,0.6003952708117702
9.659318637274549,-0.716001160121658,0.29620535024913025,0.60039527081177
9.67935871743487,-0.7285512173785015,0.2638340282603319,0.6003952708117702
9.69939879759519,-0.7396385710454535,0.23093300983967166,0.60039527081177
9.719438877755511,-0.7492409611747917,0.19756834996943343,0.60039527081177
9.739478957915832,-0.7573391091623781,0.16380703447930986,0.6003952708117702
9.759519038076151,-0.7639167564530833,0.12971684555974555,0.6003952708117704
9.779559118236472,-0.7689606971828916,0.0953662256764496,0.6003952708117702
9.799599198396793,-0.7724608046921578,0.06082414015926816,0.6003952708117702
9.819639278557114,-0.7744100518567798,0.026159938741322428,0.60039527081177
9.839679358717435,-0.7748045251964736,-0.008556783673628809,0.60039527081177
9.859719438877756,-0.7736434327318198,-0.043256326736055756,0.60039527081177
9.879759519038076,-0.7709291055743118,-0.07786902458719878,0.6003952708117702
9.899799599198396,-0.7666669932462108,-0.11232538572640145,0.6003952708117704
9.919839679358716,-0.760865652739604,-0.1465562325283592,0.6003952708117704
9.939879759519037,-0.7535367313366368,-0.18049284013020464,0.6003952708117704
9.959919839679358,-0.7446949432253982,-0.2140670744096139,0.6003952708117702
9.97995991983968,-0.7343580399584272,-0.2472115287768499,0.6003952708117702
10.0,-0.7225467748131256,-0.27985965950619,0.6003952708117702
