Gauge_Condition_Lambda,Real_Wavefunction,Imaginary_Wavefunction,Absolute_Amplitude
0.0,1.0,0.0,1.0
0.002004008016032064,0.9975703666635882,0.0062805634122725775,0.997590137241794
0.004008016032064128,0.9951071909685503,0.012530607892069345,0.9951860819221015
0.0060120240480961915,0.9926107460866097,0.018749996924295687,0.9927878200457926
0.008016032064128256,0.9900813053831742,0.024938596041210948,0.9903953376514637
0.01002004008016032,0.9875191424040073,0.031096272818670553,0.9880086208113567
0.012024048096192383,0.9849245308619548,0.037222896872293555,0.985627655631277
0.014028056112224447,0.982297744623728,0.04331833985355614,0.9832524282505133
0.01603206412825651,0.9796390576967433,0.049382475445811584,0.9808829248417568
0.018036072144288574,0.9769487442160201,0.05541517936023725,0.9785191316110206
0.02004008016032064,0.9742270784311327,0.06141632933170917,0.9761610347975591
0.022044088176352703,0.9714743346932246,0.06738580511460458,0.9738086206737887
0.024048096192384766,0.9686907874420763,0.0733234884785333,0.971461875545207
0.026052104208416832,0.9658767111932335,0.07922926320399806,0.9691207857503137
0.028056112224448895,0.9630323805251944,0.08510301507798468,0.9667853376605308
0.03006012024048096,0.9601580700666534,0.09094463188948237,0.964455517680123
0.03206412825651302,0.9572540544838072,0.09675400342493486,0.9621313122461195
0.03406813627254509,0.9543206084677165,0.10253102146362293,0.9598127078282338
0.03607214428857715,0.9513580067217312,0.10827557977297858,0.9574996909287857
0.038076152304609215,0.948366523948973,0.11398757410383192,0.9551922480826227
0.04008016032064128,0.9453464348398795,0.11966690218559062,0.9528903658570413
0.04208416833667334,0.9422980140598077,0.12531346372135302,0.9505940308517092
0.044088176352705406,0.9392215362366999,0.13092716038295554,0.9483032296985868
0.04609218436873747,0.9361172759488094,0.13650789580595404,0.9460179490618498
0.04809619238476953,0.932985507712488,0.14205557558454085,0.9437381756378113
0.0501002004008016,0.9298265059700351,0.1475701072663971,0.9414638961548445
0.052104208416833664,0.9266405450776087,0.15305140034748146,0.9391950973733055
0.05410821643286573,0.9234278992931979,0.1584993662667555,0.9369317660854559
0.05611222444889779,0.9201888427646592,0.1639139184008462,0.9346738891153865
0.058116232464929855,0.9169236495178134,0.1692949720586468,0.9324214533189398
0.06012024048096192,0.9136325934446072,0.17464244447585525,0.9301744455836342
0.06212424849699398,0.9103159482913371,0.17995625480945218,0.9279328528285874
0.06412825651302605,0.9069739876469353,0.1852363241321181,0.9256966620044399
0.06613226452905811,0.903606984931322,0.19048257542659067,0.9234658600932799
0.06813627254509018,0.9002152133838186,0.19569493357996226,0.9212404341085665
0.07014028056112225,0.8967989460516268,0.20087332537791905,0.9190203710950547
0.0721442885771543,0.8933584557783708,0.2060176794989214,0.9168056581287202
0.07414829659318636,0.8898940151927042,0.21112792650832662,0.9145962823166832
0.07615230460921843,0.8864058966969816,0.21620399885245414,0.9123922307971347
0.0781563126252505,0.8828943724559949,0.22124583085259444,0.9101934907392603
0.08016032064128256,0.8793597143857748,0.22625335869896138,0.9080000493431662
0.08216432865731463,0.8758021941424572,0.23122652044458897,0.905811893839805
0.08416833667334668,0.8722220831112146,0.23616525599917343,0.9036290114909004
0.08617234468937875,0.8686196523952548,0.2410695071228601,0.901451389588874
0.08817635270541081,0.8649951728048825,0.24593921741997662,0.8992790154567708
0.09018036072144288,0.8613489148466296,0.25077433233271273,0.8971118764481854
0.09218436873747494,0.8576811487124502,0.25557479913474723,0.8949499599471886
0.09418837675350701,0.853992144268982,0.2603405669248221,0.892793253368254
0.09619238476953906,0.850282171046874,0.26507158662026514,0.8906417441561844
0.09819639278557113,0.8465514982301816,0.26976781095046165,0.8884954197860387
0.1002004008016032,0.8428003946458279,0.27442919445027464,0.8863542677630598
0.10220440881763526,0.8390291287531316,0.27905569345341513,0.8842182756226007
0.10420841683366733,0.8352379686334027,0.2836472660857631,0.8820874309300528
0.1062124248496994,0.8314271819796047,0.28820387225863886,0.8799617212807729
0.10821643286573146,0.8275970360860854,0.29272547366202634,0.8778411343000115
0.11022044088176351,0.8237477978383732,0.29721203375774763,0.8757256576428406
0.11222444889779558,0.8198797337030432,0.3016635177725909,0.8736152789940818
0.11422845691382764,0.8159931097176499,0.3060798926913905,0.8715099860682343
0.11623246492985971,0.8120881914807279,0.31046112725006136,0.8694097666094038
0.11823647294589178,0.8081652441418603,0.3148071919285871,0.8673146083912313
0.12024048096192384,0.804224532391817,0.31911805894396295,0.8652244992168213
0.1222444889779559,0.8002663204527587,0.3233937022430937,0.8631394269186713
0.12424849699398796,0.7962908720685118,0.32763409749564787,0.8610593793586008
0.12625250501002003,0.7922984504949097,0.33183922208686745,0.8589843444276806
0.1282565130260521,0.788289318490204,0.3360090551103348,0.8569143100461623
0.13026052104208416,0.7842637383055447,0.3401435773606974,0.8548492641634083
0.13226452905811623,0.7802219716755275,0.34424277132634934,0.8527891947578211
0.1342685370741483,0.7761642798088122,0.3483066211820727,0.8507340898367738
0.13627254509018036,0.7720909233788082,0.3523351127816359,0.8486839374365399
0.13827655310621242,0.7680021625144309,0.35632823365035393,0.8466387256222241
0.1402805611222445,0.7638982567909255,0.3602859729776066,0.8445984424876921
0.14228456913827653,0.7597794652207612,0.3642083216093186,0.8425630761555023
0.1442885771543086,0.7556460462445952,0.36809527204039955,0.8405326147768357
0.14629258517034066,0.7514982577223039,0.3719468184071469,0.8385070465314275
0.14829659318637273,0.7473363569240874,0.3757629564796099,0.8364863596274982
0.1503006012024048,0.743160600521639,0.3795436836539169,0.8344705423016846
0.15230460921843686,0.7389712445793879,0.3832889989445656,0.8324595828189719
0.15430861723446893,0.7347685445458103,0.38699890297667683,0.8304534694726248
0.156312625250501,0.7305527552448101,0.3906733979782131,0.8284521905841198
0.15831663326653306,0.7263241308671697,0.39431248777216144,0.826455734503077
0.16032064128256512,0.7220829249620705,0.39791617776868177,0.8244640896071922
0.1623246492985972,0.7178293904286837,0.401484474957221,0.8224772443021697
0.16432865731462926,0.7135637795078302,0.4050173878985935,0.820495187021654
0.16633266533066132,0.7092863437737119,0.40851492671702855,0.8185179062271634
0.16833667334669336,0.7049973341257115,0.41197710309218466,0.8165453904080218
0.17034068136272543,0.7006970007802635,0.41540393025113326,0.8145776280812927
0.1723446893787575,0.6963855932627945,0.4187954229603083,0.8126146077917119
0.17434869739478956,0.6920633603997346,0.42215159751742726,0.8106563181116205
0.17635270541082163,0.6877305503105979,0.42547247174338054,0.808702747640899
0.1783567134268537,0.6833874104001338,0.42875806497409014,0.8067538850069004
0.18036072144288576,0.6790341873505485,0.43200839805234037,0.8048097188643842
0.18236472945891782,0.6746711271137964,0.43522349331957877,0.8028702378954508
0.1843687374749499,0.6702984749039418,0.43840337460768747,0.8009354308094746
0.18637274549098196,0.6659164751895914,0.4415480672307291,0.7990052863430392
0.18837675350701402,0.6615253716863959,0.4446575979766624,0.7970797932598714
0.1903807615230461,0.6571254073496232,0.4477319950990331,0.795158940350776
0.19238476953907813,0.6527168243668007,0.45077128830863705,0.7932427164335701
0.1943887775551102,0.6482998641504281,0.453775508765158,0.7913311103530187
0.19639278557114226,0.6438747673307612,0.45674468906877946,0.7894241109807693
0.19839679358717432,0.6394417737486648,0.4596788632517721,0.7875217072152869
0.2004008016032064,0.6350011224485367,0.46257806677005625,0.78562388798179
0.20240480961923846,0.630553051671301,0.4654423364947411,0.7837306422321857
0.20440881763527052,0.6260977988474727,0.4682717107036397,0.7818419589450055
0.2064128256513026,0.6216356005902913,0.4710662290727615,0.7799578271253412
0.20841683366733466,0.6171666926889253,0.473825932667782,0.7780782358047806
0.21042084168336672,0.612691310101746,0.47655086393549134,0.7762031740413441
0.2124248496993988,0.6082096869496729,0.47924106669522015,0.7743326309194206
0.21442885771543085,0.6037220565095869,0.48189658613024583,0.7724665955497042
0.21643286573146292,0.5992286512078154,0.48451746877917684,0.7706050570691308
0.21843687374749496,0.5947297026136866,0.4871037625273184,0.7687480046408148
0.22044088176352702,0.5902254414331528,0.48965551659801765,0.7668954274539858
0.2224448897795591,0.5857160975024854,0.4921727815439907,0.765047314723926
0.22444889779559116,0.5812018997820388,0.4946556092386301,0.7632036556919074
0.22645290581162322,0.576683076350083,0.49710405286729525,0.7613644396251288
0.2284569138276553,0.5721598543967076,0.4995181669185847,0.7595296558166539
0.23046092184368736,0.5676324602177946,0.5018980071755911,0.7576992935853483
0.23246492985971942,0.5631011192090605,0.5042436307071408,0.755873342275818
0.2344689378757515,0.5585660558601686,0.5065550958590156,0.7540517912583469
0.23647294589178355,0.5540274937489102,0.50883246224516,0.7522346299288348
0.23847695390781562,0.5494856555354558,0.5110757907388732,0.7504218477087365
0.24048096192384769,0.5449407629566739,0.5132851434639857,0.7486134340449991
0.24248496993987975,0.5403930368205218,0.5154605837860223,0.7468093784100014
0.2444889779559118,0.5358426970005027,0.5176021763033514,0.7450096703014922
0.24649298597194386,0.5312899624301941,0.5197099868383204,0.7432142992425295
0.24849699398797592,0.5267350510978432,0.5217840824283785,0.7414232547814187
0.250501002004008,0.5221781800410336,0.5238245313171882,0.7396365264916531
0.25250501002004005,0.5176195653414175,0.5258314029457226,0.7378541039718521
0.2545090180360721,0.5130594221195202,0.5278047679433532,0.7360759768457009
0.2565130260521042,0.5084979645296103,0.5297446981189264,0.7343021347618903
0.25851703406813625,0.5039354057546407,0.531651266451829,0.7325325673940566
0.2605210420841683,0.4993719580012551,0.5335245470830435,0.7307672644407206
0.2625250501002004,0.49480783249486704,0.5353646153061943,0.7290062156252289
0.26452905811623245,0.4902432394748025,0.5371715475585842,0.727249410695693
0.2665330661322645,0.4856783881895137,0.5389454214122235,0.7254968394249303
0.2685370741482966,0.48111348689186023,0.5406863155648484,0.723748491610404
0.27054108216432865,0.4765487428344575,0.5423943098309343,0.7220043570741643
0.2725450901803607,0.47198436226509266,0.5440694851326996,0.7202644256627888
0.2745490981963928,0.46742055042221003,0.5457119234911038,0.7185286872473235
0.27655310621242485,0.4628575115304612,0.5473217080168384,0.7167971317232236
0.2785571142284569,0.45829544879632506,0.5488989229013127,0.715069749010295
0.280561122244489,0.453734564403794,0.5504436534076323,0.7133465290526354
0.282565130260521,0.4491750595101267,0.5519559858615748,0.711627461818576
0.28456913827655306,0.4446171342416691,0.5534360076425582,0.7099125373006228
0.2865731462925851,0.4400609876897416,0.5548838071746068,0.7082017455153985
0.2885771543086172,0.435506817906593,0.556299473917313,0.7064950765035845
0.29058116232464926,0.430954821901421,0.5576830983567946,0.7047925203298626
0.2925851703406813,0.4264051956364594,0.5590347719966502,0.7030940670828576
0.2945891783567134,0.4218581340231316,0.5603545873489111,0.701399706875079
0.29659318637274545,0.41731383091826985,0.5616426379249921,0.6997094298428642
0.2985971943887775,0.41277247912040116,0.5628990182266399,0.6980232261463204
0.3006012024048096,0.40823427036609855,0.5641238237368796,0.6963410859692676
0.30260521042084165,0.40369939532639815,0.5653171509109616,0.6946629995191815
0.3046092184368737,0.3991680436032824,0.5664790971673066,0.6929889570271367
0.3066132264529058,0.39464040372622733,0.5676097608784517,0.691318948747749
0.30861723446893785,0.39011666314881716,0.5687092413619962,0.6896529649591198
0.3106212424849699,0.38559700824542165,0.569777638871548,0.6879909959627785
0.312625250501002,0.3810816243079402,0.5708150545876716,0.6863330320836267
0.31462925851703405,0.37657069554261,0.5718215906088375,0.6846790636698818
0.3166332665330661,0.3720644050668785,0.5727973499423732,0.6830290810930204
0.3186372745490982,0.3675629349063411,0.573742436495417,0.6813830747477228
0.32064128256513025,0.36306646599174197,0.5746569550658739,0.6797410350518163
0.3226452905811623,0.35857517815604056,0.5755410113333759,0.6781029524462205
0.3246492985971944,0.3540892501315402,0.576394711850244,0.676468817394891
0.32665330661322645,0.34960885954708143,0.5772181640324565,0.6748386203847634
0.3286573146292585,0.34513418292529957,0.5780114761506187,0.6732123519256991
0.3306613226452906,0.34066539567994386,0.5787747573209397,0.6715900025504291
0.33266533066132264,0.33620267211326105,0.579508117496214,0.6699715628144993
0.33466933867735466,0.3317461854134424,0.5802116674568067,0.6683570232962157
0.3366733466933867,0.3272961076521317,0.5808855188016473,0.6667463745965888
0.3386773547094188,0.32285260978199753,0.5815297839392272,0.6651396073392796
0.34068136272545085,0.3184158616343682,0.5821445760786057,0.663536712170545
0.3426853707414829,0.3139860319169269,0.5827300092204218,0.6619376797591827
0.344689378757515,0.3095632882114708,0.5832861981479145,0.6603425007964778
0.34669338677354705,0.3051477969717316,0.5838132584179492,0.6587511659961478
0.3486973947895791,0.3007397235212571,0.584311306352054,0.6571636660942889
0.3507014028056112,0.2963392320513546,0.5847804590274635,0.6555799918493223
0.35270541082164325,0.2919464856190962,0.5852208342681707,0.6540001340419396
0.3547094188376753,0.2875616461453835,0.585632550635991,0.6524240834750502
0.3567134268537074,0.2831848744130749,0.5860157274216315,0.650851830973727
0.35871743486973945,0.2788163300651727,0.586370484635774,0.6492833673851532
0.3607214428857715,0.27445617160307045,0.5866969430001665,0.6477186835785692
0.3627254509018036,0.2701045563848607,0.586995223938725,0.646157770445219
0.36472945891783565,0.26576164062370294,0.587265449568648,0.6446006188982978
0.3667334669338677,0.2614275793862515,0.5875077426915399,0.6430472198728983
0.3687374749498998,0.25710252659114197,0.5877222267845489,0.6414975643259587
0.37074148296593185,0.25278663500753795,0.5879090259915142,0.6399516432362098
0.3727454909819639,0.24848005625373717,0.5880682651141277,0.6384094476041221
0.374749498997996,0.24418294079583527,0.5882000696031072,0.6368709684518541
0.37675350701402804,0.2398954379464491,0.5883045655493833,0.6353361968231994
0.3787575150300601,0.23561769586349898,0.5883818796752988,0.6338051237835349
0.3807615230460922,0.23134986154904771,0.5884321393258233,0.6322777404197689
0.38276553106212424,0.22709208084819876,0.5884554724597805,0.6307540378402887
0.38476953907815625,0.22284449844805254,0.5884520076410904,0.6292340071749094
0.3867735470941883,0.21860725787671825,0.5884218740300262,0.6277176395748219
0.3887775551102204,0.21438050150238547,0.5883652013744867,0.6262049262125415
0.39078156312625245,0.21016437053245166,0.5882821200012831,0.6246958582818568
0.3927855711422845,0.2059590050127059,0.5881727608074425,0.6231904269977779
0.3947895791583166,0.2017645438265701,0.5880372552515263,0.6216886235964855
0.39679358717434865,0.19758112469439734,0.5878757353449662,0.6201904393352801
0.3987975951903807,0.19340888417282368,0.5876883336434157,0.6186958654925305
0.4008016032064128,0.18924795765417882,0.5874751832381198,0.6172048933676241
0.40280561122244485,0.18509847936595097,0.5872364177473,0.615717514280915
0.4048096192384769,0.18096058237030666,0.5869721713075591,0.6142337195736742
0.406813627254509,0.17683439856366676,0.5866825785653028,0.6127535006080393
0.40881763527054105,0.1727200586763372,0.5863677746681788,0.6112768487669638
0.4108216432865731,0.16861769227219356,0.5860278952565356,0.6098037554541668
0.4128256513026052,0.16452742774842083,0.5856630764548997,0.6083342120940836
0.41482965931863724,0.16044939233530758,0.5852734548634714,0.6068682101318155
0.4168336673346693,0.15638371209609286,0.5848591675496407,0.6054057410330798
0.4188376753507014,0.15233051192686783,0.5844203520395223,0.60394679628416
0.42084168336673344,0.1482899155565308,0.5839571463095101,0.602491367391857
0.4228456913827655,0.14426204554679437,0.583469688777854,0.6010394458834388
0.4248496993987976,0.14024702329224673,0.5829581182962544,0.5995910233065916
0.42685370741482964,0.13624496902046454,0.5824225741414794,0.5981460912293705
0.4288577154308617,0.13225600179217947,0.5818631960070026,0.5967046412401503
0.4308617234468938,0.12828023950149514,0.5812801239946623,0.5952666649475771
0.43286573146292584,0.1243177988761572,0.5806734986063421,0.5938321539805185
0.4348697394789579,0.12036879547787506,0.580043460735673,0.5924010999880155
0.4368737474949899,0.11643334370269393,0.5793901516597597,0.5909734946392342
0.438877755511022,0.11251155678141865,0.5787137130309262,0.5895493296234163
0.44088176352705405,0.10860354678008852,0.5780142868684868,0.5881285966498315
0.4428857715430861,0.10470942460050192,0.577292015550539,0.5867112874477292
0.4448897795591182,0.10082929998079229,0.5765470418057791,0.5852973937662899
0.44689378757515025,0.09696328149605257,0.5757795087053427,0.5838869073745775
0.4488977955911823,0.09311147655901088,0.5749895596546674,0.5824798200614915
0.4509018036072144,0.08927399142075465,0.5741773383853808,0.5810761236357187
0.45290581162324645,0.08545093117150503,0.5733429889472123,0.5796758099256863
0.4549098196392785,0.08164239974143847,0.5724866556999285,0.5782788707795136
0.4569138276553106,0.07784849990155869,0.5716084833052953,0.5768852980649647
0.45891783567134264,0.07406933326461637,0.570708616719063,0.5754950836694013
0.4609218436873747,0.07030500028607647,0.5697872011829781,0.5741082194997358
0.4629258517034068,0.06655560026513388,0.5688443822168198,0.5727246974823834
0.46492985971943884,0.0628212313457771,0.5678803056104623,0.5713445095632159
0.4669338677354709,0.059101990517897766,0.5668951174159637,0.5699676477075141
0.468937875751503,0.05539797361844843,0.5658889639396799,0.5685941038999215
0.47094188376753504,0.051709275332647034,0.5648619917344067,0.5672238701443976
0.4729458917835671,0.04803598919522665,0.5638143475915461,0.5658569384641712
0.4749498997995992,0.04437820759173252,0.5627461785333023,0.5644933009016939
0.47695390781563124,0.040736021759865015,0.5616576318049025,0.5631329495185942
0.4789579158316633,0.037109521790866955,0.5605488548668457,0.5617758763956306
0.48096192384769537,0.03349879663095747,0.5594199953871805,0.5604220736326463
0.48296593186372744,0.029903934082810838,0.558271201233808,0.5590715333485224
0.4849699398797595,0.026325020807078898,0.5571026204668151,0.5577242476811327
0.48697394789579157,0.022762142323959268,0.5559144013308349,0.5563802087872975
0.4889779559118236,0.019215383014807012,0.5547066922474351,0.5550394088427383
0.49098196392785565,0.015684826123790366,0.5534796418075356,0.5537018400420315
0.4929859719438877,0.012170553759589952,0.5522333987638557,0.552367494598564
0.4949899799599198,0.008672646897141893,0.5509681120233886,0.5510363647444875
0.49699398797595185,0.00519118537942271,0.5496839306399065,0.5497084427306725
0.4989979959919839,0.0017262479192781093,0.5483810038064942,0.5483837208266644
0.501002004008016,-0.0017220878987058224,0.5470594808481134,0.5470621913206379
0.503006012024048,-0.0051537456162903525,0.5457195112141954,0.5457438465193517
0.5050100200400801,-0.008568649899628866,0.5443612444712652,0.5444286787481047
0.5070140280561122,-0.011966726537270048,0.5429848302955951,0.5431166803506904
0.5090180360721442,-0.015347902438120885,0.5415904184658883,0.5418078436893528
0.5110220440881763,-0.018712105629367454,0.5401781588559945,0.540502161144742
0.5130260521042084,-0.02205926525435569,0.538748201427654,0.5391996251158694
0.5150300601202404,-0.02538931157043111,0.5373006962232755,0.5379002280200641
0.5170340681362725,-0.0287021759467395,0.5358357933587421,0.5366039622929281
0.5190380761523046,-0.03199779086198679,0.5343536430162513,0.5353108203882926
0.5210420841683366,-0.03527608990215937,0.5328543954371846,0.5340207947781741
0.5230460921843687,-0.0385370077582062,0.5313382009150094,0.5327338779527306
0.5250501002004008,-0.04178048022368094,0.5298052097882125,0.5314500624202178
0.5270541082164328,-0.0450064441923454,0.5282555724332666,0.5301693407069451
0.5290581162324649,-0.04821483765573577,0.5266894392576265,0.5288917053572327
0.531062124248497,-0.0514055997006896,0.5251069606927607,0.5276171489333683
0.533066132264529,-0.05457867050683515,0.5235082871872138,0.526345664015563
0.5350701402805611,-0.057733991344044173,0.5218935691997002,0.5250772432019087
0.5370741482965932,-0.06087150456984664,0.5202629571922337,0.5238118791083349
0.5390781563126252,-0.06399115362680845,0.518616601623288,0.5225495643685659
0.5410821643286573,-0.06709288303987364,0.5169546529409899,0.5212902916340774
0.5430861723446894,-0.0701766384136692,0.5152772615763471,0.5200340535740541
0.5450901803607214,-0.07324236642977454,0.5135845779365091,0.5187808428753471
0.5470941883767535,-0.07629001484395453,0.5118767523980605,0.5175306522424311
0.5490981963927856,-0.07931953248335846,0.5101539353003494,0.5162834743973621
0.5511022044088176,-0.08233086924368262,0.5084162769388484,0.5150393020797347
0.5531062124248497,-0.08532397608629835,0.506663927558551,0.5137981280466404
0.5551102204408818,-0.08829880503534641,0.5048970373474002,0.5125599450726248
0.5571142284569138,-0.09125530917479621,0.5031157564297531,0.5113247459496463
0.5591182364729459,-0.09419344264547107,0.5013202348598784,0.510092523487033
0.561122244488978,-0.09711316064204105,0.49951062261548995,0.5088632705114423
0.56312625250501,-0.10001441940998125,0.497687069591313,0.5076369798668179
0.565130260521042,-0.10289717624249702,0.495849725592687,0.5064136444143488
0.567134268537074,-0.10576138947741853,0.49399874032920166,0.5051932570324273
0.5691382765531061,-0.10860701849405927,0.49213426340836935,0.5039758106166081
0.5711422845691382,-0.1114340237100461,0.4902564443293322,0.5027612980795665
0.5731462925851702,-0.11424236657811541,0.4883654324766033,0.5015497123510573
0.5751503006012023,-0.11703200958287785,0.4864613771138451,0.5003410463778736
0.5771543086172344,-0.11980291623755294,0.48454442737768155,0.4991352931238057
0.5791583166332664,-0.12255505108067176,0.4826147322715471,0.4979324455696005
0.5811623246492985,-0.1252883796727489,0.4806724406595702,0.49673249671291986
0.5831663326653306,-0.1280028685929252,0.4787177012604938,0.49553543956830076
0.5851703406813626,-0.13069848543557946,0.47675066264163013,0.49434126716711385
0.5871743486973947,-0.13337519880691034,0.4747714732128536,0.4931499725575235
0.5891783567134268,-0.1360329783214899,0.472780281220627,0.4919615488044468
0.5911823647294588,-0.13867179459878679,0.4707772347420669,0.4907759889895137
0.5931863727454909,-0.14129161925966152,0.4687624816790425,0.48959328621102616
0.595190380761523,-0.14389242492283208,0.466736169752313,0.48841343358391853
0.597194388777555,-0.14647418520131306,0.46469844649570013,0.48723642423971714
0.5991983967935871,-0.14903687469882507,0.46264945925029766,0.48606225132650044
0.6012024048096192,-0.15158046900617725,0.4605893551587173,0.4848909080088589
0.6032064128256512,-0.15410494469762295,0.45851828115937204,0.48372238746785573
0.6052104208416833,-0.15661027932718743,0.4564363839807947,0.48255668290098647
0.6072144288577154,-0.15909645142496912,0.45434381013599573,0.48139378752214
0.6092184368737474,-0.16156344049341484,0.45224070591685495,0.48023369456155873
0.6112224448897795,-0.16401122700356846,0.4501272173885531,0.47907639726579915
0.6132264529058116,-0.16643979239129336,0.4480034903840391,0.4779218888976928
0.6152304609218436,-0.1688491190534704,0.44586967049853415,0.4767701627363068
0.6172344689378757,-0.17123919034416954,0.4437259030840744,0.47562121207690483
0.6192384769539078,-0.1736099905707966,0.44157233324408907,0.47447503023090787
0.6212424849699398,-0.17596150499021632,0.43940910582801823,0.4733316105258558
0.6232464929859719,-0.17829371980484982,0.43723636542596556,0.47219094630536784
0.625250501002004,-0.18060662215874843,0.43505425636339085,0.47105303092910455
0.627254509018036,-0.18290020013364414,0.43286292269583815,0.46991785777272843
0.6292585170340681,-0.1851744427449759,0.4306625082037031,0.46878542022786607
0.6312625250501002,-0.187429339937893,0.42845315638703657,0.467655711702069
0.6332665330661322,-0.18966488258323536,0.4262350104603875,0.4665287256187759
0.6352705410821643,-0.19188106247349163,0.42400821334768185,0.4654044554172739
0.6372745490981964,-0.1940778723187344,0.421772907677141,0.4642828945526607
0.6392785571142284,-0.19625530574253386,0.4195292357762364,0.4631640364958061
0.6412825651302605,-0.19841335727784912,0.41727733966668423,0.4620478747333146
0.6432865731462926,-0.20055202236289837,0.4150173610594755,0.4609344027674866
0.6452905811623246,-0.2026712973370088,0.41274944134994607,0.4598236141162813
0.6472945891783567,-0.2047711794364435,0.41047372161288426,0.45871550231327884
0.6492985971943888,-0.20685166679020947,0.40819034259767617,0.4576100609076423
0.6513026052104208,-0.20891275841584567,0.4058994447234893,0.45650728346408065
0.6533066132264529,-0.21095445421518896,0.4036011680744946,0.45540716356281075
0.655310621242485,-0.21297675497012222,0.40129565239512627,0.45430969479952055
0.657314629258517,-0.21497966233830296,0.39898303708538,0.45321487078533124
0.6593186372745491,-0.21696317884887117,0.3966634611961499,0.4521226851467606
0.6613226452905812,-0.21892730789813994,0.39433706342460273,0.4510331315256853
0.6633266533066132,-0.2208720537452674,0.3920039821095912,0.4499462035793046
0.6653306613226453,-0.22279742150790885,0.3896643552271055,0.44886189498010265
0.6673346693386772,-0.22470341715785253,0.3873183203857633,0.4477801994158124
0.6693386773547093,-0.22659004751663794,0.38496601482233683,0.4467011105893782
0.6713426853707414,-0.228457320251154,0.38260757539732076,0.44562462221891963
0.6733466933867734,-0.23030524386922316,0.3802431385905366,0.4445507280376947
0.6753507014028055,-0.23213382771516752,0.3778728404967756,0.44347942179406324
0.6773547094188376,-0.23394308196535749,0.3754968168214813,0.44241069725145105
0.6793587174348696,-0.23573301762374524,0.37311520287646943,0.4413445481883128
0.6813627254509017,-0.23750364651738234,0.37072813357568646,0.4402809683980966
0.6833667334669338,-0.23925498129191997,0.36833574343100683,0.4392199516892072
0.6853707414829658,-0.24098703540709548,0.36593816654806893,0.43816149188497033
0.6873747494989979,-0.2426998231322033,0.3635355366221485,0.4371055828235968
0.68937875751503,-0.24439335954155006,0.3611279869340718,0.4360522183581463
0.691382765531062,-0.24606766050989592,0.35871565034616654,0.4350013923564919
0.6933867735470941,-0.24772274270788203,0.3562986592982509,0.4339530987012843
0.6953907815631262,-0.249358623597442,0.35387714580366203,0.43290733128991593
0.6973947895791582,-0.25097532142720175,0.3514512414453225,0.43186408403448606
0.6993987975951903,-0.2525728552278649,0.34902107737184457,0.4308233508617646
0.7014028056112224,-0.2541512448075842,0.3465867842936743,0.4297851257131574
0.7034068136272544,-0.25571051074732115,0.34414849247927265,0.4287494025446704
0.7054108216432865,-0.2572506743961927,0.34170633175133597,0.42771617532687495
0.7074148296593186,-0.2587717578668047,0.33926043148305474,0.4266854380448724
0.7094188376753506,-0.2602737840305738,0.3368109205944104,0.42565718469825925
0.7114228456913827,-0.26175677651303825,0.33435792754851057,0.42463140930109217
0.7134268537074148,-0.263220759689155,0.33190158034796285,0.42360810588185294
0.7154308617234468,-0.2646657586785874,0.3294420065312875,0.4225872684834141
0.7174348697394789,-0.26609179934098126,0.32697933316936656,0.42156889116300394
0.719438877755511,-0.2674989082712295,0.3245136868619338,0.42055296799217207
0.721442885771543,-0.2688871127947266,0.32204519373410107,0.4195394930567547
0.7234468937875751,-0.27025644096261375,0.31957397943292337,0.41852846045684067
0.7254509018036072,-0.27160692154701166,0.31710016912400263,0.41751986430673643
0.7274549098196392,-0.27293858403624655,0.314623887488129,0.41651369873493244
0.7294589178356713,-0.274251458630064,0.3121452587179607,0.41550995788406847
0.7314629258517034,-0.27554557623483517,0.3096644065147425,0.4145086359109
0.7334669338677354,-0.27682096845875387,0.30718145408506,0.41350972698626354
0.7354709418837675,-0.27807766760702407,0.30469652413763554,0.4125132252950434
0.7374749498997996,-0.2793157066770398,0.3022097388801593,0.4115191250361375
0.7394789579158316,-0.28053511935355707,0.2997212200161588,0.4105274204224234
0.7414829659318637,-0.28173594000385666,0.29723108874190807,0.4095381056807251
0.7434869739478958,-0.28291820367290027,0.29473946574337234,0.40855117505177885
0.7454909819639278,-0.28408194607847953,0.29224647119319214,0.40756662279020034
0.7474949899799599,-0.2852272036063563,0.2897522247477047,0.4065844431644504
0.749498997995992,-0.2863540133053977,0.2872568455440034,0.4056046304568025
0.751503006012024,-0.2874624128827042,0.28476045219703383,0.40462717896330874
0.7535070140280561,-0.28855244069872993,0.2822631627967295,0.40365208299376715
0.7555110220440882,-0.2896241357623987,0.27976509490518325,0.4026793368716882
0.7575150300601202,-0.29067753772621346,0.27726636555385675,0.4017089349342621
0.7595190380761523,-0.29171268688135915,0.2747670912408286,0.4007408715323254
0.7615230460921844,-0.2927296241528016,0.27226738792807836,0.3997751410303287
0.7635270541082164,-0.2937283910943808,0.2697673710388081,0.39881173780630313
0.7655310621242485,-0.2947090298838987,0.2672671554548029,0.39785065625182836
0.7675350701402806,-0.29567158331820276,0.2647668555138269,0.39689189077199927
0.7695390781563125,-0.29661609480826573,0.2622665850070567,0.3959354357853939
0.7715430861723446,-0.2975426083742604,0.2597664571765527,0.3949812857240407
0.7735470941883766,-0.29845116864063004,0.25726658471276753,0.394029435033386
0.7755511022044087,-0.29934182083115707,0.25476707975209023,0.39307987817226214
0.7775551102204408,-0.300214610764026,0.252268053874429,0.3921326096128546
0.7795591182364728,-0.30106958484688473,0.24976961810082984,0.3911876238406705
0.7815631262525049,-0.30190679007190246,0.24727188289113178,0.3902449153545058
0.783567134268537,-0.3027262740108246,0.24477495814165987,0.38930447866641377
0.785571142284569,-0.30352808481002513,0.2422789531829542,0.38836630830167274
0.7875751503006011,-0.3043122711855581,0.23978397677753488,0.3874303987987546
0.7895791583166332,-0.30507888241820474,0.23729013711770516,0.38649674470929263
0.7915831663326652,-0.3058279683485208,0.2347975418233896,0.38556534059804987
0.7935871743486973,-0.3065595793718817,0.23230629794000854,0.38463618104288766
0.7955911823647294,-0.30727376643352594,0.2298165119363903,0.3837092606347338
0.7975951903807614,-0.30797058102359803,0.22732828970271832,0.3827845739775515
0.7995991983967935,-0.30865007517219045,0.22484173654851392,0.38186211568830725
0.8016032064128256,-0.30931230144438454,0.22235695720065726,0.38094188039694027
0.8036072144288576,-0.30995731293529166,0.21987405580144215,0.3800238627463307
0.8056112224448897,-0.310585163265094,0.21739313590666715,0.37910805739226877
0.8076152304609218,-0.31119590657408486,0.2149143004837637,0.3781944590034233
0.8096192384769538,-0.31178959751771007,0.21243765190995864,0.37728306226131114
0.8116232464929859,-0.3123662912616094,0.20996329197047217,0.37637386186026567
0.813627254509018,-0.31292604347665903,0.20749132185675298,0.3754668525074065
0.81563126252505,-0.31346891033401425,0.20502184216474706,0.3745620289226081
0.8176352705410821,-0.3139949485001547,0.2025549528932022,0.3736593858384694
0.8196392785571142,-0.3145042151319295,0.20009075344200902,0.37275891800028316
0.8216432865731462,-0.31499676787160485,0.19762934261057558,0.3718606201660052
0.8236472945891783,-0.3154726648419135,0.1951708185962372,0.3709644871062237
0.8256513026052104,-0.31593196464110584,0.19271527899270274,0.3700705136041295
0.8276553106212424,-0.3163747263380031,0.1902628207885339,0.36917869445548473
0.8296593186372745,-0.3168010094670545,0.18781354036566011,0.3682890244685934
0.8316633266533066,-0.3172108740233944,0.18536753349792834,0.3674014984642705
0.8336673346693386,-0.3176043804579051,0.18292489534968714,0.36651611127581246
0.8356713426853707,-0.31798158967228124,0.18048572047440442,0.36563285774896637
0.8376753507014028,-0.31834256301409747,0.17805010281332143,0.3647517327419007
0.8396793587174348,-0.3186873622718803,0.17561813569413934,0.3638727311251749
0.8416833667334669,-0.3190160496701836,0.17318991182973992,0.3629958477817097
0.843687374749499,-0.31932868786466717,0.17076552331694184,0.36212107760675716
0.845691382765531,-0.3196253399371804,0.16834506163528942,0.3612484155078712
0.8476953907815631,-0.3199060693908505,0.16592861764587533,0.36037785640487785
0.8496993987975952,-0.3201709401451737,0.1635162815901982,0.3595093952298457
0.8517034068136272,-0.32042001653111296,0.1611081430890518,0.35864302692705613
0.8537074148296593,-0.32065336328619964,0.15870429114145013,0.35777874645297436
0.8557114228456913,-0.3208710455496405,0.15630481412358388,0.3569165487762197
0.8577154308617234,-0.32107312885743056,0.15390979978781083,0.3560564288775365
0.8597194388777555,-0.32125967913747006,0.15151933526168002,0.35519838174976476
0.8617234468937875,-0.32143076270468907,0.14913350704698813,0.35434240239781095
0.8637274549098196,-0.32158644625617666,0.14675240101886877,0.3534884858386192
0.8657314629258517,-0.32172679686631683,0.14437610242491555,0.3526366271011422
0.8677354709418837,-0.3218518819819298,0.14200469588433662,0.3517868212263117
0.8697394789579158,-0.3219617694174218,0.1396382653871422,0.3509390632670108
0.8717434869739479,-0.32205652734993884,0.13727689429336526,0.350093348288044
0.8737474949899798,-0.32213622431452965,0.1349206653323135,0.34924967136610896
0.8757515030060119,-0.3222009291993149,0.1325696606018539,0.3484080275897682
0.877755511022044,-0.3222507112406628,0.13022396156772936,0.3475684120594196
0.879759519038076,-0.3222856400183735,0.1278836490629078,0.3467308198872688
0.8817635270541081,-0.32230578545087046,0.12554880328696244,0.3458952461973002
0.8837675350701402,-0.32231121779039945,0.12321950380548329,0.34506168612524896
0.8857715430861722,-0.3223020076182355,0.1208958295495219,0.3442301348185719
0.8877755511022043,-0.32227822583989885,0.11857785881506623,0.34340058743642043
0.8897795591182364,-0.3222399436803781,0.11626566926254657,0.34257303914961135
0.8917835671342684,-0.32218723267936256,0.11395933791637441,0.34174748514059927
0.8937875751503005,-0.32212016468648297,0.11165894116450997,0.3409239206034484
0.8957915831663326,-0.32203881185656114,0.10936455475806303,0.3401023407438046
0.8977955911823646,-0.321943246644869,0.10707625381092307,0.33928274077886744
0.8997995991983967,-0.3218335418023961,0.1047941127994199,0.3384651159373624
0.9018036072144288,-0.32170977037112714,0.10251820556201645,0.3376494614595131
0.9038076152304608,-0.32157200567932864,0.10024860529903043,0.33683577259701347
0.9058116232464929,-0.32142032133684584,0.0979853845723864,0.33602404461300045
0.907815631262525,-0.3212547912304085,0.09572861530539907,0.33521427278202587
0.909819639278557,-0.32107548951894765,0.09347836878258564,0.3344064523900293
0.9118236472945891,-0.32088249062892255,0.09123471564950782,0.3336005787343108
0.9138276553106212,-0.32067586924965713,0.08899772591264478,0.3327966471235031
0.9158316633266532,-0.3204557003286877,0.08676746893929457,0.3319946528775443
0.9178356713426853,-0.3202220590671216,0.084544013457505,0.3311945913276512
0.9198396793587174,-0.3199750209150056,0.08232742755603499,0.33039645781629146
0.9218436873747494,-0.3197146615667064,0.08011777868434398,0.32960024769715685
0.9238476953907815,-0.31944105695630176,0.07791513365261021,0.328805956335136
0.9258517034068136,-0.31915428325298306,0.07571955863177939,0.32801357910628764
0.9278557114228456,-0.31885441685646926,0.07353111915364056,0.3272231113978136
0.9298597194388777,-0.31854153439243243,0.07134988011093091,0.3264345486080317
0.9318637274549098,-0.3182157127079355,0.06917590575747008,0.32564788614634943
0.9338677354709418,-0.3178770288668815,0.06700925970832165,0.32486311943323687
0.9358717434869739,-0.3175255601454746,0.06485000493998273,0.3240802439002001
0.937875751503006,-0.3171613840276941,0.06269820379060301,0.3232992549897547
0.939879759519038,-0.3167845782007803,0.06055391796023024,0.32252014815539914
0.9418837675350701,-0.31639522055073344,0.05841720851108365,0.3217429188615884
0.9438877755511021,-0.3159933891578238,0.056288135867856116,0.3209675625837074
0.9458917835671342,-0.3155791622921169,0.05416675981804255,0.3201940748080448
0.9478957915831663,-0.31515261840900965,0.052053139512295676,0.31942245103176664
0.9498997995991983,-0.3147138361447805,0.049947333464810124,0.3186526867628903
0.9519038076152304,-0.3142628943121528,0.04784939955373239,0.3178847775202582
0.9539078156312625,-0.3137998718958711,0.04575939502159751,0.3171187188335115
0.9559118236472945,-0.3133248480482916,0.04367737647579392,0.31635450624306466
0.9579158316633266,-0.3128379020849852,0.04160339988905345,0.31559213530007885
0.9599198396793587,-0.31233911348035576,0.039537520599967825,0.3148316015664365
0.9619238476953907,-0.3118285618632707,0.03747979331353265,0.3140729006147152
0.9639278557114228,-0.3113063270127069,0.03543027210171632,0.3133160280281621
0.9659318637274549,-0.31077248885340986,0.03338901040405484,0.31256097940066807
0.9679358717434869,-0.31022712745156766,0.031356061028273825,0.311807750336742
0.969939879759519,-0.30967032301049924,0.029331476150934184,0.3110563364514855
0.9719438877755511,-0.309102155866357,0.02731530731810528,0.310306733370567
0.9739478957915831,-0.3085227064838445,0.025307605446062156,0.30955893673019685
0.9759519038076151,-0.3079320554519481,0.02330842082200799,0.30881294217710087
0.9779559118236472,-0.3073302834796849,0.021317803104822283,0.3080687453684963
0.9799599198396792,-0.3067174713918639,0.01933580132583383,0.30732634197206554
0.9819639278557113,-0.3060937001248643,0.017362463889617933,0.3065857276659314
0.9839679358717434,-0.30545905072242735,0.015397838574818065,0.30584689813863175
0.9859719438877754,-0.3048136043314646,0.013441972534993164,0.3051098490890947
0.9879759519038075,-0.30415744219788104,0.011494912299487972,0.304374576226613
0.9899799599198396,-0.3034906456624148,0.009556703774327534,0.3036410752708198
0.9919839679358716,-0.3028132961564913,0.007627392243136826,0.3029093419516631
0.9939879759519037,-0.302125475198094,0.005707022368082979,0.30217937200938105
0.9959919839679358,-0.30142726438765144,0.003795638190841173,0.30145116119447757
0.9979959919839678,-0.30071874540393945,0.0018932831335852034,0.30072470526769707
1.0,-0.3,3.6739403974420595e-17,0.3
