Real_Psi_X,Imag_Psi_Y,Gauge_Lambda_Z,Heat_Probability_C
1.0,0.0,0.0,1.0
0.9987757930941764,0.006281857995235869,0.001001001001001001,0.9975925466107733
0.9975136231310286,0.012548335402593392,0.002002002002002002,0.9951908890533677
0.9962136332038628,0.018799212572559298,0.003003003003003003,0.9927950133745886
0.9948759676106159,0.02503427102340858,0.004004004004004004,0.9904049056548326
0.9935007718450457,0.031253293447342234,0.005005005005005005,0.9880205520080073
0.9920881925878922,0.03745606371656207,0.006006006006006006,0.9856419385814499
0.9906383776980121,0.043642366889282636,0.007007007007007007,0.9832690515558481
0.9891514762034858,0.04981198921568003,0.008008008008008008,0.9809018771451582
0.9876276382926987,0.05596471814377761,0.009009009009009009,0.9785404015965261
0.9860670153053958,0.062100342325268426,0.01001001001001001,0.9761846111902073
0.9844697597237112,0.0682186516212744,0.011011011011011011,0.9738344922394864
0.9828360251631716,0.07431943710804198,0.012012012012012012,0.9714900310905986
0.9811659663636759,0.08040249108257451,0.013013013013013013,0.9691512141226496
0.9794597391804505,0.08646760706820078,0.014014014014014014,0.9668180277475369
0.9777175005749792,0.0925145798200802,0.015015015015015015,0.9644904584098705
0.975939408605912,0.09854320533064403,0.016016016016016016,0.9621684925868949
0.9741256224199487,0.10455328083497306,0.017017017017017015,0.9598521167884092
0.9722763022427011,0.11054460481611125,0.018018018018018018,0.9575413175566906
0.9703916093695326,0.11651697701031552,0.01901901901901902,0.9552360814664141
0.9684717061563762,0.12247019841224156,0.02002002002002002,0.9529363951245762
0.9665167560105307,0.12840407128006587,0.02102102102102102,0.9506422451704161
0.9645269233814368,0.13431839914054314,0.022022022022022022,0.9483536182753383
0.9625023737514321,0.14021298679400002,0.023023023023023025,0.9460705011428359
0.9604432736264862,0.14608764031926458,0.024024024024024024,0.9437928805084123
0.958349790526916,0.15194216707853128,0.025025025025025023,0.9415207431395041
0.9562220929780826,0.1577763757221621,0.026026026026026026,0.9392540758354055
0.954060350501068,0.16359007619342278,0.02702702702702703,0.9369928654271906
0.9518647336033352,0.16938307973315522,0.028028028028028028,0.9347370987776368
0.9496354137693687,0.17515519888438538,0.029029029029029027,0.9324867627811486
0.9473725634512985,0.18090624749686643,0.03003003003003003,0.9302418443636821
0.9450763560595071,0.18663604073155776,0.031031031031031032,0.9280023304826681
0.9427469659532198,0.1923443950650394,0.03203203203203203,0.9257682081269373
0.9403845684310774,0.19803112829386188,0.03303303303303303,0.9235394643166439
0.9379893397216958,0.2036960595388317,0.03403403403403403,0.9213160861031902
0.9355614569742075,0.20933900924923196,0.035035035035035036,0.9190980605691518
0.9331010982487902,0.2149597992069787,0.036036036036036036,0.916885374828203
0.9306084425071797,0.22055825253071254,0.037037037037037035,0.9146780160250404
0.9280836696031692,0.2261341936798258,0.03803803803803804,0.9124759713353096
0.9255269602730951,0.23168744845842462,0.03903903903903904,0.9102792279655305
0.9229384961263084,0.237217844019227,0.04004004004004004,0.9080877731530221
0.9203184596356353,0.24272520886739613,0.04104104104104104,0.9059015941658296
0.9176670341278235,0.24820937286430841,0.04204204204204204,0.9037206783026492
0.9149844037739774,0.253670167231258,0.043043043043043044,0.9015450128927553
0.9122707535799819,0.25910742455309577,0.044044044044044044,0.8993745852959262
0.9095262693769145,0.264520978781804,0.04504504504504504,0.8972093829023712
0.9067511378114471,0.26991066524000645,0.04604604604604605,0.8950493931326569
0.9039455463362375,0.27527632062441426,0.04704704704704705,0.8928946034376343
0.9011096832003105,0.2806177830092062,0.04804804804804805,0.890745001298366
0.8982437374394304,0.28593489184934584,0.04904904904904905,0.8886005742260534
0.8953478988664635,0.2912274879838323,0.050050050050050046,0.8864613097619642
0.8924223580617328,0.2964954136388888,0.05105105105105105,0.8843271954773594
0.8894673063633639,0.30173851243108435,0.05205205205205205,0.882198218973422
0.8864829358576238,0.30695662937039286,0.05305305305305305,0.8800743678811848
0.883469439369251,0.3121496108631867,0.05405405405405406,0.8779556298614576
0.8804270104517803,0.31731730471516606,0.055055055055055056,0.8758419926047568
0.87735584337786,0.3224595601342245,0.056056056056056056,0.8737334438312335
0.8742561331295627,0.3275762277332495,0.057057057057057055,0.8716299712906013
0.8711280753886914,0.3326671595328587,0.058058058058058054,0.8695315627620661
0.8679718665270799,0.33773220896407274,0.05905905905905906,0.867438206054255
0.8647877035968871,0.34277123087092276,0.06006006006006006,0.8653498890051449
0.861575784320889,0.34778408151299467,0.06106106106106106,0.8632665994819925
0.8583363070827648,0.35277061856790876,0.062062062062062065,0.8611883253812632
0.8550694709173798,0.3577307011337353,0.06306306306306306,0.8591150546285617
0.8517754755010655,0.36266418973134673,0.06406406406406406,0.8570467751785604
0.8484545211418962,0.3675709463067049,0.06506506506506507,0.854983475014931
0.8451068087699638,0.3724508342330853,0.06606606606606606,0.8529251421502734
0.8417325399276496,0.3773037183132373,0.06706706706706707,0.850871764626047
0.8383319167598956,0.38212946478147986,0.06806806806806806,0.8488233305125007
0.834905142004473,0.38692794130573527,0.06906906906906907,0.8467798279086037
0.8314524189822519,0.3916990169894971,0.07007007007007007,0.8447412449419764
0.8279739515874684,0.396442562373736,0.07107107107107107,0.8427075697688212
0.8244699442779937,0.4011584494387424,0.07207207207207207,0.8406787905738541
0.8209406020656013,0.4058465516059044,0.07307307307307308,0.8386548955702361
0.8173861305062372,0.41050674373942325,0.07407407407407407,0.836635872999504
0.8138067356902892,0.41513890214796584,0.07507507507507508,0.8346217111315025
0.8102026242328597,0.41974290458625313,0.07607607607607608,0.8326123982643169
0.8065740032640387,0.42431863025658634,0.07707707707707707,0.8306079227242033
0.8029210804191802,0.4288659598103102,0.07807807807807808,0.8286082728655223
0.7992440638291808,0.4333847753492123,0.07907907907907907,0.8266134370706709
0.7955431621107616,0.4378749604268612,0.08008008008008008,0.8246234037500147
0.7918185843567538,0.4423364000498801,0.08108108108108109,0.8226381613418211
0.7880705401263874,0.4467689806791597,0.08208208208208208,0.8206576983121915
0.7842992394355858,0.45117259023100725,0.08308308308308308,0.8186820031549947
0.7805048927472628,0.45554711807823395,0.08408408408408408,0.8167110643918004
0.7766877109616258,0.45989245505117965,0.08508508508508508,0.8147448705718113
0.7728479054064864,0.4642084934386755,0.08608608608608609,0.8127834102717982
0.7689856878275723,0.4684951269889449,0.08708708708708708,0.810826672096032
0.7651012703788496,0.472752250910442,0.08808808808808809,0.808874644676219
0.76119486561285,0.4769797618726282,0.0890890890890891,0.8069273166714337
0.7572666864710039,0.4811775580066881,0.09009009009009009,0.8049846767680535
0.7533169462739835,0.4853455389061827,0.09109109109109109,0.8030467136796926
0.7493458587120511,0.4894836056276409,0.0920920920920921,0.8011134161471372
0.7453536378354165,0.4935916606910912,0.09309309309309309,0.7991847729382787
0.7413404980446036,0.4976696080805309,0.0940940940940941,0.79726077284805
0.737306654080824,0.5017173532443338,0.09509509509509509,0.7953414046983595
0.7332523210163621,0.5057348030955987,0.0960960960960961,0.793426657338026
0.7291777142449674,0.5097218660124355,0.0970970970970971,0.7915165196427147
0.7250830494722593,0.5136784518381914,0.0980980980980981,0.7896109805148719
0.7209685427061396,0.5176044718816155,0.0990990990990991,0.7877100288836607
0.7168344102472178,0.5214998389169649,0.10010010010010009,0.785813653704897
0.7126808686792463,0.5253644671840486,0.1011011011011011,0.7839218439609844
0.7085081348595678,0.5291982723882118,0.1021021021021021,0.7820345886608516
0.7043164259095737,0.5330011717002615,0.1031031031031031,0.7801518768398875
0.7001059592051747,0.53677308375633,0.1041041041041041,0.7782736975598779
0.6958769523672853,0.5405139286576806,0.10510510510510511,0.7764000399089412
0.6916296232523192,0.5442236279704528,0.1061061061061061,0.7745308930014667
0.687364189942699,0.5479021047253485,0.10710710710710711,0.7726662459780496
0.6830808707373798,0.5515492834172588,0.10810810810810811,0.7708060880054285
0.6787798841423859,0.5551650900048316,0.1091091091091091,0.7689504082764234
0.6744614488613617,0.5587494519099805,0.11011011011011011,0.7670991960098709
0.6701257837861394,0.5623022980173352,0.1111111111111111,0.7652524404505638
0.6657731079873184,0.5658235586736327,0.11211211211211211,0.7634101308691871
0.6614036407048617,0.5693131656870498,0.11311311311311312,0.761572256562256
0.6570176013387097,0.5727710523264793,0.11411411411411411,0.7597388068520542
0.6526152094394064,0.5761971533207456,0.11511511511511512,0.7579097710865711
0.6481966846987451,0.5795914048577638,0.11611611611611611,0.7560851386394407
0.6437622469404293,0.5829537445836412,0.11711711711711711,0.7542648989098794
0.6393121161107508,0.5862841116017199,0.11811811811811812,0.752449041322624
0.6348465122692862,0.5895824464715639,0.11911911911911911,0.7506375553278714
0.63036565557961,0.5928486912078874,0.12012012012012012,0.7488304304012166
0.6258697663000258,0.5960827892794271,0.12112112112112113,0.7470276560435909
0.6213590647743179,0.5992846856077567,0.12212212212212212,0.7452292217812028
0.6168337714225173,0.6024543265660462,0.12312312312312312,0.7434351171654747
0.6122941067316933,0.6055916599777629,0.12412412412412413,0.7416453317729845
0.6077402912467579,0.6086966351153172,0.12512512512512514,0.7398598552054035
0.603172545561294,0.6117692026986526,0.12612612612612611,0.7380786770894364
0.598591090308403,0.6148093148937798,0.12712712712712712,0.7363017870767615
0.5939961461515719,0.617816925311253,0.12812812812812813,0.73452917484397
0.589387933775562,0.6207919890045936,0.12912912912912913,0.7327608300925058
0.5847666738773178,0.6237344624686579,0.13013013013013014,0.7309967425486071
0.5801325871568989,0.6266443036379472,0.13113113113113112,0.7292369019632448
0.5754858943084311,0.629521471884867,0.13213213213213212,0.7274812981120641
0.570826816011082,0.6323659280179282,0.13313313313313313,0.7257299207953252
0.5661555729200576,0.6351776342798954,0.13413413413413414,0.7239827598378432
0.5614723856576223,0.6379565543458804,0.13513513513513514,0.7222398050889299
0.5567774748041402,0.6407026533213821,0.13613613613613612,0.7205010464223341
0.5520710608891422,0.6434158977402721,0.13713713713713713,0.7187664737361832
0.5473533643824147,0.6460962555627267,0.13813813813813813,0.7170360769529246
0.5426246056851132,0.6487436961731048,0.13913913913913914,0.7153098460192664
0.5378850051208998,0.651358190377775,0.14014014014014015,0.71358777090612
0.5331347829271047,0.6539397104028859,0.14114114114114115,0.7118698416085413
0.528374159245914,0.6564882298920872,0.14214214214214213,0.7101560481456725
0.5236033541155806,0.6590037239041965,0.14314314314314314,0.7084463805606843
0.5188225874616621,0.6614861689108127,0.14414414414414414,0.7067408289207182
0.5140320790882837,0.6639355427938802,0.14514514514514515,0.705039383316828
0.509232048669428,0.6663518248431987,0.14614614614614616,0.7033420338639236
0.504422715740249,0.6687349957538818,0.14714714714714713,0.7016487707007123
0.4996042996884149,0.6710850376237654,0.14814814814814814,0.6999595839896421
0.4947770197454771,0.6734019339507634,0.14914914914914915,0.6982744639168446
0.4899410949782659,0.675685669630173,0.15015015015015015,0.6965934006920774
0.4850967442803142,0.6779362309519295,0.15115115115115116,0.6949163845486684
0.48024418636330807,0.6801536055978102,0.15215215215215216,0.6932434057434574
0.47538363974856745,0.6823377826385884,0.15315315315315314,0.6915744545567413
0.47051532275855196,0.6844887525311367,0.15415415415415415,0.689909521292216
0.46563945350839825,0.6866065071154813,0.15515515515515516,0.6882485962769213
0.460756249897485,0.6886910396118061,0.15615615615615616,0.6865916698611838
0.45586592960102634,0.6907423446174078,0.15715715715715717,0.6849387324185617
0.45096871006169637,0.6927604181036021,0.15815815815815815,0.6832897743457881
0.4460648084812813,0.6947452574125808,0.15915915915915915,0.6816447860627153
0.44115444181236424,0.6966968612542195,0.16016016016016016,0.6800037580122599
0.436237826750037,0.6986152297028393,0.16116116116116116,0.6783666806603462
0.4313151797236459,0.7005003641939176,0.16216216216216217,0.6767335444958521
0.4263867168885646,0.7023522675207529,0.16316316316316315,0.6751043400305522
0.4214526541180007,0.7041709438310819,0.16416416416416416,0.6734790577990639
0.4165132069948337,0.7059563986236481,0.16516516516516516,0.6718576883587923
0.41156859080348207,0.7077086387447244,0.16616616616616617,0.670240222289875
0.4066190205218041,0.7094276723845889,0.16716716716716717,0.668626650195127
0.40166471081303157,0.7111135090739532,0.16816816816816815,0.6670169626999876
0.39670587601773216,0.7127661596803452,0.16916916916916916,0.6654111504524637
0.3917427301458088,0.7143856364044464,0.17017017017017017,0.6638092041230778
0.38677548686852914,0.7159719527763807,0.17117117117117117,0.6622111144048117
0.3818043595105885,0.7175251236519621,0.17217217217217218,0.6606168720130543
0.3768295610422062,0.719045165208893,0.17317317317317318,0.659026467685546
0.3718513040712568,0.7205320949429193,0.17417417417417416,0.6574398921823263
0.36686980083543214,0.7219859316639415,0.17517517517517517,0.6558571362856792
0.3618852631944401,0.7234066954920796,0.17617617617617617,0.6542781908000797
0.35689790262223764,0.7247944078536952,0.17717717717717718,0.6527030465521408
0.3519079301992955,0.7261490914773687,0.1781781781781782,0.6511316943905602
0.3469155566049011,0.7274707703898339,0.17917917917917917,0.6495641251860668
0.341920992109494,0.7287594699118679,0.18018018018018017,0.6480003298313675
0.3369244465670376,0.7300152166541396,0.18118118118118118,0.6464402992410949
0.33192612940742683,0.7312380385130127,0.18218218218218218,0.6448840243517542
0.3269262496289294,0.7324279646663099,0.1831831831831832,0.6433314961216704
0.32192501579066524,0.733585025569031,0.1841841841841842,0.641782705530936
0.31692263600512083,0.7347092529490317,0.18518518518518517,0.6402376435813586
0.3119193179306999,0.7358006798026588,0.18618618618618618,0.638696301296408
0.3069152687643109,0.7368593403903463,0.1871871871871872,0.6371586697211654
0.3019106952339916,0.7378852702321668,0.1881881881881882,0.63562473992227
0.29690580359156943,0.7388785061033458,0.1891891891891892,0.6340945029878676
0.2919007996053603,0.7398390860297331,0.19019019019019018,0.6325679500275596
0.2868958885529041,0.7407670492832339,0.19119119119119118,0.6310450721723495
0.28189127521373814,0.7416624363772011,0.1921921921921922,0.6295258605745933
0.27688716386220763,0.7425252890617868,0.1931931931931932,0.6280103064079471
0.271883758260316,0.7433556503192547,0.1941941941941942,0.626498400867316
0.2668812616506109,0.7441535643592531,0.19519519519519518,0.6249901351688029
0.26187987674910973,0.7449190766140499,0.1961961961961962,0.6234855005496576
0.2568798057382655,0.7456522337337268,0.1971971971971972,0.6219844882682255
0.25188125025996844,0.7463530835813389,0.1981981981981982,0.6204870896038978
0.24688441140858816,0.7470216752280313,0.1991991991991992,0.6189932958570593
0.24188948972405605,0.7476580589481233,0.20020020020020018,0.6175030983490397
0.23689668518498394,0.748262286214151,0.2012012012012012,0.6160164884220614
0.2319061972018258,0.7488344096918743,0.2022022022022022,0.61453345743919
0.2269182246100774,0.7493744832352482,0.2032032032032032,0.6130539967842848
0.22193296566351542,0.7498825618813552,0.2042042042042042,0.6115780978619476
0.21695061802747773,0.7503587018453031,0.20520520520520522,0.610105752097473
0.21197137877218428,0.7508029605150863,0.2062062062062062,0.6086369509367991
0.20699544436609582,0.7512153964464122,0.2072072072072072,0.6071716858464578
0.20202301066931763,0.7515960693574899,0.2082082082082082,0.6057099483135241
0.19705427292703978,0.7519450401237873,0.2092092092092092,0.6042517298455684
0.1920894257630209,0.75226237077275,0.21021021021021022,0.6027970219706056
0.18712866317311228,0.7525481244784885,0.2112112112112112,0.6013458162370467
0.18217217851882328,0.7528023655564291,0.2122122122122122,0.5998981042136495
0.1772201645209283,0.7530251594579325,0.2132132132132132,0.5984538774894697
0.17227281325311603,0.753216572764878,0.21421421421421422,0.5970131276738118
0.16733031613567872,0.7533766731842143,0.21521521521521522,0.5955758463961806
0.16239286392924518,0.7535055295424781,0.21621621621621623,0.5941420253062325
0.15746064672855586,0.7536032117802789,0.2172172172172172,0.592711656073727
0.15253385395627794,0.7536697909467535,0.2182182182182182,0.5912847303884782
0.14761267435686604,0.7537053391939852,0.21921921921921922,0.5898612399603065
0.14269729599046357,0.7537099297713945,0.22022022022022023,0.5884411765189904
0.13778790622684664,0.7536836370200968,0.22122122122122123,0.5870245318142192
0.13288469173941161,0.7536265363672284,0.2222222222222222,0.585611297615544
0.12798783849920561,0.7535387043202433,0.22322322322322322,0.5842014657123298
0.12309753176899968,0.7534202184611783,0.22422422422422422,0.5827950279137095
0.11821395609740537,0.7532711574408878,0.22522522522522523,0.5813919760485341
0.11333729531303562,0.7530916009732499,0.22622622622622623,0.5799923019653269
0.10846773251870725,0.7528816298293413,0.2272272272272272,0.578595997532235
0.1036054500856892,0.7526413258315842,0.22822822822822822,0.5772030546369831
0.09875062964799329,0.7523707718478637,0.22922922922922923,0.5758134651868253
0.09390345209670951,0.7520700517856164,0.23023023023023023,0.5744272211084988
0.08906409757438496,0.7517392505858913,0.23123123123123124,0.573044314348177
0.08423274546944806,0.7513784542173815,0.23223223223223222,0.5716647368714225
0.07940957441067431,0.7509877496704294,0.23323323323323322,0.57028848066314
0.07459476226170089,0.7505672249510039,0.23423423423423423,0.5689155377275306
0.0697884861155814,0.7501169690746503,0.23523523523523523,0.5675459000880446
0.06499092228938806,0.7496370720604141,0.23623623623623624,0.5661795597873358
0.0602022463188575,0.7491276249247378,0.23723723723723725,0.5648165088872149
0.05542263295308252,0.7485887196753309,0.23823823823823823,0.5634567394686033
0.05065225614924643,0.748020449305016,0.23923923923923923,0.5621002436314869
0.04589128906740636,0.7474229077855473,0.24024024024024024,0.5607470134948711
0.04113990406531783,0.7467961900614052,0.24124124124124124,0.5593970411967341
0.03639827269330708,0.7461403920435652,0.24224224224224225,0.5580503188939815
0.03166656568918878,0.7454556106032428,0.24324324324324323,0.5567068387624013
0.02694495297322697,0.7447419435656136,0.24424424424424424,0.5553665929966171
0.022233603643144764,0.7439994897035102,0.24524524524524524,0.554029573810044
0.017532685969178105,0.7432283487310944,0.24624624624624625,0.5526957734348431
0.012842367389174648,0.7424286212975074,0.24724724724724725,0.5513651841218762
0.008162814503739867,0.7416004089804953,0.24824824824824826,0.5500377981406603
0.0034941930714293083,0.7407438142800136,0.24924924924924924,0.5487136077793238
-0.001163331996015572,0.7398589406118086,0.2502502502502503,0.5473926053445607
-0.005809596638381287,0.7389458923009758,0.25125125125125125,0.5460747831615862
-0.010444437651653931,0.7380047745754993,0.25225225225225223,0.5447601335740927
-0.015067692692642813,0.7370356935597653,0.25325325325325326,0.5434486489442042
-0.01967920028355625,0.7360387562680598,0.25425425425425424,0.5421403216524326
-0.02427879981653415,0.7350140705980415,0.2552552552552553,0.5408351440976341
-0.02886633155813061,0.7339617453241956,0.25625625625625625,0.5395331086969632
-0.0334416366537534,0.7328818900912678,0.25725725725725723,0.5382342078858308
-0.03800455713205337,0.7317746154076777,0.25825825825825827,0.5369384341178581
-0.04255493590926889,0.7306400326389139,0.25925925925925924,0.5356457798648351
-0.047092616793524174,0.7294782540009077,0.2602602602602603,0.5343562376166745
-0.051617444489078346,0.7282893925533906,0.26126126126126126,0.5330697998813698
-0.056129264600530825,0.7270735621932314,0.26226226226226224,0.531786459184951
-0.06062792363697635,0.7258308776477549,0.26326326326326327,0.5305062080714412
-0.06511326901611464,0.7245614544680451,0.26426426426426425,0.5292290391028138
-0.06958514906831433,0.7232654090222269,0.2652652652652653,0.5279549448589487
-0.07404341304062592,0.7219428584887341,0.26626626626626626,0.526683917937589
-0.07848791110075153,0.7205939208495582,0.26726726726726724,0.5254159509542989
-0.08291849434096578,0.719218714883482,0.2682682682682683,0.5241510365424201
-0.08733501478198695,0.7178173601592953,0.26926926926926925,0.5228891673530294
-0.09173732537680654,0.7163899770289959,0.2702702702702703,0.5216303360548953
-0.09612528001446487,0.7149366866209743,0.27127127127127126,0.5203745353344366
-0.10049873352378418,0.7134576108331833,0.27227227227227224,0.5191217578956785
-0.10485754167705225,0.7119528723262912,0.2732732732732733,0.5178719964602111
-0.10920156119365752,0.7104225945168237,0.27427427427427425,0.5166252437671474
-0.1135306497436794,0.7088669015702864,0.2752752752752753,0.5153814925730801
-0.11784466595142773,0.7072859183942776,0.27627627627627627,0.5141407356520402
-0.12214346939893848,0.7056797706315846,0.2772772772772773,0.5129029657954552
-0.12642692062941724,0.7040485846532677,0.2782782782782783,0.5116681758121064
-0.1306948811506393,0.702392487551731,0.27927927927927926,0.5104363585280883
-0.1349472134382995,0.7007116071337789,0.2802802802802803,0.5092075067867652
-0.13918378093931436,0.6990060719136627,0.28128128128128127,0.5079816134487317
-0.14340444807507918,0.6972760111061125,0.2822822822822823,0.5067586713917697
-0.14760908024467292,0.6955215546193585,0.2832832832832833,0.5055386735108075
-0.15179754382801947,0.6937428330481399,0.28428428428428426,0.5043216127178788
-0.1559697061889993,0.6919399776667035,0.2852852852852853,0.5031074819420809
-0.16012543567851234,0.6901131204217905,0.2862862862862863,0.5018962741295341
-0.16426460163749557,0.6882623939256128,0.2872872872872873,0.5006879822433405
-0.1683870743998902,0.6863879314488197,0.2882882882882883,0.4994825992635437
-0.1724927252955636,0.6844898669134528,0.28928928928928926,0.4982801181870871
-0.17658142665318075,0.682568334885893,0.2902902902902903,0.49708053202777314
-0.18065305180302946,0.6806234705697977,0.2912912912912913,0.49588383381622425
-0.1847074750797983,0.6786554097990277,0.2922922922922923,0.49469001659984063
-0.1887445718253043,0.6766642890305674,0.2932932932932933,0.4934990734427608
-0.19276421839117622,0.6746502453374338,0.29429429429429427,0.49231099742582074
-0.19676629214148703,0.6726134164015801,0.2952952952952953,0.49112578164651444
-0.20075067145533906,0.6705539405067897,0.2962962962962963,0.4899434192189528
-0.20471723572940434,0.6684719565315633,0.2972972972972973,0.48876390327382485
-0.208665865380412,0.6663676039419987,0.2982982982982983,0.48758722695835666
-0.21259644184759272,0.6642410227846631,0.29929929929929927,0.48641338343627216
-0.2165088475950731,0.6620923536794595,0.3003003003003003,0.48524236588775316
-0.22040296611422097,0.6599217378124879,0.3013013013013013,0.48407416750940035
-0.22427868192594735,0.6577293169288962,0.3023023023023023,0.4829087815141927
-0.2281358805829554,0.6555152333257318,0.3033033033033033,0.48174620113144906
-0.23197444867194586,0.6532796298447815,0.30430430430430433,0.48058641960678794
-0.235794273815772,0.6510226498654114,0.3053053053053053,0.4794294302020892
-0.2395952446755497,0.6487444372973981,0.3063063063063063,0.4782752261954542
-0.243377250952717,0.6464451365737583,0.3073073073073073,0.47712380088116685
-0.24714018339104732,0.6441248926435729,0.3083083083083083,0.4759751475696547
-0.25088393377861723,0.6417838509648064,0.30930930930930933,0.4748292595874504
-0.2546083949497216,0.6394221574971257,0.3103103103103103,0.47368613027715256
-0.2583134607867477,0.6370399586947121,0.3113113113113113,0.4725457529973871
-0.2619990262219966,0.6346374014990721,0.3123123123123123,0.471408121122769
-0.2656649872394591,0.6322146333318464,0.3133133133133133,0.4702732280438629
-0.26931124087654584,0.6297718020876143,0.31431431431431434,0.4691410671671461
-0.27293768522576706,0.6273090561266984,0.3153153153153153,0.4680116319149691
-0.27654421943636737,0.6248265442679658,0.3163163163163163,0.466884915725518
-0.2801307437159132,0.6223244157816284,0.3173173173173173,0.46576091205277576
-0.2836971593318309,0.6198028203820427,0.3183183183183183,0.4646396143664849
-0.2872433686129013,0.6172619082205074,0.31931931931931934,0.4635210161521093
-0.29076927495070254,0.6147018298780628,0.3203203203203203,0.46240511091079606
-0.29427478280101216,0.6121227363582856,0.3213213213213213,0.46129189215933813
-0.2977597976851556,0.6095247790800892,0.32232232232232233,0.4601813534301363
-0.3012242261913111,0.6069081098705206,0.3233233233233233,0.45907348827116196
-0.3046679759757702,0.6042728809575579,0.32432432432432434,0.45796829024591945
-0.30809095576414475,0.601619244962912,0.3253253253253253,0.4568657529334085
-0.3114930753525343,0.5989473548948253,0.3263263263263263,0.45576586992808743
-0.31487424560864313,0.5962573641408742,0.32732732732732733,0.4546686348398351
-0.3182343784728496,0.5935494264607742,0.3283283283283283,0.4535740412939149
-0.3215733869592329,0.5908236959791847,0.32932932932932935,0.45248208293093656
-0.3248911851565499,0.5880803271785178,0.3303303303303303,0.4513927534068201
-0.3281876882291674,0.5853194748917495,0.3313313313313313,0.45030604639275856
-0.33146281241794684,0.5825412942952336,0.33233233233233234,0.4492219555751809
-0.3347164750410846,0.5797459409015189,0.3333333333333333,0.4481404746557165
-0.3379485944949044,0.5769335705521699,0.33433433433433435,0.4470615973511569
-0.34115909025460317,0.5741043394105921,0.3353353353353353,0.4459853173934208
-0.344347882874955,0.5712584039548589,0.3363363363363363,0.4449116285295166
-0.34751489399096336,0.5683959209705469,0.33733733733733734,0.44384052452150674
-0.3506600463184711,0.5655170475435722,0.3383383383383383,0.44277199914647125
-0.3537832636547256,0.5626219410530329,0.33933933933933935,0.44170604619647147
-0.35688447087889374,0.5597107591640578,0.34034034034034033,0.4406426594785138
-0.35996359395253685,0.5567836598206591,0.34134134134134136,0.43958183281451435
-0.3630205599200361,0.5538408012385924,0.34234234234234234,0.43852356004126253
-0.36605529690897454,0.5508823418982205,0.3433433433433433,0.43746783501038544
-0.36906773413047284,0.5479084405373864,0.34434434434434436,0.436414651588312
-0.37205780187948057,0.5449192561442904,0.34534534534534533,0.4353640036562375
-0.3750254315350223,0.5419149479503755,0.34634634634634637,0.43431588511008795
-0.3779705555603973,0.5388956754232208,0.34734734734734735,0.4332702898604848
-0.3808931075033377,0.5358615982594384,0.3483483483483483,0.4322272118327089
-0.38379302199611753,0.5328128763775832,0.34934934934934936,0.43118664496666614
-0.3866702347556199,0.5297496699110683,0.35035035035035034,0.430148583216852
-0.38952468258336026,0.5266721392010858,0.35135135135135137,0.4291130205523154
-0.39235630336546123,0.5235804447895429,0.35235235235235235,0.42807995095662543
-0.3951650360725881,0.5204747474119998,0.3533533533533533,0.4270493684278349
-0.3979508207598364,0.517355207990621,0.35435435435435436,0.4260212669784461
-0.40071359856657685,0.5142219876271342,0.35535535535535534,0.42499564063537626
-0.4034533117162557,0.5110752475957996,0.3563563563563564,0.423972483439922
-0.4061699035161521,0.5079151493363881,0.35735735735735735,0.4229517894477257
-0.4088633183570901,0.504741854447171,0.35835835835835833,0.42193355272874034
-0.41153350171310843,0.5015555246779182,0.35935935935935936,0.42091776736719494
-0.41418040014108615,0.4983563219229097,0.36036036036036034,0.41990442746156104
-0.41680396128032465,0.4951444082139544,0.3613613613613614,0.41889352712451744
-0.41940413385208575,0.49191994571342407,0.36236236236236236,0.41788506048291635
-0.42198086765908865,0.4886830967072958,0.36336336336336333,0.41687902167774954
-0.4245341135849625,0.4854340235982064,0.36436436436436437,0.4158754048641139
-0.42706382359365397,0.4821728888985218,0.36536536536536535,0.4148742042111778
-0.4295699507287963,0.4788998552234134,0.3663663663663664,0.4138754139021468
-0.43205244911303226,0.47561508528395224,0.36736736736736736,0.4128790281342305
-0.4345112739472958,0.4723187418802118,0.3683683683683684,0.4118850411186081
-0.4369463815100513,0.4690109878943862,0.36936936936936937,0.4108934470803953
-0.43935772915648985,0.46569198628392044,0.37037037037037035,0.4099042402586106
-0.44174527531768454,0.46236190007465433,0.3713713713713714,0.40891741490614153
-0.44410897949970185,0.45902089235398136,0.37237237237237236,0.40793296528971196
-0.4464488022826743,0.45566912626401784,0.3733733733733734,0.4069508856898479
-0.448764705319827,0.452306764994792,0.3743743743743744,0.4059711704008451
-0.45105665133646616,0.44893397177744176,0.37537537537537535,0.4049938137307353
-0.4533246041289256,0.4455509098774305,0.3763763763763764,0.40401881000125334
-0.4555685285634693,0.4421577425877781,0.37737737737737737,0.40304615354780443
-0.4577883905751565,0.4387546332223045,0.3783783783783784,0.402075838719431
-0.4599841571666628,0.4353417451088909,0.3793793793793794,0.4011078598787797
-0.4621557964070621,0.43191924158275613,0.38038038038038036,0.4001422114020692
-0.464303277430567,0.4284872859797481,0.3813813813813814,0.39917888767905646
-0.4664265704352287,0.42504604162965265,0.38238238238238237,0.3982178831130058
-0.46852564668159696,0.4215956718495174,0.3833833833833834,0.3972591921206546
-0.47060047849133846,0.4181363399369943,0.3843843843843844,0.39630280913218235
-0.4726510392458173,0.41466820916369496,0.38538538538538536,0.3953487285911771
-0.47467730338463315,0.41119144276856817,0.3863863863863864,0.3943969449546037
-0.47667924640412,0.4077062039512918,0.38738738738738737,0.3934474526927721
-0.47865684485580806,0.4042126558656805,0.3883883883883884,0.3925002462893042
-0.4806100763448412,0.4007109616131166,0.3893893893893894,0.39155532024110273
-0.4825389195283592,0.3972012842359931,0.39039039039039036,0.3906126690583185
-0.48444335411383993,0.39368378671117743,0.3913913913913914,0.38967228726431913
-0.4863233608573997,0.39015863194349587,0.3923923923923924,0.3887341693956569
-0.4881789215620592,0.38662598275923193,0.3933933933933934,0.38779831000203707
-0.4900100190759675,0.38308600189964703,0.3943943943943944,0.38686470364628633
-0.49181663729058805,0.3795388520145191,0.39539539539539537,0.38593334490432096
-0.49359876113884804,0.3759846956557007,0.3963963963963964,0.38500422836511544
-0.4953563765932469,0.37242369527069635,0.3973973973973974,0.38407734863067117
-0.4970894706639293,0.36885601319626,0.3983983983983984,0.383152700315985
-0.49879803139671786,0.36528181165201307,0.3993993993993994,0.3822302780490179
-0.5004820478711113,0.36170125273407955,0.40040040040040037,0.38131007647066384
-0.5021415101982412,0.35811449840874604,0.4014014014014014,0.3803920902347182
-0.5037764095187944,0.35452171050614006,0.4024024024024024,0.37947631400784754
-0.5053867380008984,0.350923050713927,0.4034034034034034,0.37856274246955807
-0.5069724888379659,0.3473186805710332,0.4044044044044044,0.37765137031216484
-0.5085336562465076,0.3437087614613851,0.40540540540540543,0.37674219224076055
-0.5100702354639058,0.3400934546076735,0.4064064064064064,0.37583520297318596
-0.5115822227461504,0.3364729210651366,0.4074074074074074,0.37493039723999744
-0.5130696153655413,0.3328473217153675,0.4084084084084084,0.37402776978443786
-0.5145324116083531,0.3292168172601421,0.4094094094094094,0.37312731536240545
-0.5159706107724638,0.32558156821526874,0.41041041041041043,0.37222902874242303
-0.5173842131649485,0.3219417349044633,0.4114114114114114,0.37133290470560865
-0.5187732200996376,0.3182974774532414,0.4124124124124124,0.37043893804564365
-0.5201376338946384,0.3146489557828395,0.4134134134134134,0.36954712356874414
-0.5214774578698228,0.31099632960415585,0.4144144144144144,0.3686574560936296
-0.52279269634428,0.30733975841171385,0.41541541541541543,0.3677699304514932
-0.5240833546337337,0.30367940147765077,0.4164164164164164,0.36688454148597205
-0.5253494390479247,0.3000154178457295,0.4174174174174174,0.3660012840531168
-0.5265909568879599,0.29634796632537336,0.4184184184184184,0.3651201530213618
-0.5278079164436262,0.2926772054857255,0.4194194194194194,0.36424114327149554
-0.5290003269906713,0.28900329364973254,0.42042042042042044,0.3633642496966307
-0.5301681987880494,0.285326388888252,0.4214214214214214,0.36248946720217473
-0.5313115430751345,0.28164664901418485,0.4224224224224224,0.3616167907057999
-0.5324303720688993,0.27796423157663175,0.42342342342342343,0.36074621513741395
-0.5335246989610615,0.2742792938550765,0.4244244244244244,0.3598777354391307
-0.5345945379151972,0.27059199285359015,0.42542542542542544,0.35901134656524053
-0.5356399040638199,0.26690248529506616,0.4264264264264264,0.3581470434821811
-0.5366608135054292,0.26321092761547604,0.4274274274274274,0.3572848211685084
-0.5376572833015258,0.25951747595815183,0.42842842842842843,0.35642467461486704
-0.5386293314735927,0.2558222861680975,0.4294294294294294,0.35556659882396147
-0.5395769770000481,0.2521255137863209,0.43043043043043044,0.35471058881052686
-0.5405002398131629,0.24842731404419646,0.4314314314314314,0.3538566396013003
-0.5413991407959479,0.2447278418578509,0.43243243243243246,0.35300474623499184
-0.5422737017790098,0.2410272518225786,0.43343343343343343,0.3521549037622552
-0.5431239455373769,0.2373256982072791,0.4344344344344344,0.35130710724566006
-0.5439498957872902,0.23362333494892612,0.43543543543543545,0.35046135175966203
-0.5447515771829678,0.22992031564706122,0.4364364364364364,0.3496176323905752
-0.545529015313337,0.22621679355831256,0.43743743743743746,0.34877594423654323
-0.546282236698734,0.22251292159094596,0.43843843843843844,0.3479362824075101
-0.547011268787578,0.2188088522994383,0.4394394394394394,0.34709864202519325
-0.5477161399530105,0.21510473787908038,0.44044044044044045,0.34626301822305366
-0.5483968794895078,0.21140073016060992,0.44144144144144143,0.3454294061462687
-0.5490535176094626,0.2076969806048676,0.44244244244244246,0.3445978009517033
-0.5496860854397374,0.203993640297485,0.44344344344344344,0.34376819780788204
-0.550294615018187,0.20029085994359924,0.4444444444444444,0.3429405918949611
-0.5508791392901535,0.1965887898625957,0.44544544544544545,0.3421149784047002
-0.5514396921049323,0.19288757998287992,0.44644644644644643,0.3412913525404344
-0.5519763082122094,0.18918737983667727,0.44744744744744747,0.3404697095170473
-0.5524890232584698,0.18548833855486316,0.44844844844844844,0.33965004456094144
-0.5529778737833788,0.1817906048618183,0.4494494494494494,0.33883235291001224
-0.5534428972161355,0.17809432707031767,0.45045045045045046,0.33801662981361924
-0.5538841318717973,0.17439965307644678,0.45145145145145144,0.33720287053255954
-0.5543016169475784,0.170706730354544,0.45245245245245247,0.336391070339039
-0.5546953925191201,0.16701570595217907,0.45345345345345345,0.3355812245166455
-0.5550654995367353,0.1633267264851547,0.4544544544544544,0.3347733283603221
-0.5554119798216245,0.1596399381325416,0.45545545545545546,0.33396737717633834
-0.5557348760620666,0.15595548663174225,0.45645645645645644,0.33316336628226406
-0.5560342318095828,0.15227351727358465,0.4574574574574575,0.3323612910069415
-0.5563100914750749,0.14859417489744647,0.45845845845845845,0.33156114669045916
-0.5565625003249368,0.14491760388640876,0.45945945945945943,0.3307629286841233
-0.5567915044771408,0.14124394816244096,0.46046046046046046,0.3299666323504321
-0.5569971508972988,0.1375733511816156,0.46146146146146144,0.32917225306304837
-0.5571794873946979,0.13390595592935373,0.4624624624624625,0.32837978620677233
-0.5573385626183105,0.13024190491570256,0.46346346346346345,0.3275892271775153
-0.5574744260527807,0.12658134017064004,0.46446446446446443,0.3268005713822726
-0.5575871280143856,0.12292440323941532,0.46546546546546547,0.3260138142390972
-0.5576767196469712,0.11927123517791763,0.46646646646646645,0.32522895117707257
-0.5577432529178662,0.11562197654807549,0.4674674674674675,0.32444597763628663
-0.5577867806137712,0.11197676741328941,0.46846846846846846,0.3236648890678051
-0.5578073563366224,0.10833574733389477,0.4694694694694695,0.32288568093364517
-0.5578050344994352,0.10469905536265649,0.47047047047047047,0.3221083487067487
-0.5577798703221214,0.10106683004029524,0.47147147147147145,0.3213328878709565
-0.5577319198272852,0.09743920939104556,0.4724724724724725,0.32055929392098137
-0.5576612398359971,0.0938163309182458,0.47347347347347346,0.31978756236238337
-0.5575678879635421,0.09019833159995949,0.4744744744744745,0.3190176887115413
-0.5574519226151499,0.08658534788463053,0.4754754754754755,0.3182496684956295
-0.557313402981699,0.0829775156867677,0.47647647647647645,0.3174834972525894
-0.5571523890354025,0.07937497038266295,0.4774774774774775,0.31671917053110515
-0.5569689415254692,0.07577784680614416,0.47847847847847846,0.31595668389057696
-0.5567631219737453,0.0721862792443558,0.4794794794794795,0.31519603290109566
-0.5565349926703346,0.06860040143357593,0.4804804804804805,0.31443721314341716
-0.556284616669197,0.06502034655506402,0.48148148148148145,0.3136802202089361
-0.5560120577837271,0.06144624723094216,0.4824824824824825,0.31292504969966073
-0.5557173805823119,0.05787823552010886,0.48348348348348347,0.31217169722818733
-0.5554006503838689,0.05431644291418549,0.4844844844844845,0.31142015841767456
-0.5550619332533634,0.050761000333497334,0.4854854854854855,0.3106704289018185
-0.554701295997306,0.04721203812308385,0.48648648648648646,0.3099225043248263
-0.5543188061592315,0.04366968604874696,0.4874874874874875,0.3091763803413917
-0.5539145320151582,0.040134073293130235,0.48848848848848847,0.3084320526166701
-0.553488542569027,0.03660532845182896,0.4894894894894895,0.3076895168262519
-0.5530409075481231,0.03308357952953962,0.4904904904904905,0.306948768656139
-0.5525716973984783,0.029568953936236778,0.49149149149149146,0.30620980380271884
-0.5520809832802556,0.026061578483386142,0.4924924924924925,0.30547261797273956
-0.5515688370631142,0.022561579380193382,0.4934934934934935,0.3047372068832851
-0.5510353313215591,0.019069082229882007,0.4944944944944945,0.3040035662617504
-0.55048053933027,0.015584212026008702,0.4954954954954955,0.30327169184581654
-0.5499045350594154,0.01210709314881081,0.4964964964964965,0.3025415793834258
-0.5493073931699478,0.008637849361589397,0.4974974974974975,0.3018132246327572
-0.548689189008883,0.005176603807122685,0.4984984984984985,0.30108662336220166
-0.5480499986045614,0.0017234790041181316,0.4994994994994995,0.30036177135033737
-0.5473898986618947,-0.0017214031563038033,0.5005005005005005,0.29963866438590586
-0.5467089665575943,-0.005157921414092706,0.5015015015015015,0.29891729826778674
-0.5460072803353848,-0.008585955143714819,0.5025025025025025,0.2981976688049734
-0.5452849187012021,-0.012005384357566363,0.5035035035035035,0.29747977181654944
-0.5445419610183742,-0.015416089709353431,0.5045045045045045,0.29676360313166333
-0.5437784873027887,-0.018817952497435595,0.5055055055055055,0.2960491585895048
-0.5429945782180443,-0.022210854668134803,0.5065065065065065,0.2953364340392808
-0.5421903150705868,-0.025594678819014557,0.5075075075075075,0.2946254253401907
-0.541365779804832,-0.028969308202117582,0.5085085085085085,0.29391612836140313
-0.5405210549982724,-0.03233462672717368,0.5095095095095095,0.2932085389820311
-0.5396562238565713,-0.03569051896477149,0.5105105105105106,0.2925026530911085
-0.5387713702086425,-0.03903687014949457,0.5115115115115115,0.2917984665875666
-0.5378665785017154,-0.0423735661830249,0.5125125125125125,0.29109597538020915
-0.5369419337963884,-0.04570049363721042,0.5135135135135135,0.2903951753876899
-0.5359975217616674,-0.049017539757096426,0.5145145145145145,0.2896960625384877
-0.5350334286699925,-0.05232459246392465,0.5155155155155156,0.2889986327708837
-0.5340497413922513,-0.055621540358094954,0.5165165165165165,0.2883028820329376
-0.5330465473927796,-0.058908272722094555,0.5175175175175175,0.2876088062824635
-0.5320239347243512,-0.06218467952339022,0.5185185185185185,0.28691640148700737
-0.530981992023153,-0.06545065141728601,0.5195195195195195,0.2862256636238228
-0.5299208085037511,-0.06870607974974767,0.5205205205205206,0.2855365886798479
-0.5288404739540439,-0.07195085656018685,0.5215215215215215,0.2848491726516823
-0.5277410787302037,-0.07518487458421846,0.5225225225225225,0.2841634115455637
-0.5266227137516076,-0.07840802725637469,0.5235235235235235,0.283479301377344
-0.5254854704957582,-0.08162020871278876,0.5245245245245245,0.2827968381724676
-0.5243294409931919,-0.08482131379384206,0.5255255255255256,0.28211601796594654
-0.5231547178223791,-0.08801123804677523,0.5265265265265265,0.2814368368023393
-0.5219613941046121,-0.09118987772826613,0.5275275275275275,0.2807592907357263
-0.5207495634988841,-0.09435712980697027,0.5285285285285285,0.2800833758296878
-0.5195193201967587,-0.0975128919660279,0.5295295295295295,0.27940908815728055
-0.5182707589172295,-0.10065706260553395,0.5305305305305306,0.27873642380101543
-0.5170039749015711,-0.1037895408449735,0.5315315315315315,0.2780653788528348
-0.5157190639081795,-0.10691022652562295,0.5325325325325325,0.27739594941408896
-0.5144161222074056,-0.11001902021291424,0.5335335335335335,0.2767281315955141
-0.51309524657638,-0.11311582319876425,0.5345345345345345,0.27606192151721026
-0.511756534293827,-0.11620053750387016,0.5355355355355356,0.27539731530861716
-0.5104000831348746,-0.11927306587996535,0.5365365365365365,0.27473430910849345
-0.5090259913658536,-0.12233331181204596,0.5375375375375375,0.27407289906489335
-0.5076343577390896,-0.1253811795205578,0.5385385385385385,0.27341308133514436
-0.5062252814876889,-0.12841657396354816,0.5395395395395395,0.27275485208582523
-0.5047988623203152,-0.13143940083878392,0.5405405405405406,0.2720982074927431
-0.5033552004159627,-0.13444956658583257,0.5415415415415415,0.2714431437409122
-0.501894396418718,-0.13744697838810976,0.5425425425425425,0.2707896570245308
-0.5004165514325198,-0.1404315441748892,0.5435435435435435,0.2701377435469596
-0.49892176701590923,-0.14340317262327953,0.5445445445445445,0.26948739952069933
-0.4974101451767768,-0.14636177316016338,0.5455455455455456,0.2688386211673693
-0.49588178836710156,-0.1493072559641023,0.5465465465465466,0.2681914047176849
-0.4943367994776856,-0.1522395319672072,0.5475475475475475,0.26754574641143586
-0.4927752818328831,-0.15515851285697174,0.5485485485485485,0.26690164249746445
-0.4911973391853245,-0.1580641110780716,0.5495495495495496,0.2662590892336437
-0.48960307571063605,-0.16095623983412685,0.5505505505505506,0.2656180828868558
-0.4879925960021535,-0.16383481308943146,0.5515515515515516,0.26497861973296993
-0.48636600506563316,-0.16669974557064485,0.5525525525525525,0.2643406960568212
-0.48472340831395716,-0.16955095276845067,0.5535535535535535,0.26370430815218865
-0.4830649115618364,-0.17238835093917776,0.5545545545545546,0.2630694523217739
-0.4813906210205085,-0.17521185710638706,0.5555555555555556,0.2624361248771798
-0.4797006432924325,-0.17802138906242446,0.5565565565565566,0.26180432213888866
-0.4779950853659812,-0.18081686536993627,0.5575575575575575,0.26117404043624126
-0.4762740546101288,-0.18359820536335072,0.5585585585585585,0.260545276107415
-0.4745376587691376,-0.18636532915032436,0.5595595595595596,0.25991802549940324
-0.47278600595724124,-0.1891181576131518,0.5605605605605606,0.2592922849679935
-0.4710192046533253,-0.19185661241014304,0.5615615615615616,0.258668050877747
-0.46923736369560565,-0.19458061597696372,0.5625625625625625,0.2580453196019767
-0.4674405922763062,-0.19729009152793991,0.5635635635635635,0.25742408752272683
-0.4656289999363335,-0.1999849630573297,0.5645645645645646,0.2568043510307516
-0.46380269655995116,-0.2026651553405578,0.5655655655655656,0.25618610652549456
-0.461961792369451,-0.20533059393541714,0.5665665665665666,0.25556935041506695
-0.46010639791982594,-0.20798120518323382,0.5675675675675675,0.25495407911622764
-0.45823662409343985,-0.2106169162099988,0.5685685685685685,0.2543402890543621
-0.45635258209469737,-0.2132376549274629,0.5695695695695696,0.25372797666346125
-0.4544543834447152,-0.21584335003419694,0.5705705705705706,0.2531171383861011
-0.45254213997598963,-0.2184339310166211,0.5715715715715716,0.25250777067342217
-0.4506159638270673,-0.2210093281499937,0.5725725725725725,0.25189986998510844
-0.44867596743721505,-0.22356947249936895,0.5735735735735735,0.25129343278936694
-0.4467222635410904,-0.22611429592051974,0.5745745745745746,0.2506884555629078
-0.4447549651634128,-0.22864373106082383,0.5755755755755756,0.25008493479092286
-0.4427741856136355,-0.2311577113601183,0.5765765765765766,0.2494828669670659
-0.44078003848061886,-0.2336561710515179,0.5775775775775776,0.24888224859343203
-0.4387726376273055,-0.23613904516219814,0.5785785785785785,0.24828307618053738
-0.43675209718539604,-0.23860626951414596,0.5795795795795796,0.24768534624729888
-0.434718531550028,-0.24105778072487408,0.5805805805805806,0.2470890553210141
-0.4326720553744545,-0.24349351620810286,0.5815815815815816,0.2464941999373407
-0.43061278356472826,-0.2459134141744068,0.5825825825825826,0.24590077664027682
-0.4285408312743852,-0.2483174136318264,0.5835835835835835,0.24530878198214068
-0.4264563138991321,-0.2507054543864484,0.5845845845845846,0.24471821252355067
-0.42435934707153805,-0.2530774770429468,0.5855855855855856,0.24412906483340535
-0.4222500466557259,-0.2554334230050968,0.5865865865865866,0.2435413354888634
-0.42012852874207063,-0.2577732344762487,0.5875875875875876,0.242955021075324
-0.4179949096418986,-0.2600968544597715,0.5885885885885885,0.24237011818640658
-0.41584930588219193,-0.26240422675946085,0.5895895895895896,0.2417866234239314
-0.41369183420029637,-0.2646952959799139,0.5905905905905906,0.2412045333978997
-0.41152261153863284,-0.26697000752687117,0.5915915915915916,0.24062384472647413
-0.4093417550394139,-0.2692283076075231,0.5925925925925926,0.24004455403595862
-0.4071493820393645,-0.27147014323078494,0.5935935935935935,0.2394666579607793
-0.40494561006444785,-0.2736954622075364,0.5945945945945946,0.23889015314346482
-0.40273055682459585,-0.27590421315082836,0.5955955955955956,0.23831503623462674
-0.40050434020844417,-0.2780963454760576,0.5965965965965966,0.23774130389294001
-0.398267078278074,-0.2802718094011065,0.5975975975975976,0.23716895278512373
-0.3960188892637584,-0.2824305559464502,0.5985985985985985,0.23659797958592188
-0.39375989155871366,-0.2845725369352312,0.5995995995995996,0.23602838097808349
-0.39149020371386,-0.28669770499329866,0.6006006006006006,0.2354601536523441
-0.38920994443258344,-0.2888060135492183,0.6016016016016016,0.23489329430740594
-0.3869192325655075,-0.29089741683424714,0.6026026026026026,0.23432779964991898
-0.3846181871052711,-0.2929718698822746,0.6036036036036035,0.23376366639446178
-0.38230692718131215,-0.2950293285297331,0.6046046046046046,0.2332008912635223
-0.379985572054659,-0.2970697494154744,0.6056056056056056,0.23263947098747925
-0.37765424111272805,-0.2990930899806145,0.6066066066066066,0.23207940230458252
-0.37531305386412983,-0.3010993084683447,0.6076076076076076,0.23152068196093462
-0.3729621299334815,-0.3030883639237121,0.6086086086086087,0.23096330671047166
-0.37060158905622914,-0.3050602161933647,0.6096096096096096,0.23040727331494454
-0.36823155107347477,-0.3070148259252686,0.6106106106106106,0.22985257854389998
-0.3658521359268139,-0.3089521545683896,0.6116116116116116,0.22929921917466203
-0.36346346365318116,-0.3108721643723439,0.6126126126126126,0.22874719199231294
-0.3610656543797035,-0.3127748183870168,0.6136136136136137,0.22819649378967488
-0.35865882831856327,-0.31466008046215,0.6146146146146146,0.2276471213672913
-0.3562431057618683,-0.316527915246896,0.6156156156156156,0.2270990715334079
-0.3538186070765337,-0.3183782881893425,0.6166166166166166,0.22655234110395456
-0.35138545269917,-0.3202111655360037,0.6176176176176176,0.2260069269025266
-0.34894376313098324,-0.3220265143312809,0.6186186186186187,0.2254628257603664
-0.34649365893268447,-0.3238243024168901,0.6196196196196196,0.22492003451634496
-0.34403526071940577,-0.3256044984312626,0.6206206206206206,0.2243785500169436
-0.34156868915563104,-0.32736707180890906,0.6216216216216216,0.2238383691162355
-0.3390940649501339,-0.32911199277975584,0.6226226226226226,0.22329948867586769
-0.3366115088509264,-0.3308392323684496,0.6236236236236237,0.2227619055650423
-0.33412114164021994,-0.3325487623936304,0.6246246246246246,0.22222561666049917
-0.3316230841293943,-0.3342405554671748,0.6256256256256256,0.22169061884649688
-0.329117457153979,-0.33591458499340854,0.6266266266266266,0.22115690901479512
-0.32660438156864685,-0.3375708251682872,0.6276276276276276,0.22062448406463656
-0.32408397824221624,-0.3392092509785477,0.6286286286286287,0.2200933409027287
-0.3215563680526678,-0.3408298382008292,0.6296296296296297,0.21956347644322619
-0.31902167188216934,-0.34243256340076367,0.6306306306306306,0.21903488760771256
-0.3164800106121156,-0.34401740393203606,0.6316316316316316,0.21850757132518245
-0.3139315051181786,-0.3455843379354149,0.6326326326326326,0.217981524532024
-0.31137627626536907,-0.3471333443377531,0.6336336336336337,0.21745674417200053
-0.30881444490311444,-0.34866440285095746,0.6346346346346347,0.21693322719623345
-0.30624613186034255,-0.35017749397093134,0.6356356356356356,0.21641097056318398
-0.30367145794058437,-0.35167259897648506,0.6366366366366366,0.2158899712386358
-0.30109054391708634,-0.35314969992821793,0.6376376376376376,0.2153702261956773
-0.29850351052793517,-0.35460877966737214,0.6386386386386387,0.21485173241468394
-0.2959104784712001,-0.3560498218146534,0.6396396396396397,0.21433448688330098
-0.2933115684000816,-0.35747281076902887,0.6406406406406406,0.21381848659642566
-0.29070690091807927,-0.35887773170649057,0.6416416416416416,0.21330372855618976
-0.28809659657417236,-0.36026457057879147,0.6426426426426426,0.21279020977194243
-0.2854807758580112,-0.3616333141121551,0.6436436436436437,0.21227792726023267
-0.2828595591951267,-0.362983949805953,0.6446446446446447,0.211766878044792
-0.28023306694215117,-0.36431646593135614,0.6456456456456456,0.21125705915651716
-0.2776014193820536,-0.36563085152995756,0.6466466466466466,0.21074846763345273
-0.2749647367193912,-0.36692709641236654,0.6476476476476476,0.21024110052077424
-0.2723231390755745,-0.3682051911567734,0.6486486486486487,0.20973495487077073
-0.2696767464841472,-0.3694651271074887,0.6496496496496497,0.20923002774282776
-0.2670256788860801,-0.37070689637345344,0.6506506506506506,0.20872631620341028
-0.264370056125083,-0.3719304918267202,0.6516516516516516,0.20822381732604556
-0.2617099979429282,-0.3731359071009098,0.6526526526526526,0.20772252819130627
-0.2590456239747914,-0.37432313658963734,0.6536536536536537,0.20722244588679334
-0.2563770537446109,-0.37549217544491154,0.6546546546546547,0.20672356750711932
-0.25370440666045513,-0.3766430195755096,0.6556556556556556,0.2062258901538913
-0.25102780200991315,-0.3777756656453217,0.6566566566566566,0.20572941093569405
-0.24834735895549942,-0.3788901110716689,0.6576576576576576,0.20523412696807328
-0.24566319653007151,-0.37998635402359704,0.6586586586586587,0.20474003537351895
-0.24297543363226887,-0.3810643934201403,0.6596596596596597,0.20424713328144858
-0.24028418902196488,-0.3821242289285605,0.6606606606606606,0.20375541782819032
-0.23758958131573596,-0.38316586096255995,0.6616616616616616,0.20326488615696656
-0.23489172898234825,-0.38418929068046687,0.6626626626626626,0.20277553541787724
-0.23219075033826195,-0.38519451998339493,0.6636636636636637,0.20228736276788314
-0.2294867635431509,-0.38618155151337796,0.6646646646646647,0.20180036537078985
-0.2267798865954392,-0.38715038865147805,0.6656656656656657,0.2013145403972308
-0.2240702373278584,-0.3881010355158667,0.6666666666666666,0.20082988502465082
-0.22135793340301763,-0.3890334969598832,0.6676676676676676,0.20034639643729024
-0.21864309230899423,-0.389947778570065,0.6686686686686687,0.19986407182616786
-0.2159258313549443,-0.39084388666415326,0.6696696696696697,0.19938290838906533
-0.21320626766672382,-0.391721828289075,0.6706706706706707,0.19890290333051022
-0.210484518182535,-0.3925816112188983,0.6716716716716716,0.19842405386176015
-0.20776069964858918,-0.393423243952763,0.6726726726726726,0.19794635720078657
-0.20503492861478415,-0.39424673571278784,0.6736736736736737,0.1974698105722584
-0.2023073214304057,-0.39505209644195133,0.6746746746746747,0.19699441120752628
-0.19957799423984354,-0.3958393368019492,0.6756756756756757,0.196520156344606
-0.1968470629783267,-0.3966084681710282,0.6766766766766766,0.1960470432281628
-0.19411464336767853,-0.3973595026417944,0.6776776776776777,0.19557506910949524
-0.19138085091209325,-0.39809245301899726,0.6786786786786787,0.19510423124651938
-0.188645800893924,-0.39880733281729214,0.6796796796796797,0.19463452690375246
-0.18590960836949785,-0.3995041562589774,0.6806806806806807,0.1941659533522975
-0.18317238816494774,-0.40018293827170687,0.6816816816816816,0.19369850786982706
-0.1804342548720607,-0.40084369448618234,0.6826826826826827,0.19323218774056763
-0.17769532284415113,-0.40148644123381905,0.6836836836836837,0.19276699025528393
-0.1749557061919495,-0.4021111955443905,0.6846846846846847,0.19230291271126282
-0.17221551877951186,-0.40271797514365004,0.6856856856856857,0.19183995241229795
-0.16947487422015048,-0.4033067984509287,0.6866866866866866,0.19137810666867386
-0.16673388587238444,-0.40387768457671097,0.6876876876876877,0.19091737279715054
-0.1639926668359093,-0.40443065332018824,0.6886886886886887,0.1904577481209478
-0.16125132994758629,-0.4049657251667901,0.6896896896896897,0.1899992299697295
-0.1585099877774559,-0.40548292128569263,0.6906906906906907,0.18954181567958844
-0.15576875262476678,-0.4059822635273056,0.6916916916916916,0.18908550259303042
-0.1530277365140285,-0.40646377442073756,0.6926926926926927,0.18863028805895918
-0.15028705119108704,-0.406927477171238,0.6936936936936937,0.18817616943266083
-0.14754680811921392,-0.4073733956576207,0.6946946946946947,0.1877231440757885
-0.14480711847522376,-0.40780155442966304,0.6956956956956957,0.18727120935634692
-0.14206809314561059,-0.40821197870548526,0.6966966966966966,0.1868203626486774
-0.1393298427227022,-0.40860469436890867,0.6976976976976977,0.18637060133344224
-0.13659247750084139,-0.408979727966793,0.6986986986986987,0.18592192279760986
-0.1338561074725839,-0.4093371067063518,0.6996996996996997,0.18547432443443918
-0.1311208423249195,-0.40967685845244983,0.7007007007007007,0.18502780364346502
-0.1283867914355151,-0.40999901172487707,0.7017017017017017,0.18458235783048235
-0.1256540638689803,-0.41030359569560454,0.7027027027027027,0.18413798440753187
-0.12292276837315282,-0.4105906401860189,0.7037037037037037,0.1836946807928846
-0.12019301337540572,-0.410860175664138,0.7047047047047047,0.18325244441102684
-0.11746490697898021,-0.4111122332418058,0.7057057057057057,0.1828112726926454
-0.11473855695933514,-0.41134684467186816,0.7067067067067067,0.18237116307461265
-0.11201407076052408,-0.41156404234532895,0.7077077077077077,0.18193211299997142
-0.10929155549159125,-0.411763859288487,0.7087087087087087,0.1814941199179205
-0.10657111792298987,-0.411946329160054,0.7097097097097097,0.1810571812837994
-0.10385286448302487,-0.4121114862482534,0.7107107107107107,0.18062129455907389
-0.10113690125431825,-0.4122593654678998,0.7117117117117117,0.18018645721132112
-0.09842333397029356,-0.41239000235746137,0.7127127127127127,0.17975266671421494
-0.09571226801168821,-0.4125034330761018,0.7137137137137137,0.17931992054751125
-0.09300380840308509,-0.41259969440070543,0.7147147147147147,0.17888821619703327
-0.09029805980946702,-0.4126788237228837,0.7157157157157157,0.17845755115465703
-0.08759512653279787,-0.41274085904596336,0.7167167167167167,0.17802792291829667
-0.08489511250862135,-0.4127858389819575,0.7177177177177178,0.17759932899189
-0.08219812130268886,-0.4128138027485182,0.7187187187187187,0.17717176688538408
-0.0795042561076047,-0.4128247901658729,0.7197197197197197,0.17674523411472057
-0.07681361973950054,-0.41281884165374144,0.7207207207207207,0.17631972820182143
-0.0741263146347274,-0.4127959982282384,0.7217217217217217,0.1758952466745744
-0.07144244284657669,-0.41275630149875653,0.7227227227227228,0.1754717870668188
-0.06876210604202126,-0.4126997936648345,0.7237237237237237,0.17504934691833113
-0.06608540549847984,-0.4126265175130074,0.7247247247247247,0.1746279237748107
-0.06341244210060923,-0.412536516413641,0.7257257257257257,0.17420751518786542
-0.06074331633711493,-0.4124298343177501,0.7267267267267267,0.1737881187149976
-0.05807812829758947,-0.41230651575380006,0.7277277277277278,0.17336973191958982
-0.05541697766937423,-0.4121666058244927,0.7287287287287287,0.17295235237089068
-0.05275996373444388,-0.41201015020353665,0.7297297297297297,0.17253597764400064
-0.05010718536631459,-0.41183719513240163,0.7307307307307307,0.17212060531985807
-0.047458741026979966,-0.41164778741705765,0.7317317317317317,0.17170623298522503
-0.044814728763865865,-0.41144197442469876,0.7327327327327328,0.17129285823267335
-0.04217524620681494,-0.411219804080452,0.7337337337337337,0.1708804786605708
-0.03954039056509183,-0.4109813248640706,0.7347347347347347,0.1704690918730667
-0.036910258624413286,-0.4107265858066135,0.7357357357357357,0.1700586954800785
-0.03428494674400416,-0.4104556364871096,0.7367367367367368,0.16964928709727747
-0.03166455085367801,-0.410168527029208,0.7377377377377378,0.16924086434607524
-0.029049166450940786,-0.409865308097813,0.7387387387387387,0.16883342485360966
-0.026438888598118892,-0.4095460308957069,0.7397397397397397,0.16842696625273107
-0.02383381191951566,-0.409210747160157,0.7407407407407407,0.16802148618198878
-0.021234030598587042,-0.40885950915950975,0.7417417417417418,0.16761698228561697
-0.018639638375147736,-0.4084923696897719,0.7427427427427428,0.16721345221352155
-0.016050728542598484,-0.40810938207117664,0.7437437437437437,0.1668108936212658
-0.013467393945178735,-0.4077106001447383,0.7447447447447447,0.16640930417005734
-0.010889726975245796,-0.4072960782687932,0.7457457457457457,0.16600868152673431
-0.008317819570578967,-0.406865871315527,0.7467467467467468,0.16560902336375163
-0.005751763211707413,-0.406420034667491,0.7477477477477478,0.1652103273591681
-0.003191648919262795,-0.40595862421410406,0.7487487487487487,0.164812591196632
-0.0006375672513607401,-0.40548169634814396,0.7497497497497497,0.16441581256536844
0.0019103916989974994,-0.40498930796222493,0.7507507507507507,0.16401998916016547
0.0044521383064948265,-0.4044815164452644,0.7517517517517518,0.16362511868136084
0.006987583416040953,-0.40395837967893755,0.7527527527527528,0.1632311988348288
0.009516638345296483,-0.40341995603411984,0.7537537537537538,0.16283822733196635
0.01203921488716475,-0.40286630436731874,0.7547547547547547,0.1624462018896804
0.014555225312259962,-0.40229748401709325,0.7557557557557557,0.16205512023037405
0.01706458237135309,-0.4017135548004637,0.7567567567567568,0.16166498008193386
0.019567199297787163,-0.4011145770093092,0.7577577577577578,0.16127577917771638
0.022062989809870575,-0.4005006114067547,0.7587587587587588,0.1608875152565348
0.024551868113244397,-0.39987171922354803,0.7597597597597597,0.16050018606264618
0.027033748903222618,-0.39922796215442585,0.7607607607607607,0.16011378934573817
0.02950854736710665,-0.39856940235446947,0.7617617617617618,0.15972832286091576
0.031976179186475634,-0.39789610243545137,0.7627627627627628,0.15934378436868882
0.03443656053945118,-0.3972081254621699,0.7637637637637638,0.1589601716349582
0.036889608102932965,-0.39650553494877666,0.7647647647647647,0.15857748243100353
0.03933523905481329,-0.3957883948550926,0.7657657657657657,0.15819571453346998
0.0417733710761627,-0.39505676958291497,0.7667667667667668,0.15781486572435519
0.04420392235338803,-0.3943107239723165,0.7677677677677678,0.15743493379099674
0.046626811580371075,-0.3935503232979329,0.7687687687687688,0.1570559165260589
0.04904195796057479,-0.39277563326524395,0.7697697697697697,0.15667781172752018
0.05144928120912526,-0.39198672000684476,0.7707707707707707,0.15630061719866017
0.05384870155487083,-0.3911836500787085,0.7717717717717718,0.15592433074804699
0.05624013974241036,-0.3903664904564413,0.7727727727727728,0.1555489501895247
0.05862351703409898,-0.3895353085315283,0.7737737737737738,0.15517447334220025
0.06099875521202743,-0.3886901721075724,0.7747747747747747,0.1548008980304311
0.06336577657997396,-0.3878311493965244,0.7757757757757757,0.15442822208381243
0.0657245039653301,-0.38695830901490635,0.7767767767767768,0.15405644333716445
0.06807486072100195,-0.386071719980027,0.7777777777777778,0.1536855596305202
0.07041677072728549,-0.38517145170618944,0.7787787787787788,0.1533155688091125
0.07275015839371228,-0.3842575740008928,0.7797797797797797,0.1529464687233618
0.0750749486608742,-0.38333015706102563,0.7807807807807807,0.15257825722886348
0.07739106700221851,-0.3823892714690537,0.7817817817817818,0.15221093218637552
0.07969843942581545,-0.3814349881892007,0.7827827827827828,0.15184449146180604
0.08199699247610584,-0.3804673785636219,0.7837837837837838,0.1514789329262009
0.08428665323561631,-0.3794865143085724,0.7847847847847848,0.15111425445573132
0.08656734932664982,-0.3784924675105691,0.7857857857857857,0.1507504539316814
0.08883900891295325,-0.37748531062254637,0.7867867867867868,0.15038752924043608
0.09110156070135399,-0.3764651164600065,0.7877877877877878,0.1500254782734688
0.09335493394337359,-0.3754319581971643,0.7887887887887888,0.14966429892732894
0.09559905843681514,-0.3743859093630856,0.7897897897897898,0.1493039891036301
0.09783386452732284,-0.37332704383782184,0.7907907907907907,0.14894454670903753
0.10005928310991562,-0.37225543584853893,0.7917917917917918,0.14858596965525597
0.10227524563049568,-0.3711711599656413,0.7927927927927928,0.14822825585901792
0.10448168408733131,-0.3700742910988901,0.7937937937937938,0.147871403242071
0.10667853103251014,-0.3689649044935194,0.7947947947947948,0.14751540973116611
0.10886571957337124,-0.3678430757263453,0.7957957957957957,0.14716027325804568
0.11104318337390588,-0.36670888070187246,0.7967967967967968,0.14680599175943104
0.11321085665613577,-0.3655623956483966,0.7977977977977978,0.14645256317701097
0.11536867420146442,-0.36440369711410164,0.7987987987987988,0.14609998545742955
0.11751657135200115,-0.3632328619631546,0.7997997997997998,0.1457482565522741
0.1196544840118588,-0.36204996737179707,0.8008008008008007,0.14539737441806347
0.12178234864842824,-0.36085509082443146,0.8018018018018018,0.14504733701623598
0.12390010229362261,-0.35964831010970677,0.8028028028028028,0.14469814231313796
0.12600768254509803,-0.35842970331659896,0.8038038038038038,0.14434978828001135
0.12810502756744874,-0.3571993488304895,0.8048048048048048,0.1440022728929825
0.13019207609337421,-0.3559573253292408,0.8058058058058059,0.1436555941330499
0.1322687674248193,-0.3547037117792708,0.8068068068068068,0.14330974998607293
0.13433504143409333,-0.35343858743162176,0.8078078078078078,0.14296473844275973
0.13639083856495798,-0.3521620318180303,0.8088088088088088,0.14262055749865582
0.13843609983369012,-0.35087412474699364,0.8098098098098098,0.14227720515413228
0.14047076683012183,-0.34957494629983393,0.8108108108108109,0.14193467941437424
0.14249478171864996,-0.348264576826762,0.8118118118118118,0.1415929782893693
0.14450808723922262,-0.3469430969429383,0.8128128128128128,0.14125209979389583
0.14651062670829973,-0.345610587524533,0.8138138138138138,0.14091204194751164
0.1485023440197862,-0.3442671297047852,0.8148148148148148,0.1405728027745423
0.1504831836459392,-0.34291280487006043,0.8158158158158159,0.14023438030406957
0.1524530906382511,-0.3415476946559084,0.8168168168168168,0.13989677256992045
0.15441201062830634,-0.3401718809431181,0.8178178178178178,0.1395599776106551
0.15635988982860982,-0.33878544585377474,0.8188188188188188,0.13922399346955594
0.15829667503339404,-0.33738847174731385,0.8198198198198198,0.13888881819461596
0.16022231361939565,-0.3359810412165776,0.8208208208208209,0.13855444983852763
0.16213675354660959,-0.3345632370838694,0.8218218218218218,0.13822088645867142
0.16403994335901717,-0.33313514239700837,0.8228228228228228,0.1378881261171046
0.16593183218528695,-0.3316968404253854,0.8238238238238238,0.13755616688054983
0.16781236973945027,-0.3302484146560196,0.8248248248248248,0.13722500682038422
0.16968150632155363,-0.32878994878961304,0.8258258258258259,0.1368946440126278
0.17153919281828156,-0.3273215267366096,0.8268268268268268,0.13656507653793262
0.17338538070355705,-0.32584323261325215,0.8278278278278278,0.13623630248157137
0.17522002203911607,-0.3243551507376414,0.8288288288288288,0.1359083199334264
0.17704306947505427,-0.3228573656257972,0.8298298298298298,0.13558112698797858
0.178854476250352,-0.321349961987719,0.8308308308308309,0.13525472174429615
0.18065419619337,-0.31983302472345054,0.8318318318318318,0.13492910230602395
0.18244218372232368,-0.3183066389191433,0.8328328328328328,0.134604266781372
0.184218393845728,-0.3167708898431247,0.8338338338338338,0.1342802132831048
0.18598278216282146,-0.31522586294196553,0.8348348348348348,0.13395693992853036
0.18773530486396067,-0.3136716438365519,0.8358358358358359,0.13363444483948891
0.18947591873099257,-0.3121083183181585,0.8368368368368369,0.13331272614234266
0.19120458113760147,-0.3105359723445234,0.8378378378378378,0.13299178196796424
0.19292125004962832,-0.3089546920359277,0.8388388388388388,0.13267161045172615
0.19462588402536884,-0.3073645636712756,0.8398398398398398,0.13235220973348996
0.19631844221584366,-0.30576567368417906,0.8408408408408409,0.1320335779575954
0.19799888436504426,-0.3041581086590452,0.8418418418418419,0.1317157132728497
0.1996671708101547,-0.30254195532716627,0.8428428428428428,0.13139861383251655
0.20132326248174898,-0.3009173005628134,0.8438438438438438,0.13108227779430578
0.20296712090396105,-0.29928423137933474,0.8448448448448448,0.1307667033203623
0.20459870819463366,-0.29764283492525534,0.8458458458458459,0.13045188857725565
0.20621798706543926,-0.29599319848038347,0.8468468468468469,0.13013783173596935
0.20782492082197795,-0.29433540945191855,0.8478478478478478,0.12982453097188995
0.20941947336385186,-0.2926695553705644,0.8488488488488488,0.12951198446479692
0.21100160918471275,-0.29099572388664663,0.8498498498498498,0.12920019039885172
0.2125712933722858,-0.28931400276623465,0.8508508508508509,0.12888914696258724
0.21412849160837016,-0.28762447988726847,0.8518518518518519,0.12857885234889757
0.21567317016881513,-0.2859272432356887,0.8528528528528528,0.12826930475502737
0.2172052959234693,-0.2842223809015737,0.8538538538538538,0.1279605023825611
0.21872483633610973,-0.28250998107528,0.8548548548548548,0.12765244343741308
0.22023175946434392,-0.2807901320435886,0.8558558558558559,0.12734512612981658
0.22172603395948726,-0.2790629221858579,0.8568568568568569,0.12703854867431388
0.2232076290664201,-0.2773284399701784,0.8578578578578578,0.12673270928974545
0.22467651462341753,-0.275586773949537,0.8588588588588588,0.12642760619923996
0.22613266106195518,-0.2738380127579855,0.8598598598598598,0.12612323763020375
0.22757603940649423,-0.2720822451068141,0.8608608608608609,0.12581960181431065
0.22900662127423888,-0.27031955978073247,0.8618618618618619,0.12551669698749165
0.23042437887487272,-0.26855004563405627,0.8628628628628628,0.1252145213899246
0.23182928501027114,-0.26677379158689957,0.8638638638638638,0.12491307326602402
0.23322131307418925,-0.26499088662137416,0.8648648648648649,0.12461235086443098
0.2346004370519256,-0.26320141977779754,0.8658658658658659,0.12431235243800293
0.23596663151996583,-0.26140548015090265,0.8668668668668669,0.12401307624380328
0.23731987164559967,-0.2596031568860591,0.8678678678678678,0.12371452054309172
0.23866013318651497,-0.2577945391755004,0.8688688688688688,0.12341668360131365
0.23998739249037107,-0.25597971625455623,0.8698698698698699,0.12311956368809054
0.2413016264943458,-0.2541587773978951,0.8708708708708709,0.12282315907720956
0.24260281272466122,-0.25233181191577214,0.8718718718718719,0.12252746804661364
0.2438909292960867,-0.2504989091502848,0.8728728728728729,0.12223248887839142
0.2451659549114184,-0.24866015847163753,0.8738738738738738,0.12193821985876753
0.24642786886093473,-0.24681564927441327,0.8748748748748749,0.12164465927809223
0.24767665102183145,-0.24496547097385332,0.8758758758758759,0.12135180543083188
0.2489122818576332,-0.24310971300214396,0.8768768768768769,0.12105965661555863
0.25013474241758066,-0.24124846480471424,0.8778778778778779,0.12076821113494086
0.25134401433599846,-0.23938181583653897,0.8788788788788788,0.12047746729573325
0.25254007983163795,-0.23750985555845164,0.8798798798798799,0.12018742340876663
0.2537229217069979,-0.23563267343346808,0.8808808808808809,0.1198980777889388
0.25489252334762513,-0.23375035892311355,0.8818818818818819,0.11960942875520406
0.2560488687213907,-0.2318630014837639,0.8828828828828829,0.11932147463056386
0.2571919423777437,-0.22997069056299402,0.8838838838838838,0.11903421374205697
0.25832172944694576,-0.22807351559593375,0.8848848848848849,0.11874764442074967
0.2594382156392805,-0.22617156600163624,0.8858858858858859,0.11846176500172631
0.26054138724424264,-0.2242649311794529,0.8868868868868869,0.11817657382407915
0.26163123112970593,-0.22235370050541894,0.8878878878878879,0.11789206923089915
0.2627077347410681,-0.22043796332864912,0.8888888888888888,0.11760824956926627
0.26377088610037447,-0.2185178089677429,0.8898898898898899,0.1173251131902397
0.2648206738054205,-0.21659332670719914,0.8908908908908909,0.11704265844884842
0.2658570870288335,-0.21466460579384042,0.8918918918918919,0.11676088370408165
0.2668801155171307,-0.2127317354332496,0.8928928928928929,0.11647978731887912
0.2678897495897593,-0.21079480478621376,0.8938938938938938,0.11619936766012191
0.2688859801381128,-0.20885390296518022,0.8948948948948949,0.11591962309862253
0.2698687986245266,-0.20690911903072473,0.8958958958958959,0.11564055200911591
0.27083819708125434,-0.20496054198802535,0.8968968968968969,0.11536215277024947
0.27179416810942214,-0.20300826078335202,0.8978978978978979,0.11508442376457427
0.2727367048779607,-0.20105236430056528,0.8988988988988988,0.11480736337853505
0.2736658011225201,-0.1990929413576243,0.8998998998998999,0.11453097000246115
0.2745814511443607,-0.19713008070310933,0.9009009009009009,0.11425524203055734
0.27548364980922496,-0.1951638710127525,0.9019019019019019,0.11398017786089397
0.2763723925461895,-0.19319440088598067,0.9029029029029029,0.11370577589539807
0.27724767534649597,-0.19122175884247078,0.9039039039039038,0.1134320345398441
0.2781094947623609,-0.189246033318716,0.9049049049049049,0.11315895220384423
0.27895784790576744,-0.18726731266460367,0.9059059059059059,0.11288652730083973
0.27979273244723607,-0.18528568514000388,0.9069069069069069,0.11261475824809128
0.2806141466145743,-0.1833012389113728,0.9079079079079079,0.11234364346666995
0.2814220891916091,-0.1813140620483643,0.9089089089089089,0.11207318138144808
0.2822165595168966,-0.17932424252045734,0.9099099099099099,0.11180337042108986
0.28299755748241495,-0.17733186819359317,0.9109109109109109,0.11153420901804267
0.2837650835322357,-0.17533702682682495,0.9119119119119119,0.11126569560852742
0.284519138661177,-0.17333980606898114,0.9129129129129129,0.11099782863253005
0.28525972441343594,-0.1713402934553411,0.9139139139139139,0.11073060653379184
0.2859868428812042,-0.16933857640432176,0.914914914914915,0.1104640277598009
0.28670049670326175,-0.16733474221417963,0.9159159159159159,0.11019809076178294
0.28740068906355337,-0.16532887805972346,0.9169169169169169,0.10993279399469222
0.28808742368974605,-0.1633210709890406,0.9179179179179179,0.10966813591720248
0.28876070485176725,-0.1613114079202369,0.9189189189189189,0.10940411499169848
0.2894205373603237,-0.15929997563818965,0.91991991991992,0.10914072968426634
0.29006692656540356,-0.15728686079131354,0.9209209209209209,0.10887797846468526
0.2906998783547587,-0.155272149888339,0.9219219219219219,0.1086158598064183
0.2913193991523681,-0.1532559292951068,0.9229229229229229,0.10835437218660356
0.29192549591688527,-0.15123828523137262,0.9239239239239239,0.10809351408604542
0.2925181761400643,-0.14921930376762862,0.924924924924925,0.1078332839892055
0.2930974478451709,-0.14719907082193698,0.9259259259259259,0.10757368038419428
0.2936633195853735,-0.14517767215677665,0.9269269269269269,0.10731470176276174
0.29421580044211787,-0.14315519337590593,0.9279279279279279,0.10705634662028912
0.2947549000234821,-0.1411317199212387,0.9289289289289289,0.10679861345577987
0.2952806284625166,-0.13910733706973277,0.92992992992993,0.10654150077185102
0.2957929964155644,-0.13708212993029562,0.9309309309309309,0.10628500707472453
0.29629201506056474,-0.13505618344070222,0.9319319319319319,0.10602913087421853
0.29677769609534027,-0.13302958236452703,0.9329329329329329,0.10577387068373861
0.29725005173586544,-0.13100241128809323,0.933933933933934,0.10551922502026942
0.2977090947145192,-0.12897475461743374,0.934934934934935,0.1052651924043658
0.2981548382783202,-0.12694669657526744,0.9359359359359359,0.10501177136014428
0.29858729618714536,-0.12491832119799147,0.9369369369369369,0.10475896041527462
0.29900648271193075,-0.12288971233268804,0.9379379379379379,0.10450675810097097
0.2994124126328581,-0.12086095363414424,0.938938938938939,0.10425516295198367
0.2998051012375223,-0.11883212856189022,0.93993993993994,0.10400417350659058
0.30018456431908347,-0.11680332037724976,0.9409409409409409,0.10375378830658842
0.3005508181744044,-0.11477461214040643,0.9419419419419419,0.1035040058972846
0.3009038796021686,-0.11274608670748751,0.9429429429429429,0.10325482482748866
0.30124376590098545,-0.11071782672765909,0.943943943943944,0.10300624364950367
0.3015704948674774,-0.10868991464024137,0.944944944944945,0.10275826091911816
0.3018840847943523,-0.1066624326718348,0.9459459459459459,0.10251087519559739
0.3021845544684597,-0.10463546283346628,0.9469469469469469,0.1022640850416752
0.3024719231688318,-0.10260908691774688,0.9479479479479479,0.10201788902354543
0.30274621066470886,-0.10058338649604927,0.948948948948949,0.1017722857108539
0.3030074372135492,-0.09855844291569837,0.94994994994995,0.10152727367668997
0.3032556235590245,-0.09653433729717775,0.950950950950951,0.10128285149757806
0.3034907909289988,-0.0945111505313551,0.9519519519519519,0.10103901775346971
0.3037129610334938,-0.09248896327671963,0.9529529529529529,0.10079577102773495
0.30392215606263945,-0.09046785595663867,0.953953953953954,0.10055310990715449
0.3041183986846079,-0.08844790875662994,0.954954954954955,0.10031103298191123
0.3043017120435349,-0.08642920162164934,0.955955955955956,0.10006953884558213
0.304472119757426,-0.0844118142533945,0.9569569569569569,0.09982862609512994
0.3046296459160483,-0.08239582610762798,0.9579579579579579,0.09958829333089543
0.3047743150788075,-0.08038131639151222,0.958958958958959,0.09934853915658862
0.3049061522726119,-0.07836836406096606,0.95995995995996,0.09910936217928133
0.3050251829897216,-0.07635704781803437,0.960960960960961,0.09887076100939875
0.30513143318558383,-0.07434744610827512,0.9619619619619619,0.09863273426071129
0.3052249292766548,-0.07233963711816425,0.9629629629629629,0.0983952805503266
0.305305698138208,-0.07033369877251744,0.963963963963964,0.09815839849868181
0.30537376710212855,-0.06832970873192758,0.964964964964965,0.0979220867295351
0.3054291639546945,-0.0663277443902191,0.965965965965966,0.09768634386995789
0.3054719169343449,-0.06432788287192204,0.9669669669669669,0.09745116855032702
0.3055020547294342,-0.062330201029759315,0.9679679679679679,0.09721655940431644
0.30551960647597465,-0.06033477544215382,0.968968968968969,0.09698251506888952
0.3055246017553642,-0.058341682410753944,0.96996996996997,0.09674903418429119
0.3055170705921038,-0.05635099795797129,0.970970970970971,0.09651611539403983
0.3054970434514998,-0.05436279782454092,0.9719719719719719,0.09628375734491947
0.3054645512373552,-0.052377157467097646,0.9729729729729729,0.09605195868697196
0.30541962528964856,-0.050394152055767374,0.973973973973974,0.09582071807348913
0.3053622973821995,-0.04841385647177972,0.974974974974975,0.09559003416100495
0.3052925997203235,-0.0464363453050956,0.975975975975976,0.09535990560928775
0.3052105649384734,-0.044461692852052585,0.9769769769769769,0.09513033108133236
0.30511622609786976,-0.042489973113029156,0.9779779779779779,0.09490130924335233
0.30500961668411936,-0.0405212597901267,0.978978978978979,0.09467283876477235
0.3048907706048216,-0.03855562628486814,0.97997997997998,0.0944449183182204
0.30475972218716424,-0.036593145695914195,0.980980980980981,0.09421754657951995
0.30461650617550656,-0.034633890816800295,0.9819819819819819,0.09399072222768247
0.3044611577289522,-0.03267793413368754,0.9829829829829829,0.09376444394489954
0.3042937124189109,-0.030725347823134252,0.983983983983984,0.09353871041653541
0.30411420622664814,-0.028776203749886743,0.984984984984985,0.09331352033111925
0.3039226755408252,-0.026830573464683215,0.985985985985986,0.09308887238033745
0.30371915715502756,-0.024888528202080807,0.986986986986987,0.0928647652590261
0.30350368826528334,-0.02295013887829957,0.9879879879879879,0.09264119766516353
0.3032763064675705,-0.021015476089082177,0.988988988988989,0.0924181682998625
0.303037049755314,-0.01908461010757571,0.98998998998999,0.09219567586736283
0.3027859565168734,-0.017157610882229106,0.990990990990991,0.09197371907502394
0.3025230655330187,-0.01523454803470913,0.991991991991992,0.091752296633317
0.30224841597439783,-0.013315490857835682,0.992992992992993,0.09153140725581774
0.3019620473989935,-0.011400508313537087,0.993993993993994,0.09131104965919903
0.3016639997495702,-0.00948966903081874,0.994994994994995,0.09109122256322318
0.3013543133511117,-0.007583041303755438,0.995995995995996,0.09087192469073449
0.30103302890824984,-0.005680693089500885,0.996996996996997,0.09065315476765227
0.30070018750268207,-0.0037826920063133694,0.997997997997998,0.09043491152296278
0.30035583059058213,-0.0018891053316038658,0.998998998998999,0.09021719368871238
0.3,-7.347880794884119e-17,1.0,0.09
