Time (t),P_PAni,P_TiO2
0.0,1.0,0.0
0.005005005005005005,0.9999436383899335,5.6361610066421335e-05
0.01001001001001001,0.9997745662662586,0.00022543373374132823
0.015015015015015015,0.9994928217456837,0.00050717825431629
0.02002002002002002,0.9990984683465078,0.0009015316534920787
0.025025025025025023,0.9985915949743014,0.0014084050256986435
0.03003003003003003,0.9979723159018614,0.0020276840981385547
0.035035035035035036,0.9972407707434506,0.0027592292565494004
0.04004004004004004,0.9963971244233206,0.0036028755766793217
0.04504504504504504,0.9954415671385314,0.004558432861468604
0.050050050050050046,0.994374314316071,0.0056256856839289205
0.055055055055055056,0.9931956065642893,0.006804393435710584
0.06006006006006006,0.9919057096186533,0.008094290381346842
0.06506506506506507,0.990504914281837,0.009495085718162993
0.07007007007007007,0.9889935363581631,0.011006463641836807
0.07507507507507508,0.9873719165824044,0.0126280834175955
0.08008008008008008,0.9856404205429669,0.014359579457033159
0.08508508508508508,0.9837994385994686,0.016200561400531364
0.09009009009009009,0.9818493857947356,0.01815061420526435
0.09509509509509509,0.979790701761231,0.020209298238768974
0.10010010010010009,0.9776238506219418,0.022376149378058232
0.10510510510510511,0.9753493208857438,0.0246506791142562
0.11011011011011011,0.9729676253372693,0.027032374662730577
0.11511511511511512,0.9704793009213019,0.02952069907869814
0.12012012012012012,0.9678849086217228,0.03211509137827711
0.12512512512512514,0.9651850333350411,0.03481496666495889
0.13013013013013014,0.9623802837385291,0.037619716261470926
0.13513513513513514,0.9594712921529991,0.04052870784700084
0.14014014014014015,0.956458714400249,0.043541285599750935
0.14514514514514515,0.9533432296552092,0.0466567703447908
0.15015015015015015,0.9501255402928249,0.049874459707174995
0.15515515515515516,0.9468063717297092,0.05319362827029087
0.16016016016016016,0.9433864722605988,0.05661352773940124
0.16516516516516516,0.9398666128896552,0.06013338711034472
0.17017017017017017,0.936247587156644,0.0637524128433559
0.17517517517517517,0.9325302109580339,0.06746978904196604
0.18018018018018017,0.9287153223630559,0.07128467763694402
0.18518518518518517,0.9248037814247639,0.07519621857523613
0.19019019019019018,0.9207964699861381,0.07920353001386184
0.19519519519519518,0.9166942914812776,0.0833057085187223
0.20020020020020018,0.9124981707317239,0.08750182926827621
0.20520520520520522,0.9082090537379622,0.09179094626203774
0.21021021021021022,0.9038279074661513,0.09617209253384869
0.21521521521521522,0.8993557196301222,0.10064428036987784
0.22022022022022023,0.8947934984687027,0.10520650153129735
0.22522522522522523,0.8901422725184134,0.10985772748158662
0.23023023023023023,0.8854030903815876,0.11459690961841239
0.23523523523523523,0.8805770204899679,0.11942297951003206
0.24024024024024024,0.8756651508638319,0.12433484913616807
0.24524524524524524,0.8706685888667016,0.12933141113329824
0.2502502502502503,0.8655884609556933,0.1344115390443068
0.2552552552552553,0.8604259124275601,0.13957408757243991
0.2602602602602603,0.8551821071604906,0.14481789283950938
0.2652652652652653,0.8498582273517158,0.1501417726482842
0.2702702702702703,0.8444554732509868,0.1555445267490132
0.2752752752752753,0.8389750628899835,0.16102493711001659
0.2802802802802803,0.8334182318077127,0.16658176819228743
0.2852852852852853,0.8277862327719612,0.1722137672280389
0.2902902902902903,0.8220803354968629,0.17791966450313704
0.2952952952952953,0.8163018263566475,0.18369817364335245
0.3003003003003003,0.8104520080956304,0.1895479919043695
0.3053053053053053,0.804532199534515,0.19546780046548506
0.3103103103103103,0.798543735273068,0.20145626472693193
0.3153153153153153,0.7924879653892403,0.20751203461075973
0.3203203203203203,0.7863662551347947,0.21363374486520512
0.3253253253253253,0.7801799846275171,0.21982001537248286
0.3303303303303303,0.7739305485400714,0.2260694514599286
0.3353353353353353,0.7676193557855773,0.2323806442144227
0.34034034034034033,0.7612478291999751,0.23875217080002487
0.34534534534534533,0.7548174052212527,0.24518259477874724
0.35035035035035034,0.7483295335656054,0.2516704664343946
0.35535535535535534,0.741785676900603,0.258214323099397
0.36036036036036034,0.7351873105154361,0.26481268948456405
0.36536536536536535,0.7285359219883177,0.2714640780116823
0.37037037037037035,0.7218330108511143,0.2781669891488857
0.37537537537537535,0.7150800882512809,0.28491991174871895
0.38038038038038036,0.7082786766111796,0.29172132338882045
0.38538538538538536,0.7014303092848527,0.29856969071514716
0.39039039039039036,0.6945365302123362,0.3054634697876638
0.39539539539539537,0.6875988935715814,0.31240110642841845
0.40040040040040037,0.6806189634280734,0.31938103657192657
0.40540540540540543,0.673598313382216,0.3264016866177841
0.41041041041041043,0.6665385262145702,0.3334614737854298
0.41541541541541543,0.6594411935290224,0.34055880647097747
0.42042042042042044,0.6523079153939619,0.3476920846060381
0.42542542542542544,0.6451402999815514,0.35485970001844863
0.43043043043043044,0.637939963205171,0.3620600367948291
0.43543543543543545,0.6307085283551156,0.3692914716448844
0.44044044044044045,0.6234476257326301,0.37655237426736987
0.44544544544544545,0.6161588922823641,0.383841107717636
0.45045045045045046,0.6088439712233277,0.3911560287766723
0.45545545545545546,0.6015045116784348,0.39849548832156534
0.46046046046046046,0.5941421683027127,0.40585783169728723
0.46546546546546547,0.5867586009102683,0.41324139908973173
0.47047047047047047,0.5793554741000859,0.4206445258999141
0.4754754754754755,0.5719344568807522,0.42806554311924777
0.4804804804804805,0.5644972222941823,0.43550277770581763
0.4854854854854855,0.5570454470384392,0.4429545529615608
0.4904904904904905,0.5495808110897278,0.45041918891027216
0.4954954954954955,0.5421049973236509,0.45789500267634914
0.5005005005005005,0.5346196911358098,0.46538030886419024
0.5055055055055055,0.527126580061839,0.4728734199381609
0.5105105105105106,0.5196273533969568,0.48037264660304313
0.5155155155155156,0.5121237018151195,0.48787629818488054
0.5205205205205206,0.504617316987865,0.49538268301213495
0.5255255255255256,0.49710989120293203,0.502890108797068
0.5305305305305306,0.4896031169827394,0.5103968830172606
0.5355355355355356,0.4820986867028128,0.5179013132971871
0.5405405405405406,0.47459829221024513,0.5254017077897548
0.5455455455455456,0.4671036244422754,0.5328963755577245
0.5505505505505506,0.45961637304507286,0.5403836269549273
0.5555555555555556,0.45213822599281217,0.5478617740071878
0.5605605605605606,0.44467086920712623,0.5553291307928737
0.5655655655655656,0.43721598617702057,0.5627840138229795
0.5705705705705706,0.42977525757933693,0.570224742420663
0.5755755755755756,0.42235036089985056,0.5776496391001493
0.5805805805805806,0.4149429700550873,0.5850570299449127
0.5855855855855856,0.4075547550149446,0.5924452449850554
0.5905905905905906,0.4001873814262033,0.5998126185737966
0.5955955955955956,0.3928425102370131,0.6071574897629869
0.6006006006006006,0.3855217973224377,0.6144782026775623
0.6056056056056056,0.378226893111144,0.621773106888856
0.6106106106106106,0.3709594422133185,0.6290405577866816
0.6156156156156156,0.3637210830498959,0.6362789169501041
0.6206206206206206,0.3565134474831829,0.6434865525168171
0.6256256256256256,0.349338160448961,0.650661839551039
0.6306306306306306,0.3421968395901496,0.6578031604098504
0.6356356356356356,0.33509109489211525,0.6649089051078847
0.6406406406406406,0.3280225283197057,0.6719774716802942
0.6456456456456456,0.32099273345609225,0.6790072665439076
0.6506506506506506,0.31400329514350295,0.6859967048564971
0.6556556556556556,0.30705578912592457,0.6929442108740754
0.6606606606606606,0.3001517816938577,0.6998482183061422
0.6656656656656657,0.2932928293312014,0.7067071706687987
0.6706706706706707,0.2864804783643496,0.7135195216356504
0.6756756756756757,0.27971626461357796,0.7202837353864221
0.6806806806806807,0.27300171304679755,0.7269982869532026
0.6856856856856857,0.2663383374357572,0.7336616625642428
0.6906906906906907,0.2597276400147685,0.7402723599852314
0.6956956956956957,0.2531711111420326,0.7468288888579674
0.7007007007007007,0.24667022896364463,0.7533297710363552
0.7057057057057057,0.24022645908035006,0.7597735409196499
0.7107107107107107,0.23384125421713106,0.7661587457828689
0.7157157157157157,0.2275160538956944,0.7724839461043056
0.7207207207207207,0.22125228410993647,0.7787477158900635
0.7257257257257257,0.2150513570044581,0.7849486429955418
0.7307307307307307,0.2089146705562017,0.7910853294437983
0.7357357357357357,0.20284360825928194,0.7971563917407181
0.7407407407407407,0.1968395388130823,0.8031604611869176
0.7457457457457457,0.19090381581368654,0.8090961841863133
0.7507507507507507,0.18503777744871533,0.8149622225512846
0.7557557557557557,0.17924274619563646,0.8207572538043635
0.7607607607607607,0.1735200285236172,0.8264799714763829
0.7657657657657657,0.16787091459898532,0.8321290854010146
0.7707707707707707,0.16229667799436576,0.8377033220056342
0.7757757757757757,0.1567985754015583,0.8432014245984417
0.7807807807807807,0.15137784634822068,0.8486221536517793
0.7857857857857857,0.1460357129184216,0.8539642870815783
0.7907907907907907,0.14077337947712623,0.8592266205228738
0.7957957957957957,0.13559203239867643,0.8644079676013237
0.8008008008008007,0.1304928397993268,0.8695071602006732
0.8058058058058059,0.12547695127389707,0.8745230487261029
0.8108108108108109,0.12054549763660012,0.8794545023634
0.8158158158158159,0.1156995906661038,0.8843004093338963
0.8208208208208209,0.1109403228548844,0.8890596771451157
0.8258258258258259,0.10626876716292834,0.8937312328370718
0.8308308308308309,0.1016859767758368,0.8983140232241632
0.8358358358358359,0.09719298486738903,0.902807015132611
0.8408408408408409,0.09279080436661696,0.9072091956333831
0.8458458458458459,0.0884804277294439,0.911519572270556
0.8508508508508509,0.08426282671493888,0.9157371732850611
0.8558558558558559,0.0801389521662371,0.9198610478337629
0.8608608608608609,0.07610973379617568,0.9238902662038244
0.8658658658658659,0.07217607997769315,0.9278239200223067
0.8708708708708709,0.0683388775390402,0.9316611224609597
0.8758758758758759,0.06459899156384713,0.9354010084361529
0.8808808808808809,0.060957265196094096,0.9390427348039058
0.8858858858858859,0.05741451945002712,0.9425854805499728
0.8908908908908909,0.0539715530250634,0.9460284469749366
0.8958958958958959,0.050629142125727424,0.9493708578742726
0.9009009009009009,0.04738804028665833,0.9526119597133417
0.9059059059059059,0.044248978202728294,0.9557510217972716
0.9109109109109109,0.041212663564309894,0.9587873364356901
0.9159159159159159,0.038279780897729904,0.9617202191022701
0.9209209209209209,0.035450991410945196,0.9645490085890548
0.9259259259259259,0.032726932844475864,0.9672730671555242
0.9309309309309309,0.03010821932762876,0.9698917806723711
0.9359359359359359,0.027595441240044347,0.9724045587599556
0.9409409409409409,0.025189165078597656,0.9748108349214024
0.9459459459459459,0.022889933329683563,0.9771100666703164
0.950950950950951,0.020698264346915223,0.9793017356530848
0.955955955955956,0.018614652234263035,0.981385347765737
0.960960960960961,0.01663956673466069,0.9833604332653393
0.965965965965966,0.014773453124103294,0.9852265468758968
0.970970970970971,0.013016732111261482,0.9869832678887386
0.975975975975976,0.011369799742634133,0.9886302002573659
0.980980980980981,0.00983302731326112,0.9901669726867388
0.985985985985986,0.008406761283016137,0.9915932387169838
0.990990990990991,0.007091323198498578,0.9929086768015015
0.995995995995996,0.005887009620541986,0.994112990379458
1.001001001001001,0.004794092057355446,0.9952059079426445
1.006006006006006,0.0038128169033131458,0.9961871830966867
1.011011011011011,0.0029434053834054507,0.9970565946165946
1.016016016016016,0.002186053503364651,0.9978139464966354
1.021021021021021,0.00154093200547613,0.9984590679945238
1.026026026026026,0.0010081863300851251,0.9989918136699149
1.031031031031031,0.0005879365828077209,0.9994120634171921
1.0360360360360361,0.00028027750745346326,0.9997197224925465
1.0410410410410411,8.527846466570624e-05,0.9999147215353343
1.0460460460460461,2.983416284501622e-06,0.9999970165837154
1.0510510510510511,3.3410915435558426e-05,0.9999665890845644
1.0560560560560561,0.00017655410234750684,0.9998234458976524
1.0610610610610611,0.00043238070589840923,0.9995676192941017
1.0660660660660661,0.0008008330508911699,0.9991991669491088
1.0710710710710711,0.0012818280710562026,0.9987181719289437
1.0760760760760761,0.0018752573277784257,0.9981247426722215
1.0810810810810811,0.002580987034544362,0.9974190129654557
1.0860860860860861,0.0033988580871038305,0.9966011419128961
1.0910910910910911,0.004328686099339435,0.9956713139006604
1.0960960960960962,0.0053702614448357605,0.9946297385551642
1.1011011011011012,0.006523349304138892,0.993476650695861
1.1061061061061062,0.007787689717695641,0.9922123102823044
1.1111111111111112,0.009162997644460482,0.9908370023555394
1.1161161161161162,0.01064896302615706,0.989351036973843
1.1211211211211212,0.012245250857179712,0.9877547491428202
1.1261261261261262,0.013951501260119296,0.9860484987398807
1.1311311311311312,0.01576732956689627,0.9842326704331038
1.1361361361361362,0.01769232640548273,0.9823076735945173
1.1411411411411412,0.019726057792193892,0.9802739422078062
1.1461461461461462,0.02186806522952818,0.9781319347704718
1.1511511511511512,0.024117865809533817,0.9758821341904662
1.1561561561561562,0.026474952322678727,0.9735250476773212
1.1611611611611612,0.02893879337219913,0.9710612066278009
1.1661661661661662,0.03150883349390102,0.9684911665060989
1.1711711711711712,0.03418449328138764,0.9658155067186125
1.1761761761761762,0.03696516951668452,0.9630348304833156
1.1811811811811812,0.03985023530623289,0.9601497646937672
1.1861861861861862,0.04283904022222056,0.9571609597777795
1.1911911911911912,0.045930910449218584,0.9540690895507815
1.1961961961961962,0.04912514893609051,0.9508748510639095
1.2012012012012012,0.052421035553140115,0.9475789644468599
1.2062062062062062,0.05581782725446206,0.944182172745538
1.2112112112112112,0.059314758245458975,0.9406852417545409
1.2162162162162162,0.06291104015548707,0.937088959844513
1.2212212212212212,0.06660586221559152,0.9333941377844085
1.2262262262262262,0.07039839144129151,0.9296016085587084
1.2312312312312312,0.07428777282037347,0.9257122271796264
1.2362362362362362,0.07827312950565064,0.9217268704943493
1.2412412412412412,0.08235356301264515,0.9176464369873549
1.2462462462462462,0.08652815342214812,0.9134718465778519
1.2512512512512513,0.09079595958761212,0.9092040404123879
1.2562562562562563,0.09515601934732944,0.9048439806526706
1.2612612612612613,0.09960734974134791,0.9003926502586521
1.2662662662662663,0.10414894723307572,0.8958510527669243
1.2712712712712713,0.10877978793552527,0.8912202120644748
1.2762762762762763,0.11349882784214474,0.8865011721578552
1.2812812812812813,0.11830500306218573,0.8816949969378143
1.2862862862862863,0.12319723006055354,0.8768027699394465
1.2912912912912913,0.12817440590208645,0.8718255940979135
1.2962962962962963,0.13323540850020843,0.8667645914997916
1.3013013013013013,0.1383790968698995,0.8616209031301004
1.3063063063063063,0.14360431138492694,0.8563956886150731
1.3113113113113113,0.14890987403927872,0.8510901259607213
1.3163163163163163,0.1542945887127407,0.8457054112872592
1.3213213213213213,0.15975724144055803,0.8402427585594419
1.3263263263263263,0.16529660068711874,0.8347033993128812
1.3313313313313313,0.17091141762359938,0.8290885823764005
1.3363363363363363,0.176600426409509,0.823399573590491
1.3413413413413413,0.1823623444780679,0.8176376555219321
1.3463463463463463,0.18819587282535855,0.8118041271746416
1.3513513513513513,0.19409969630318089,0.8059003036968192
1.3563563563563563,0.20007248391554786,0.7999275160844521
1.3613613613613613,0.20611288911875378,0.7938871108812462
1.3663663663663663,0.21221955012494784,0.7877804498750522
1.3713713713713713,0.2183910902091443,0.7816089097908556
1.3763763763763763,0.22462611801960022,0.7753738819803998
1.3813813813813813,0.23092322789149075,0.7690767721085092
1.3863863863863863,0.2372810001638113,0.7627189998361887
1.3913913913913913,0.2436980014994351,0.7563019985005648
1.3963963963963963,0.2501727852082538,0.7498272147917462
1.4014014014014013,0.2567038915733289,0.7432961084266712
1.4064064064064064,0.2632898481799792,0.7367101518200209
1.4114114114114114,0.26992917024773205,0.7300708297522679
1.4164164164164164,0.2766203609650616,0.7233796390349384
1.4214214214214214,0.28336191182683934,0.7166380881731607
1.4264264264264264,0.29015230297442174,0.7098476970255782
1.4314314314314314,0.29699000353829647,0.7030099964617035
1.4364364364364364,0.30387347198321185,0.696126528016788
1.4414414414414414,0.3108011564557103,0.6891988435442897
1.4464464464464464,0.31777149513398817,0.6822285048660118
1.4514514514514514,0.324782916580003,0.6752170834199969
1.4564564564564564,0.3318338400937488,0.6681661599062512
1.4614614614614614,0.3389226760696183,0.6610773239303817
1.4664664664664664,0.34604782635477566,0.6539521736452243
1.4714714714714714,0.3532076846094524,0.6467923153905475
1.4764764764764764,0.36040063666909233,0.6395993633309077
1.4814814814814814,0.3676250609082585,0.6323749390917415
1.4864864864864864,0.37487932860622336,0.6251206713937766
1.4914914914914914,0.38216180431415764,0.6178381956858424
1.4964964964964964,0.38947084622383654,0.6105291537761633
1.5015015015015014,0.39680480653777994,0.6031951934622202
1.5065065065065064,0.40416203184074184,0.5958379681592582
1.5115115115115114,0.41154086347246754,0.5884591365275325
1.5165165165165164,0.41893963790163247,0.5810603620983676
1.5215215215215214,0.42635668710087893,0.573643312899121
1.5265265265265264,0.43379033892286795,0.566209661077132
1.5315315315315314,0.4412389174772581,0.5587610825227419
1.5365365365365364,0.448700743508529,0.5512992564914709
1.5415415415415414,0.45617413477456437,0.5438258652254356
1.5465465465465464,0.4636574064259063,0.5363425935740938
1.5515515515515514,0.4711488713855995,0.5288511286144005
1.5565565565565564,0.47864684072953645,0.5213531592704637
1.5615615615615615,0.4861496240672194,0.5138503759327807
1.5665665665665665,0.4936555299228527,0.5063444700771473
1.5715715715715715,0.5011628661166802,0.4988371338833198
1.5765765765765765,0.5086699401464813,0.49133005985351874
1.5815815815815815,0.5161750595691389,0.483824940430861
1.5865865865865865,0.5236765323821958,0.4763234676178042
1.5915915915915915,0.5311726674053091,0.4688273325946909
1.5965965965965965,0.5386617746615223,0.46133822533847757
1.6016016016016015,0.5461421657582639,0.45385783424173604
1.6066066066066067,0.553612154267989,0.4463878457320109
1.6116116116116117,0.5610700561083795,0.43892994389162066
1.6166166166166167,0.5685141899220135,0.4314858100779867
1.6216216216216217,0.5759428774554218,0.42405712254457817
1.6266266266266267,0.5833544439374442,0.41664555606255577
1.6316316316316317,0.5907472184568007,0.40925278154319933
1.6366366366366367,0.5981195343387922,0.40188046566120783
1.6416416416416417,0.6054697295210463,0.3945302704789537
1.6466466466466467,0.6127961469282242,0.3872038530717758
1.6516516516516517,0.6200971348456014,0.37990286515439853
1.6566566566566567,0.6273710472914414,0.37262895270855845
1.6616616616616617,0.634616244388077,0.365383755611923
1.6666666666666667,0.6418310927316131,0.3581689072683868
1.6716716716716717,0.6490139657601739,0.350986034239826
1.6766766766766767,0.6561632441206043,0.3438367558793957
1.6816816816816818,0.6632773160335472,0.3367226839664527
1.6866866866866868,0.6703545776568144,0.3296454223431856
1.6916916916916918,0.6773934334469659,0.3226065665530342
1.6966966966966968,0.68439229651902,0.31560770348097994
1.7017017017017018,0.6913495890042117,0.30865041099578827
1.7067067067067068,0.6982637424057162,0.30173625759428385
1.7117117117117118,0.7051331979522613,0.29486680204773863
1.7167167167167168,0.711956406949548,0.28804359305045213
1.7217217217217218,0.7187318311293963,0.28126816887060374
1.7267267267267268,0.7254579429965435,0.2745420570034564
1.7317317317317318,0.7321332261730128,0.2678667738269872
1.7367367367367368,0.7387561757399739,0.26124382426002607
1.7417417417417418,0.745325298577023,0.254674701422977
1.7467467467467468,0.7518391136988009,0.24816088630119926
1.7517517517517518,0.7582961525888755,0.24170384741112455
1.7567567567567568,0.7646949595308146,0.23530504046918535
1.7617617617617618,0.7710340919363713,0.2289659080636286
1.7667667667667668,0.7773121206707104,0.22268787932928957
1.7717717717717718,0.7835276303746017,0.21647236962539831
1.7767767767767768,0.789679219783508,0.21032078021649192
1.7817817817817818,0.7957655020434953,0.20423449795650472
1.7867867867867868,0.8017851050238934,0.19821489497610656
1.7917917917917918,0.8077366716266386,0.19226332837336127
1.7967967967967968,0.8136188600922265,0.1863811399077734
1.8018018018018018,0.8194303443022065,0.1805696556977935
1.8068068068068068,0.8251698140781506,0.1748301859218494
1.8118118118118118,0.830835975477029,0.16916402452297108
1.8168168168168168,0.8364275510829242,0.16357244891707584
1.8218218218218218,0.8419432802950203,0.1580567197049796
1.8268268268268268,0.8473819196118014,0.1526180803881986
1.8318318318318318,0.8527422429113933,0.14725775708860678
1.8368368368368369,0.8580230417279894,0.14197695827201062
1.8418418418418419,0.8632231255242948,0.13677687447570516
1.8468468468468469,0.8683413219599287,0.13165867804007134
1.8518518518518519,0.8733764771557239,0.1266235228442761
1.8568568568568569,0.8783274559538654,0.1216725440461346
1.8618618618618619,0.8831931421738074,0.11680685782619264
1.8668668668668669,0.887972438863912,0.11202756113608801
1.8718718718718719,0.8926642685487535,0.10733573145124643
1.8768768768768769,0.8972675734720313,0.1027324265279687
1.8818818818818819,0.9017813158350368,0.09821868416496325
1.8868868868868869,0.9062044780306219,0.09379552196937803
1.8918918918918919,0.9105360628726151,0.08946393712738483
1.896896896896897,0.9147750938206329,0.08522490617936693
1.901901901901902,0.9189206152002382,0.08107938479976178
1.906906906906907,0.9229716924183926,0.0770283075816074
1.911911911911912,0.926927412174158,0.07307258782584193
1.916916916916917,0.930786882664597,0.06921311733540293
1.921921921921922,0.934549233785826,0.06545076621417385
1.926926926926927,0.9382136173291781,0.061786382670821954
1.931931931931932,0.9417792071724272,0.05822079282757286
1.936936936936937,0.9452451994660357,0.0547548005339642
1.941941941941942,0.9486108128143795,0.05138918718562054
1.946946946946947,0.9518752884519094,0.048124711548090573
1.951951951951952,0.9550378904142138,0.04496210958578612
1.956956956956957,0.9580979057039384,0.04190209429606156
1.961961961961962,0.9610546444515288,0.038945355548471124
1.966966966966967,0.9639074400707597,0.03609255992924024
1.971971971971972,0.9666556494090138,0.03334435059098607
1.976976976976977,0.969298652892279,0.03070134710772104
1.981981981981982,0.9718358546648279,0.028164145335172055
1.986986986986987,0.974266682723553,0.025733317276446975
1.991991991991992,0.9765905890469214,0.023409410953078528
1.996996996996997,0.9788070497185252,0.021192950281474845
2.002002002002002,0.9809155650451958,0.01908443495480419
2.007007007007007,0.9829156596696587,0.017084340330341466
2.012012012012012,0.9848068826777002,0.015193117322299821
2.017017017017017,0.9865888076998258,0.013411192300174169
2.022022022022022,0.9882610330073825,0.011738966992617565
2.027027027027027,0.9898231816031272,0.01017681839687292
2.032032032032032,0.9912749013062196,0.008725098693780312
2.037037037037037,0.9926158648316209,0.00738413516837907
2.042042042042042,0.9938457698638775,0.006154230136122517
2.047047047047047,0.9949643391252779,0.005035660874722041
2.052052052052052,0.9959713204383641,0.004028679561635818
2.057057057057057,0.9968664867827838,0.0031335132172162963
2.062062062062062,0.9976496363464709,0.0023503636535292687
2.067067067067067,0.998320592571144,0.0016794074288560667
2.0720720720720722,0.9988792041921108,0.0011207958078891156
2.0770770770770772,0.9993253452723702,0.0006746547276298537
2.0820820820820822,0.9996589152310033,0.00034108476899668205
2.0870870870870872,0.9998798388658506,0.00012016113414935362
2.0920920920920922,0.999988066370465,1.1933629534915582e-05
2.0970970970970972,0.9999835733453409,1.642665465902203e-05
2.1021021021021022,0.9998663608034148,0.0001336391965851527
2.1071071071071072,0.999636455169837,0.0003635448301629759
2.1121121121121122,0.9992939082760142,0.0007060917239858045
2.1171171171171173,0.9988387973479241,0.001161202652075802
2.1221221221221223,0.9982712249887057,0.0017287750112943041
2.1271271271271273,0.9975913191555268,0.0024086808444733327
2.1321321321321323,0.9967992331307369,0.0032007668692630815
2.1371371371371373,0.9958951454873111,0.004104854512688876
2.1421421421421423,0.9948792600485902,0.00512073995140982
2.1471471471471473,0.9937518058423299,0.0062481941576700345
2.1521521521521523,0.9925130370490678,0.0074869629509321575
2.1571571571571573,0.9911632329448187,0.008836767055181433
2.1621621621621623,0.9897026978381126,0.010297302161887501
2.1671671671671673,0.9881317610013904,0.011868238998609677
2.1721721721721723,0.9864507765967697,0.013549223403230238
2.1771771771771773,0.984660123596201,0.015339876403799016
2.1821821821821823,0.9827602056960286,0.01723979430397129
2.1871871871871873,0.9807514512259803,0.019248548774019655
2.1921921921921923,0.9786343130526005,0.021365686947399484
2.1971971971971973,0.9764092684771539,0.023590731522846034
2.2022022022022023,0.9740768191280197,0.025923180871980336
2.2072072072072073,0.9716374908476005,0.028362509152399525
2.2122122122122123,0.9690918335737737,0.030908166426226152
2.2172172172172173,0.9664404212159103,0.03355957878408968
2.2222222222222223,0.9636838515254876,0.03631614847451237
2.2272272272272273,0.9608227459613298,0.03917725403867017
2.2322322322322323,0.9578577495495015,0.0421422504504984
2.2372372372372373,0.9547895307378894,0.04521046926211063
2.2422422422422423,0.9516187812455023,0.04838121875449781
2.2472472472472473,0.948346215906526,0.05165378409347392
2.2522522522522523,0.9449725725091672,0.05502742749083274
2.2572572572572573,0.9414986116293202,0.05850138837067963
2.2622622622622623,0.9379251164590995,0.06207488354090058
2.2672672672672673,0.9342528926302698,0.06574710736973018
2.2722722722722724,0.9304827680326216,0.06951723196737834
2.2772772772772774,0.9266155926273248,0.0733844073726752
2.2822822822822824,0.9226522382553084,0.0773477617446917
2.2872872872872874,0.9185935984407069,0.08140640155929317
2.2922922922922924,0.914440588189419,0.08555941181058113
2.2972972972972974,0.9101941437828219,0.089805856217178
2.3023023023023024,0.9058552225666916,0.09414477743330854
2.3073073073073074,0.90142480273537,0.09857519726462999
2.3123123123123124,0.8969038831112376,0.10309611688876244
2.3173173173173174,0.8922934829195299,0.10770651708047001
2.3223223223223224,0.8875946415585588,0.11240535844144117
2.3273273273273274,0.8828084183653823,0.11719158163461776
2.3323323323323324,0.8779358923769813,0.12206410762301859
2.3373373373373374,0.8729781620869955,0.12702183791300442
2.3423423423423424,0.8679363451980705,0.13206365480192958
2.3473473473473474,0.8628115783698759,0.13718842163012407
2.3523523523523524,0.8576050169628507,0.1423949830371492
2.3573573573573574,0.8523178347777303,0.14768216522226976
2.3623623623623624,0.846951223790917,0.15304877620908305
2.3673673673673674,0.8415063938857541,0.15849360611424584
2.3723723723723724,0.8359845725797619,0.16401542742023814
2.3773773773773774,0.8303870047478972,0.16961299525210277
2.3823823823823824,0.8247149523419022,0.1752850476580978
2.3873873873873874,0.8189696941058006,0.18103030589419938
2.3923923923923924,0.8131525252876103,0.18684747471238972
2.3973973973973974,0.8072647573473336,0.1927352426526664
2.4024024024024024,0.8013077176612939,0.19869228233870614
2.4074074074074074,0.7952827492228829,0.20471725077711717
2.4124124124124124,0.7891912103397877,0.21080878966021235
2.4174174174174174,0.7830344743277652,0.2169655256722348
2.4224224224224224,0.7768139292010331,0.2231860707989669
2.4274274274274275,0.7705309773593467,0.22946902264065333
2.4324324324324325,0.7641870352718331,0.235812964728167
2.4374374374374375,0.7577835331576528,0.24221646684234707
2.4424424424424425,0.7513219146635632,0.24867808533643665
2.4474474474474475,0.7448036365384522,0.25519636346154795
2.4524524524524525,0.7382301683049192,0.2617698316950808
2.4574574574574575,0.731602991927978,0.268397008072022
2.4624624624624625,0.7249236014809518,0.2750763985190482
2.4674674674674675,0.71819350280864,0.28180649719136003
2.4724724724724725,0.7114142131878309,0.2885857868121691
2.4774774774774775,0.704587260985237,0.29541273901476295
2.4824824824824825,0.6977141853129304,0.3022858146870697
2.4874874874874875,0.6907965356813547,0.3092034643186453
2.4924924924924925,0.6838358716499948,0.3161641283500053
2.4974974974974975,0.6768337624757783,0.3231662375242218
2.5025025025025025,0.6697917867592927,0.33020821324070737
2.5075075075075075,0.662711532088896,0.3372884679111041
2.5125125125125125,0.6555945946827995,0.3444054053172005
2.5175175175175175,0.6484425790292072,0.3515574209707926
2.5225225225225225,0.641257097524589,0.35874290247541085
2.5275275275275275,0.6340397701101718,0.36596022988982824
2.5325325325325325,0.6267922239067291,0.37320777609327094
2.5375375375375375,0.6195160928477531,0.3804839071522468
2.5425425425425425,0.6122130173110902,0.38778698268890976
2.5475475475475475,0.6048846437491231,0.3951153562508769
2.5525525525525525,0.5975326243175842,0.4024673756824157
2.5575575575575575,0.5901586165030832,0.4098413834969168
2.5625625625625625,0.5827642827494323,0.41723571725056774
2.5675675675675675,0.5753512900828542,0.42464870991714576
2.5725725725725725,0.5679213097361576,0.4320786902638423
2.5775775775775776,0.5604760167719629,0.43952398322803704
2.5825825825825826,0.5530170897050655,0.4469829102949346
2.5875875875875876,0.5455462101240208,0.4544537898759793
2.5925925925925926,0.5380650623120359,0.46193493768796406
2.5975975975975976,0.5305753328672544,0.4694246671327455
2.6026026026026026,0.5230787103225181,0.47692128967748193
2.6076076076076076,0.5155768847646937,0.48442311523530646
2.6126126126126126,0.5080715474536484,0.49192845254635154
2.6176176176176176,0.5005643904409625,0.4994356095590376
2.6226226226226226,0.4930571061884606,0.5069428938115395
2.6276276276276276,0.4855513871866537,0.5144486128133462
2.6326326326326326,0.4780489255731724,0.5219510744268276
2.6376376376376376,0.47055141275128054,0.5294485872487193
2.6426426426426426,0.4630605390085549,0.5369394609914452
2.6476476476476476,0.455577993135815,0.544422006864185
2.6526526526526526,0.4481054620463921,0.5518945379536078
2.6576576576576576,0.44064463039582014,0.5593553696041799
2.6626626626626626,0.4331971802020361,0.566802819797964
2.6676676676676676,0.4257647904661756,0.5742352095338243
2.6726726726726726,0.41834913679404556,0.5816508632059545
2.6776776776776776,0.4109518910183717,0.5890481089816283
2.6826826826826826,0.40357472082187834,0.5964252791781216
2.6876876876876876,0.3962192893613292,0.6037807106386709
2.6926926926926926,0.38888725489255993,0.6111127451074402
2.6976976976976976,0.381580270396645,0.618419729603355
2.7027027027027026,0.37429998320722474,0.6257000167927753
2.7077077077077076,0.3670480346391334,0.6329519653608666
2.7127127127127126,0.3598260596183573,0.6401739403816429
2.7177177177177176,0.35263568631346,0.6473643136865401
2.7227227227227226,0.34547853576850374,0.6545214642314963
2.7277277277277276,0.33835622153760475,0.6616437784623952
2.7327327327327327,0.33127034932114957,0.6687296506788503
2.7377377377377377,0.324222516603809,0.6757774833961909
2.7427427427427427,0.3172143122943772,0.6827856877056228
2.7477477477477477,0.3102473163675719,0.6897526836324281
2.7527527527527527,0.30332309950782066,0.6966769004921793
2.7577577577577577,0.2964432227551695,0.7035567772448306
2.7627627627627627,0.28960923715333853,0.7103907628466615
2.7677677677677677,0.2828226834000577,0.7171773165999422
2.7727727727727727,0.2760850914997092,0.7239149085002908
2.7777777777777777,0.2693979804184061,0.7306020195815939
2.7827827827827827,0.2627628577415343,0.7372371422584657
2.7877877877877877,0.2561812193338848,0.7438187806661152
2.7927927927927927,0.24965454900240502,0.750345450997595
2.7977977977977977,0.2431843181616909,0.756815681838309
2.8028028028028027,0.23677198550225,0.76322801449775
2.8078078078078077,0.23041899666165738,0.7695810033383427
2.8128128128128127,0.22412678389862914,0.7758732161013709
2.8178178178178177,0.21789676577013709,0.7821032342298629
2.8228228228228227,0.21173034681158814,0.7882696531884119
2.8278278278278277,0.2056289172201886,0.7943710827798114
2.8328328328328327,0.19959385254151746,0.8004061474584826
2.8378378378378377,0.1936265133594262,0.8063734866405738
2.8428428428428427,0.18772824498928845,0.8122717550107115
2.8478478478478477,0.18190037717471474,0.8180996228252853
2.8528528528528527,0.17614422378775552,0.8238557762122445
2.8578578578578577,0.17046108253270412,0.8295389174672959
2.8628628628628627,0.16485223465352344,0.8351477653464766
2.8678678678678677,0.15931894464500446,0.8406810553549956
2.8728728728728727,0.15386245996767986,0.8461375400323201
2.8778778778778777,0.14848401076659917,0.8515159892334008
2.8828828828828827,0.1431848095939864,0.8568151904060135
2.8878878878878878,0.1379660511358846,0.8620339488641154
2.8928928928928928,0.1328289119428083,0.8671710880571917
2.8978978978978978,0.12777455016450423,0.8722254498354958
2.9029029029029028,0.12280410528884064,0.8771958947111593
2.9079079079079078,0.11791869788492368,0.8820813021150764
2.9129129129129128,0.1131194293504595,0.8868805706495404
2.9179179179179178,0.10840738166345734,0.8915926183365426
2.9229229229229228,0.10378361713829237,0.8962163828617076
2.9279279279279278,0.09924917818621959,0.9007508218137804
2.932932932932933,0.09480508708035723,0.9051949129196427
2.937937937937938,0.09045234572522742,0.9095476542747726
2.942942942942943,0.08619193543087199,0.9138080645691281
2.947947947947948,0.0820248166916279,0.9179751833083721
2.952952952952953,0.07795192896957907,0.922048071030421
2.957957957957958,0.07397419048276604,0.9260258095172339
2.962962962962963,0.07009249799816902,0.9299075020018309
2.967967967967968,0.06630772662954275,0.9336922733704571
2.972972972972973,0.06262072964011771,0.9373792703598823
2.977977977977978,0.05903233825024215,0.9409676617497578
2.982982982982983,0.05554336144997954,0.9444566385500204
2.987987987987988,0.05215458581673127,0.9478454141832687
2.992992992992993,0.048866775337899154,0.9511332246621009
2.997997997997998,0.04568067123865344,0.9543193287613466
3.003003003003003,0.04259699181482015,0.9574030081851799
3.008008008008008,0.03961643227094973,0.9603835677290502
3.013013013013013,0.036739664563579945,0.96326033543642
3.018018018018018,0.033967337249751255,0.9660326627502487
3.023023023023023,0.03130007534078651,0.9686999246592134
3.028028028028028,0.028738480161389586,0.9712615198386105
3.033033033033033,0.026283129214073893,0.9737168707859261
3.038038038038038,0.023934576048971246,0.9760654239510287
3.043043043043043,0.02169335013903139,0.9783066498609686
3.048048048048048,0.019559956760658623,0.9804400432393413
3.053053053053053,0.01753487687979476,0.9824651231202052
3.058058058058058,0.015618567043491153,0.9843814329565089
3.063063063063063,0.013811459276977946,0.9861885407230221
3.068068068068068,0.012113960986269129,0.9878860390137308
3.073073073073073,0.010526454866310892,0.989473545133689
3.078078078078078,0.009049298814707635,0.9909507011852924
3.083083083083083,0.0076828258510322055,0.9923171741489677
3.088088088088088,0.006427344041750635,0.9935726559582494
3.093093093093093,0.005283136430767046,0.9947168635692331
3.098098098098098,0.004250460975614803,0.9957495390243852
3.103103103103103,0.00332955048929873,0.9966704495107013
3.108108108108108,0.002520612587810208,0.9974793874121898
3.113113113113113,0.0018238296433191398,0.9981761703566809
3.118118118118118,0.0012393587430603278,0.9987606412569396
3.123123123123123,0.000767331653917399,0.9992326683460827
3.128128128128128,0.00040785479271753195,0.9995921452072825
3.133133133133133,0.00016100920223927236,0.9998389907977606
3.138138138138138,2.6850532942405544e-05,0.9999731494670575
3.143143143143143,5.409030421291808e-06,0.9999945909695787
3.148148148148148,9.668952858635864e-05,0.9999033104714137
3.153153153153153,0.00030067144857427215,0.9996993285514258
3.158158158158158,0.0006173088033871962,0.9993826911966127
3.163163163163163,0.0010465302082607825,0.9989534697917392
3.168168168168168,0.0015882388967570142,0.9984117611032429
3.173173173173173,0.002242312742580664,0.9977576872574193
3.178178178178178,0.0030086042871112113,0.9969913957128888
3.183183183183183,0.003886940772648099,0.9961130592273518
3.188188188188188,0.00487712418135689,0.9951228758186431
3.193193193193193,0.005978931279913351,0.9940210687200866
3.198198198198198,0.007192113669828732,0.9928078863301714
3.203203203203203,0.008516397843452404,0.9914836021565477
3.2082082082082084,0.009951485245631077,0.9900485147543691
3.2132132132132134,0.011497052341018612,0.9885029476589813
3.2182182182182184,0.013152750687015154,0.9868472493129848
3.2232232232232234,0.014918207012322453,0.9850817929876775
3.2282282282282284,0.016793023301096516,0.9832069766989036
3.2332332332332334,0.018776776882678897,0.981223223117321
3.2382382382382384,0.020869020526886252,0.9791309794731138
3.2432432432432434,0.02306928254483683,0.9769307174551632
3.2482482482482484,0.02537706689529104,0.974622933104709
3.2532532532532534,0.027791853296482164,0.9722081467035177
3.2582582582582584,0.030313097343412046,0.9696869026565881
3.2632632632632634,0.03294023063058528,0.9670597693694146
3.2682682682682684,0.03567266088015415,0.9643273391198459
3.2732732732732734,0.03850977207544563,0.9614902279245543
3.2782782782782784,0.04145092459984011,0.9585490754001599
3.2832832832832834,0.04449545538097066,0.9555045446190292
3.2882882882882885,0.04764267804021043,0.9523573219597897
3.2932932932932935,0.05089188304741415,0.9491081169525858
3.2982982982982985,0.054242337880879246,0.9457576621191207
3.3033033033033035,0.057693287192490256,0.9423067128075098
3.3083083083083085,0.06124395297800934,0.9387560470219908
3.3133133133133135,0.06489353475247456,0.9351064652475254
3.3183183183183185,0.06864120973066644,0.9313587902693337
3.3233233233233235,0.07248613301260184,0.927513866987398
3.3283283283283285,0.07642743777401377,0.9235725622259863
3.3333333333333335,0.08046423546177377,0.9195357645382262
3.3383383383383385,0.08459561599421304,0.9154043840057869
3.3433433433433435,0.08882064796629721,0.9111793520337028
3.3483483483483485,0.09313837885960809,0.9068616211403918
3.3533533533533535,0.09754783525708582,0.9024521647429141
3.3583583583583585,0.10204802306248206,0.897951976937518
3.3633633633633635,0.10663792772447554,0.8933620722755244
3.3683683683683685,0.11131651446539909,0.888683485534601
3.3733733733733735,0.11608272851452646,0.8839172714854735
3.3783783783783785,0.12093549534586676,0.8790645046541333
3.3833833833833835,0.12587372092041235,0.8741262790795876
3.3883883883883885,0.13089629193278635,0.8691037080672137
3.3933933933933935,0.13600207606223294,0.8639979239377672
3.3983983983983985,0.14118992222789542,0.8588100777721045
3.4034034034034035,0.146458660848323,0.853541339151677
3.4084084084084085,0.1518071041051492,0.8481928958948508
3.4134134134134135,0.15723404621088063,0.8427659537891193
3.4184184184184185,0.1627382636807381,0.8372617363192618
3.4234234234234235,0.16831851560848654,0.8316814843915135
3.4284284284284285,0.17397354394619316,0.826026456053807
3.4334334334334335,0.17970207378784947,0.8202979262121506
3.4384384384384385,0.18550281365679486,0.8144971863432051
3.4434434434434436,0.19137445579687484,0.808625544203125
3.4484484484484486,0.1973156764672705,0.8026843235327293
3.4534534534534536,0.20332513624093085,0.7966748637590692
3.4584584584584586,0.20940148030654196,0.7905985196934581
3.4634634634634636,0.21554333877396445,0.7844566612260355
3.4684684684684686,0.22174932698307023,0.7782506730169297
3.4734734734734736,0.2280180458159092,0.7719819541840908
3.4784784784784786,0.2343480820121355,0.7656519179878646
3.4834834834834836,0.24073800848762184,0.759261991512378
3.4884884884884886,0.24718638465619092,0.7528136153438091
3.4934934934934936,0.25369175675438993,0.7463082432456101
3.4984984984984986,0.26025265816923676,0.7397473418307633
3.5035035035035036,0.26686760976886253,0.7331323902311374
3.5085085085085086,0.2735351202359764,0.7264648797640235
3.5135135135135136,0.2802536864040784,0.7197463135959217
3.5185185185185186,0.28702179359634206,0.7129782064036578
3.5235235235235236,0.2938379159670936,0.7061620840329064
3.5285285285285286,0.3007005168458081,0.6992994831541918
3.5335335335335336,0.30760804908354666,0.6923919509164534
3.5385385385385386,0.31455895540175494,0.6854410445982452
3.5435435435435436,0.32155166874334706,0.6784483312566529
3.5485485485485486,0.3285846126259924,0.6714153873740076
3.5535535535535536,0.3356562014975279,0.664343798502472
3.5585585585585586,0.3427648410934156,0.6572351589065845
3.5635635635635636,0.34990892879616325,0.6500910712038367
3.5685685685685686,0.35708685399662965,0.6429131460033704
3.5735735735735736,0.3642969984571296,0.6357030015428705
3.5785785785785786,0.3715377366762607,0.6284622633237392
3.5835835835835836,0.3788074362553668,0.6211925637446333
3.5885885885885886,0.3861044582665556,0.6138955417334445
3.5935935935935936,0.39342715762219044,0.6065728423778096
3.5985985985985987,0.4007738834457683,0.5992261165542317
3.6036036036036037,0.40814297944410466,0.5918570205558954
3.6086086086086087,0.41553278428073886,0.5844672157192612
3.6136136136136137,0.4229416319504761,0.5770583680495239
3.6186186186186187,0.4303678521549827,0.5696321478450173
3.6236236236236237,0.4378097706793491,0.5621902293206508
3.6286286286286287,0.44526570976953517,0.5547342902304647
3.6336336336336337,0.4527339885106142,0.5472660114893859
3.6386386386386387,0.4602129232057289,0.5397870767942711
3.6436436436436437,0.46770082775567556,0.5322991722443244
3.6486486486486487,0.47519601403902817,0.5248039859609718
3.6536536536536537,0.4826967922927201,0.5173032077072799
3.6586586586586587,0.49020147149299487,0.509798528507005
3.6636636636636637,0.49770835973664135,0.5022916402633586
3.6686686686686687,0.5052157646224276,0.4947842353775723
3.6736736736736737,0.5127219936326465,0.4872780063673535
3.6786786786786787,0.5202253545146878,0.4797746454853123
3.6836836836836837,0.5277241556625505,0.47227584433744946
3.6886886886886887,0.53521670649821,0.4647832935017901
3.6936936936936937,0.5427013178527513,0.4572986821472486
3.6986986986986987,0.5501763023471882,0.4498236976528117
3.7037037037037037,0.5576399747728751,0.44236002522712475
3.7087087087087087,0.5650906524714326,0.4349093475285673
3.7137137137137137,0.5725266557140959,0.42747334428590417
3.7187187187187187,0.579946308080404,0.42005369191959596
3.7237237237237237,0.587347936836143,0.4126520631638571
3.7287287287287287,0.5947298733104577,0.40527012668954243
3.7337337337337337,0.6020904532720477,0.3979095467279523
3.7387387387387387,0.6094280173043625,0.3905719826956375
3.7437437437437437,0.6167409111797106,0.3832590888202894
3.7487487487487487,0.6240274862322,0.37597251376780005
3.7537537537537538,0.6312860997294231,0.3687139002705769
3.7587587587587588,0.638515115242806,0.36148488475719404
3.7637637637637638,0.6457129030165342,0.35428709698346583
3.7687687687687688,0.6528778403349768,0.34712215966502336
3.7737737737737738,0.66000831188852,0.3399916881114799
3.7787787787787788,0.6671027101377355,0.3328972898622646
3.7837837837837838,0.6741594356757914,0.3258405643242086
3.7887887887887888,0.6811768975890355,0.31882310241096457
3.793793793793794,0.6881535138156598,0.3118464861843402
3.798798798798799,0.695087711502371,0.30491228849762897
3.803803803803804,0.7019779273589842,0.2980220726410157
3.808808808808809,0.7088226080108622,0.2911773919891377
3.813813813813814,0.7156202103491173,0.28437978965088273
3.818818818818819,0.7223692018784997,0.2776307981215003
3.823823823823824,0.7290680610628939,0.27093193893710615
3.828828828828829,0.7357152776683429,0.2642847223316572
3.833833833833834,0.7423093531035253,0.25769064689647475
3.838838838838839,0.7488488007576074,0.25115119924239265
3.843843843843844,0.7553321463353944,0.24466785366460564
3.848848848848849,0.7617579281897047,0.2382420718102954
3.853853853853854,0.7681246976508933,0.2318753023491068
3.858858858858859,0.774431019353449,0.22556898064655095
3.863863863863864,0.7806754715595932,0.2193245284404068
3.868868868868869,0.7868566464798044,0.2131433535201957
3.873873873873874,0.7929731505902,0.20702684940979998
3.878878878878879,0.7990236049467017,0.20097639505329828
3.883883883883884,0.8050066454959129,0.1949933545040872
3.888888888888889,0.8109209233826394,0.18907907661736054
3.893893893893894,0.8167651052539855,0.18323489474601462
3.898898898898899,0.8225378735599514,0.1774621264400486
3.903903903903904,0.8282379268504725,0.17176207314952752
3.908908908908909,0.8338639800688248,0.1661360199311751
3.913913913913914,0.8394147648413379,0.1605852351586621
3.918918918918919,0.8448890297633438,0.15511097023665624
3.923923923923924,0.8502855406813028,0.14971445931869715
3.928928928928929,0.8556030809710388,0.14439691902896123
3.933933933933934,0.8608404518120224,0.13915954818797777
3.938938938938939,0.8659964724576408,0.13400352754235914
3.943943943943944,0.8710699805013942,0.1289300194986059
3.948948948948949,0.8760598321389538,0.1239401678610462
3.953953953953954,0.8809649024260309,0.11903509757396907
3.958958958958959,0.8857840855319898,0.11421591446801009
3.963963963963964,0.8905162949891546,0.10948370501084545
3.968968968968969,0.8951604639377482,0.10483953606225184
3.973973973973974,0.8997155453664133,0.10028445463358675
3.978978978978979,0.9041805123482566,0.09581948765174339
3.983983983983984,0.9085543582723663,0.09144564172763367
3.988988988988989,0.9128360970707484,0.08716390292925151
3.993993993993994,0.9170247634406329,0.08297523655936712
3.998998998998999,0.921119413062097,0.07888058693790308
4.004004004004004,0.9251191228109598,0.07488087718904017
4.009009009009009,0.9290229909668957,0.07097700903310435
4.014014014014014,0.9328301374167259,0.06716986258327413
4.019019019019019,0.9365397038528358,0.06346029614716425
4.024024024024024,0.9401508539666773,0.05984914603332262
4.029029029029029,0.9436627736373123,0.056337226362687676
4.034034034034034,0.9470746711149522,0.05292532888504766
4.039039039039039,0.9503857771994565,0.04961422280054347
4.044044044044044,0.9535953454137448,0.04640465458625519
4.049049049049049,0.9567026521720885,0.04329734782791153
4.054054054054054,0.9597069969432401,0.040293003056759945
4.059059059059059,0.9626077024083655,0.03739229759163447
4.064064064064064,0.9654041146137436,0.034595885386256416
4.069069069069069,0.968095603118197,0.031904396881803056
4.074074074074074,0.9706815611352234,0.029318438864776707
4.079079079079079,0.9731614056697929,0.026838594330206994
4.084084084084084,0.9755345776497832,0.02446542235021663
4.089089089089089,0.9778005420520194,0.02219945794798067
4.094094094094094,0.9799587880228926,0.02004121197710734
4.099099099099099,0.982008828993532,0.017991171006468014
4.104104104104104,0.9839502027894981,0.016049797210501905
4.109109109109109,0.9857824717349795,0.014217528265020547
4.114114114114114,0.9875052227514648,0.012494777248535307
4.119119119119119,0.9891180674508698,0.010881932549130315
4.124124124124124,0.9906206422230983,0.009379357776901751
4.129129129129129,0.9920126083180167,0.00798739168198325
4.134134134134134,0.9932936519218241,0.00670634807817588
4.1391391391391394,0.9944634842278001,0.005536515772199945
4.1441441441441444,0.9955218415014155,0.004478158498584536
4.1491491491491495,0.9964684851397905,0.0035315148602095177
4.1541541541541545,0.9973032017254867,0.0026967982745133615
4.1591591591591595,0.9980258030746211,0.001974196925378946
4.1641641641641645,0.9986361262792918,0.0013638737207081616
4.1691691691691695,0.9991340337443051,0.000865966255694915
4.1741741741741745,0.9995194132181952,0.0004805867818047742
4.1791791791791795,0.9997921778185317,0.0002078221814682794
4.1841841841841845,0.9999522660515066,4.773394849360682e-05
4.1891891891891895,0.9999996418257969,3.5817420300912904e-07
4.1941941941941945,0.9999342944607039,6.570553929615497e-05
4.1991991991991995,0.9997562386885578,0.00024376131144220335
4.2042042042042045,0.9994655146513989,0.0005344853486011551
4.2092092092092095,0.9990621878919262,0.0009378121080737333
4.2142142142142145,0.9985463493387222,0.0014536506612777506
4.2192192192192195,0.9979181152857525,0.002081884714247636
4.2242242242242245,0.9971776273661476,0.0028223726338524927
4.2292292292292295,0.9963250525202734,0.003674947479726787
4.2342342342342345,0.9953605829580935,0.004639417041906457
4.2392392392392395,0.994284436115838,0.005715563884161962
4.2442442442442445,0.9930968546069815,0.006903145393018515
4.2492492492492495,0.9917981061675476,0.00820189383245242
4.2542542542542545,0.9903884835957488,0.0096115164042512
4.2592592592592595,0.9888683046859761,0.01113169531402393
4.2642642642642645,0.9872379121571532,0.012762087842846838
4.2692692692692695,0.9854976735754719,0.014502326424528058
4.2742742742742745,0.9836479812715259,0.016352018728474138
4.2792792792792795,0.9816892522518604,0.01831074774813957
4.2842842842842845,0.9796219281049605,0.020378071895039426
4.2892892892892895,0.9774464749016961,0.022553525098303905
4.2942942942942945,0.9751633830902476,0.024836616909752366
4.2992992992992995,0.9727731673855369,0.02722683261446314
4.3043043043043046,0.970276366653186,0.029723633346814098
4.3093093093093096,0.9676735437880319,0.03232645621196811
4.314314314314315,0.9649652855872244,0.035034714412775565
4.31931931931932,0.9621522026179343,0.03784779738206578
4.324324324324325,0.9592349290797028,0.04076507092029715
4.32932932932933,0.9562141226614647,0.043785877338535215
4.334334334334335,0.9530904643932738,0.046909535606726234
4.33933933933934,0.9498646584927669,0.05013534150723303
4.344344344344345,0.9465374322064016,0.05346256779359838
4.34934934934935,0.9431095356454999,0.05689046435450003
4.354354354354355,0.9395817416171393,0.060418258382860746
4.35935935935936,0.9359548454499251,0.06404515455007483
4.364364364364365,0.9322296648146879,0.06777033518531217
4.36936936936937,0.9284070395401407,0.07159296045985923
4.374374374374375,0.9244878314235446,0.07551216857645536
4.37937937937938,0.920472924036418,0.07952707596358202
4.384384384384385,0.9163632225253392,0.08363677747466082
4.38938938938939,0.9121596534078845,0.08784034659211551
4.394394394394395,0.9078631643637479,0.0921368356362521
4.3993993993994,0.90347472402109,0.09652527597891004
4.404404404404405,0.8989953217381644,0.10100467826183569
4.40940940940941,0.89442596738027,0.10557403261972989
4.414414414414415,0.8897676910920818,0.11023230890791834
4.41941941941942,0.8850215430654059,0.11497845693459402
4.424424424424425,0.8801885933024207,0.11981140669757942
4.42942942942943,0.8752699313744455,0.12473006862555447
4.434434434434435,0.8702666661763034,0.12973333382369664
4.43943943943944,0.8651799256763227,0.13482007432367732
4.444444444444445,0.8600108566620418,0.1399891433379582
4.44944944944945,0.8547606244816695,0.14523937551833052
4.454454454454455,0.8494304127813613,0.1505695872186387
4.45945945945946,0.8440214232383711,0.15597857676162896
4.464464464464465,0.8385348752901365,0.16146512470986346
4.46946946946947,0.832972005859362,0.1670279941406379
4.474474474474475,0.8273340690751584,0.17266593092484153
4.47947947947948,0.8216223359903042,0.17837766400969576
4.484484484484485,0.8158380942946911,0.18416190570530896
4.48948948948949,0.8099826480250188,0.19001735197498118
4.494494494494495,0.8040573172708052,0.1959426827291948
4.4994994994995,0.7980634378767761,0.20193656212322383
4.504504504504505,0.7920023611417045,0.20799763885829553
4.50950950950951,0.7858754535137641,0.21412454648623583
4.514514514514515,0.7796840962824698,0.22031590371753013
4.51951951951952,0.7734296852672697,0.2265703147327303
4.524524524524525,0.7671136305028632,0.23288636949713684
4.52952952952953,0.7607373559213133,0.23926264407868675
4.534534534534535,0.7543022990310266,0.24569770096897342
4.53953953953954,0.747809910592672,0.25219008940732796
4.544544544544545,0.7412616542921118,0.25873834570788823
4.54954954954955,0.7346590064104188,0.26534099358958124
4.554554554554555,0.7280034554910544,0.2719965445089458
4.55955955955956,0.721296502004281,0.278703497995719
4.564564564564565,0.7145396580088877,0.28546034199111237
4.56956956956957,0.7077344468113003,0.29226555318869973
4.574574574574575,0.7008824026221588,0.2991175973778411
4.57957957957958,0.6939850702104343,0.3060149297895658
4.584584584584585,0.6870440045551659,0.312955995444834
4.58958958958959,0.6800607704948977,0.31993922950510234
4.594594594594595,0.6730369423748898,0.32696305762511013
4.5995995995996,0.665974103692189,0.3340258963078109
4.604604604604605,0.6588738467386347,0.34112615326136536
4.60960960960961,0.6517377722418818,0.3482622277581182
4.614614614614615,0.6445674890045229,0.35543251099547707
4.61961961961962,0.6373646135413901,0.36263538645861
4.624624624624625,0.6301307697151156,0.36986923028488433
4.62962962962963,0.6228675883700401,0.3771324116299599
4.634634634634635,0.6155767069645424,0.3844232930354577
4.63963963963964,0.6082597692018819,0.3917402307981181
4.644644644644645,0.6009184246596307,0.39908157534036914
4.64964964964965,0.5935543284177831,0.4064456715822169
4.654654654654655,0.5861691406856221,0.4138308593143779
4.65965965965966,0.5787645264274327,0.4212354735725673
4.664664664664665,0.5713421549871412,0.4286578450128589
4.66966966966967,0.5639036997119669,0.43609630028803315
4.674674674674675,0.5564508375751726,0.44354916242482745
4.67967967967968,0.548985248797997,0.45101475120200296
4.684684684684685,0.5415086164708545,0.45849138352914554
4.68968968968969,0.5340226261738882,0.4659773738261119
4.694694694694695,0.5265289655969625,0.47347103440303745
4.6996996996997,0.519029324159179,0.480970675840821
4.704704704704705,0.5115253926280032,0.48847460737199677
4.70970970970971,0.5040188627380869,0.4959811372619132
4.714714714714715,0.49651142680987215,0.5034885731901277
4.71971971971972,0.4890047773680647,0.5109952226319353
4.724724724724725,0.4815006067600597,0.5184993932399403
4.72972972972973,0.4740006067744077,0.5259993932255923
4.734734734734735,0.46650646825940745,0.5334935317405926
4.73973973973974,0.45901988074190997,0.54098011925809
4.744744744744745,0.451542532046421,0.5484574679535791
4.74974974974975,0.4440761079145864,0.5559238920854135
4.754754754754755,0.43662229162514826,0.5633777083748517
4.75975975975976,0.42918276361445545,0.5708172363855446
4.764764764764765,0.4217592010976152,0.5782407989023848
4.76976976976977,0.41435327769037106,0.5856467223096289
4.774774774774775,0.4069666630317921,0.5930333369682079
4.77977977977978,0.39960102240785855,0.6003989775921414
4.784784784784785,0.3922580163760296,0.6077419836239705
4.78978978978979,0.3849393003908757,0.6150606996091244
4.794794794794795,0.3776465244308632,0.6223534755691369
4.7997997997998,0.37038133262637185,0.6296186673736283
4.804804804804805,0.363145362889032,0.6368546371109681
4.80980980980981,0.35594024654246254,0.6440597534575374
4.814814814814815,0.34876760795449563,0.6512323920455043
4.81981981981982,0.3416290641709683,0.6583709358290317
4.824824824824825,0.33452622455116515,0.6654737754488349
4.82982982982983,0.32746069040499426,0.6725393095950056
4.834834834834835,0.3204340546319775,0.6795659453680225
4.83983983983984,0.3134479013621369,0.6865520986378633
4.844844844844845,0.30650380559885826,0.6934961944011417
4.84984984984985,0.29960333286381235,0.7003966671361878
4.854854854854855,0.29274803884401335,0.7072519611559867
4.85985985985986,0.285939469041095,0.714060530958905
4.864864864864865,0.2791791584228828,0.7208208415771172
4.86986986986987,0.27246863107734065,0.7275313689226593
4.874874874874875,0.26580939986897095,0.7341906001310291
4.87987987987988,0.25920296609774435,0.7407970339022557
4.884884884884885,0.2526508191606377,0.7473491808393623
4.88988988988989,0.24615443621585373,0.7538455637841462
4.894894894894895,0.23971528184980226,0.7602847181501977
4.8998998998999,0.23333480774691326,0.7666651922530868
4.904904904904905,0.22701445236236045,0.7729855476376395
4.90990990990991,0.22075564059776662,0.7792443594022334
4.914914914914915,0.21455978347996418,0.7854402165200357
4.91991991991992,0.20842827784288495,0.7915717221571151
4.924924924924925,0.2023625060126481,0.797637493987352
4.92992992992993,0.19636383549592035,0.8036361645040796
4.934934934934935,0.19043361867161596,0.809566381328384
4.93993993993994,0.18457319248600798,0.815426807513992
4.944944944944945,0.1787838781513184,0.8212161218486816
4.94994994994995,0.17306698084785554,0.8269330191521445
4.954954954954955,0.16742378942976585,0.8325762105702342
4.95995995995996,0.1618555761344663,0.8381444238655337
4.964964964964965,0.1563635962958229,0.8436364037041773
4.96996996996997,0.1509490880611403,0.8490509119388596
4.974974974974975,0.1456132721120258,0.8543867278879742
4.97997997997998,0.1403573513891911,0.859642648610809
4.984984984984985,0.1351825108212534,0.8648174891787466
4.98998998998999,0.13008991705759768,0.8699100829424024
4.994994994994995,0.12508071820535974,0.8749192817946402
5.0,0.12015604357058937,0.8798439564294107
