Position_x,Potential_Barrier_V,Total_Energy_E,Wavefunction_Shifted,Probability_Density_Shifted
-4.0,0.0,1.0,1.6089830531697524,1.5080278891067858
-3.99,0.0,1.0,1.63920432547783,1.5597016023418733
-3.98,0.0,1.0,1.6653368714548802,1.6064015787909147
-3.97,0.0,1.0,1.687213531986711,1.6469348473228087
-3.96,0.0,1.0,1.7046943711023275,1.6802659680319243
-3.95,0.0,1.0,1.7176675710865905,1.7055434829990777
-3.94,0.0,1.0,1.7260501477320132,1.7221216671529835
-3.93,0.0,1.0,1.729788481154488,1.7295770235969514
-3.92,0.0,1.0,1.7288586587775683,1.7277191020205969
-3.91,0.0,1.0,1.7232666282913494,1.7165953638355305
-3.9,0.0,1.0,1.7130481596075504,1.696489969753034
-3.89,0.0,1.0,1.6982686160541487,1.6679165207755837
-3.88,0.0,1.0,1.6790225362731368,1.631604938036717
-3.87,0.0,1.0,1.6554330294958421,1.588482816649449
-3.86,0.0,1.0,1.6276509880639634,1.5396517298872183
-3.85,0.0,1.0,1.5958541222335263,1.4863590890173781
-3.84,0.0,1.0,1.5602458234356924,1.4299662776399136
-3.83,0.0,1.0,1.5210538632657036,1.3719138745535817
-3.82,0.0,1.0,1.478528936521956,1.3136848535463481
-3.81,0.0,1.0,1.4329430576148257,1.256766700187499
-3.8,0.0,1.0,1.3845878206027047,1.2026134133642987
-3.79,0.0,1.0,1.3337725339851398,1.152608362250495
-3.78,0.0,1.0,1.2808222421839661,1.1080289475414111
-3.77,0.0,1.0,1.226075646368272,1.07001396969977
-3.76,0.0,1.0,1.1698829379227538,1.0395345378044742
-3.75,0.0,1.0,1.1126035584179363,1.017369262148468
-3.74,0.0,1.0,1.0546039004107375,1.0040843643014599
-3.73,0.0,1.0,0.9962549637824639,1.0000192127346172
-3.7199999999999998,0.0,1.0,0.9379299826056524,1.0052776535059378
-3.71,0.0,1.0,0.8800020377197008,1.0197253574677043
-3.7,0.0,1.0,0.8228416702866683,1.0429932517627638
-3.69,0.0,1.0,0.7668145115923545,1.0744869479505645
-3.68,0.0,1.0,0.7122789442538329,1.1134019259173822
-3.67,0.0,1.0,0.6595838097937021,1.1587440856911924
-3.66,0.0,1.0,0.6090661772448198,1.209355142156135
-3.65,0.0,1.0,0.5610491870587571,1.2639422139476413
-3.64,0.0,1.0,0.5158399841096765,1.3211108506670115
-3.63,0.0,1.0,0.47372775301528536,1.3794006547210143
-3.62,0.0,1.0,0.43498186834217123,1.4373225878111007
-3.61,0.0,1.0,0.3998501715278294,1.4933970090618847
-3.6,0.0,1.0,0.3685573855412623,1.546191473088337
-3.59,0.0,1.0,0.3413036774228557,1.5943573224337717
-3.58,0.0,1.0,0.31826337789842285,1.636664139608861
-3.57,0.0,1.0,0.299583866257471,1.6720311786394961
-3.56,0.0,1.0,0.28538462762870487,1.6995549731909108
-3.55,0.0,1.0,0.275756488682951,1.7185324160066417
-3.54,0.0,1.0,0.2707610366524258,1.7284787200880065
-3.53,0.0,1.0,0.2704302253826181,1.7291398027880238
-3.52,0.0,1.0,0.27476617093672684,1.720498776462708
-3.51,0.0,1.0,0.2837411380600764,1.702776379873253
-3.5,0.0,1.0,0.29729771759109636,1.6764253393187432
-3.49,0.0,1.0,0.3153491936840429,1.642118803546699
-3.48,0.0,1.0,0.3377800984944842,1.6007331478766782
-3.4699999999999998,0.0,1.0,0.36444695077945577,1.5533255868130569
-3.46,0.0,1.0,0.39517917368777233,1.5011071670424738
-3.45,0.0,1.0,0.4297801858697665,1.4454118307215316
-3.44,0.0,1.0,0.468028658927071,1.3876623393464802
-3.4299999999999997,0.0,1.0,0.5096799331590569,1.329333928694393
-3.42,0.0,1.0,0.5544675825499941,1.2719166232860908
-3.41,0.0,1.0,0.6021051189863494,1.2168771730642016
-3.4,0.0,1.0,0.6522878248030388,1.1656215846304139
-3.39,0.0,1.0,0.7046947019365959,1.119459204197693
-3.38,0.0,1.0,0.7589905252173539,1.079569269773982
-3.37,0.0,1.0,0.8148279866665222,1.0469707870164022
-3.36,0.0,1.0,0.8718499170820444,1.0224964982902451
-3.35,0.0,1.0,0.9296915707025948,1.006771609904477
-3.34,0.0,1.0,0.9879829583357369,1.0001978209456994
-3.33,0.0,1.0,1.0463512140261084,1.002943061700951
-3.32,0.0,1.0,1.104422980125111,1.0149372038057662
-3.31,0.0,1.0,1.1618267955057198,1.03587385170363
-3.3,0.0,1.0,1.2181954716460643,1.065218169653217
-3.29,0.0,1.0,1.2731684413828812,1.102220544339113
-3.2800000000000002,0.0,1.0,1.3263940653109019,1.145935734068736
-3.27,0.0,1.0,1.3775318810750323,1.1952470153808936
-3.26,0.0,1.0,1.4262547811675574,1.248894710230414
-3.25,0.0,1.0,1.4722511052999074,1.3055083650095676
-3.24,0.0,1.0,1.515226633964934,1.3636417593792278
-3.23,0.0,1.0,1.5549064704376971,1.4218098505940042
-3.2199999999999998,0.0,1.0,1.5910367991763872,1.4785267095625603
-3.21,0.0,1.0,1.6233865093756235,1.5323434795500335
-3.2,0.0,1.0,1.651748673286924,1.5818853878510488
-3.19,0.0,1.0,1.675941869850126,1.6258868649540887
-3.1799999999999997,0.0,1.0,1.6958113451690533,1.663223874062969
-3.17,0.0,1.0,1.7112300024083396,1.69294262510379
-3.16,0.0,1.0,1.722099214779445,1.7142839397056038
-3.15,0.0,1.0,1.728349456415525,1.7267026447408096
-3.14,0.0,1.0,1.7299407470997168,1.729881499008894
-3.13,0.0,1.0,1.7268629080020874,1.723739297300344
-3.12,0.0,1.0,1.719135626789413,1.7084329448189064
-3.11,0.0,1.0,1.706808331691293,1.6843534489701764
-3.1,0.0,1.0,1.6899598753281648,1.652115930908023
-3.09,0.0,1.0,1.668698030323621,1.6125439119982055
-3.08,0.0,1.0,1.643158799927408,1.5666482766083065
-3.07,0.0,1.0,1.6135055480587486,1.515601448628583
-3.06,0.0,1.0,1.579927954334762,1.4607074413957557
-3.05,0.0,1.0,1.5426408007682062,1.4033685461073426
-3.04,0.0,1.0,1.5018825978955752,1.3450495096854955
-3.0300000000000002,0.0,1.0,1.4579140591235955,1.2872401171822574
-3.02,0.0,1.0,1.41101643305314,1.2314171345749676
-3.01,0.0,1.0,1.3614897044479766,1.1790065841395692
-3.0,0.0,1.0,1.3096506753560078,1.1313473160937422
-2.99,0.0,1.0,1.2558309386572775,1.0896568070880324
-2.98,0.0,1.0,1.2003747570011396,1.0550000592373503
-2.9699999999999998,0.0,1.0,1.14363686070014,1.0282623941805362
-2.96,0.0,1.0,1.085980178666565,1.0101268371555268
-2.95,0.0,1.0,1.0277735169059325,1.0010566688237317
-2.94,0.0,1.0,0.9693891994171485,1.001283590564826
-2.9299999999999997,0.0,1.0,0.9112006865895165,1.0108018055646208
-2.92,0.0,1.0,0.853580186330712,1.0293681668971904
-2.91,0.0,1.0,0.7968962732063676,1.0565083888184417
-2.9,0.0,1.0,0.7415115308206579,1.091529162600931
-2.8899999999999997,0.0,1.0,0.6877802325185921,1.1335358674056772
-2.88,0.0,1.0,0.6360460752455954,1.1814554237590886
-2.87,0.0,1.0,0.5866399810599566,1.2340637058330315
-2.86,0.0,1.0,0.5398779803609658,1.2900168122694573
-2.8499999999999996,0.0,1.0,0.4960591903728502,1.3478853967228317
-2.84,0.0,1.0,0.4554639018153033,1.4061911811317995
-2.83,0.0,1.0,0.41835178599939693,1.463444718972728
-2.8200000000000003,0.0,1.0,0.3849602338173521,1.5181834438164468
-2.81,0.0,1.0,0.35550283725094667,1.5690090312213423
-2.8,0.0,1.0,0.3301680231117413,1.6146231195370313
-2.79,0.0,1.0,0.3091178477525085,1.653860477115241
-2.7800000000000002,0.0,1.0,0.2924869604596073,1.6857187686571031
-2.77,0.0,1.0,0.2803817421570588,1.7093841603026163
-2.76,0.0,1.0,0.27287962493166873,1.724252109369193
-2.75,0.0,1.0,0.2700285967319149,1.7299428076564074
-2.74,0.0,1.0,0.2718468944088418,1.7263108838110253
-2.73,0.0,1.0,0.27832288706244945,1.7134491169012027
-2.7199999999999998,0.0,1.0,0.2894151504397614,1.691686066334996
-2.71,0.0,1.0,0.3050527319086781,1.6615776786679337
-2.7,0.0,1.0,0.3251356043126912,1.6238930857073925
-2.69,0.0,1.0,0.34953530580333203,1.579594956707349
-2.6799999999999997,0.0,1.0,0.3780957615576086,1.5298149065652202
-2.67,0.0,1.0,0.410634282124253,1.4758245882290337
-2.66,0.0,1.0,0.4469427320127657,1.4190032077719228
-2.65,0.0,1.0,0.4867888610502682,1.3608022919754534
-2.6399999999999997,0.0,1.0,0.5299177899900278,1.3027086084491226
-2.63,0.0,1.0,0.5760536408688368,1.2462061855076292
-2.62,0.0,1.0,0.6249013016845191,1.1927384020246141
-2.61,0.0,1.0,0.6761483141056395,1.1436711156939994
-2.5999999999999996,0.0,1.0,0.7294668721385242,1.1002577716034434
-2.59,0.0,1.0,0.7845159189669505,1.0636073824365175
-2.58,0.0,1.0,0.8409433285518845,1.0346561982632243
-2.5700000000000003,0.0,1.0,0.8983881580364561,1.0141437896263346
-2.56,0.0,1.0,0.9564829565484927,1.0025941548914525
-2.55,0.0,1.0,1.0148561156321285,1.0003023344817468
-2.54,0.0,1.0,1.0731342462737743,1.007326873942511
-2.5300000000000002,0.0,1.0,1.1309445673175798,1.0234883283698468
-2.52,0.0,1.0,1.1879172899926718,1.0483738464084793
-2.51,0.0,1.0,1.2436879832993388,1.0813477167184915
-2.5,0.0,1.0,1.297899905123776,1.1215676074969245
-2.49,0.0,1.0,1.3502062841701983,1.1680060842086268
-2.48,0.0,1.0,1.4002725381137333,1.2194768558465892
-2.4699999999999998,0.0,1.0,1.447778413785501,1.2746650792496703
-2.46,0.0,1.0,1.4924200357,1.3321609473408071
-2.45,0.0,1.0,1.5339118498212128,1.3904957032596015
-2.44,0.0,1.0,1.571988450133947,1.4481791603926504
-2.4299999999999997,0.0,1.0,1.6064062763366054,1.503737769836202
-2.42,0.0,1.0,1.6369451717959436,1.5557522628413205
-2.41,0.0,1.0,1.6634097917982178,1.6028939066489793
-2.4,0.0,1.0,1.6856308530887156,1.6439584475440547
-2.3899999999999997,0.0,1.0,1.7034662167068864,1.6778968740382196
-2.38,0.0,1.0,1.716801797190629,1.7038422143228984
-2.37,0.0,1.0,1.7255522923339202,1.7211316834397348
-2.36,0.0,1.0,1.7296617288298282,1.7293236144094983
-2.3499999999999996,0.0,1.0,1.7291038203086635,1.7282087408064215
-2.34,0.0,1.0,1.7238821354810399,1.7178155425597135
-2.33,0.0,1.0,1.714030075310306,1.6984095184214263
-2.3200000000000003,0.0,1.0,1.699610659360362,1.6704864036858087
-2.31,0.0,1.0,1.6807161226855118,1.6347595064164344
-2.3,0.0,1.0,1.657467325840881,1.5921414856826837
-2.29,0.0,1.0,1.63001298178731,1.5437210372884071
-2.2800000000000002,0.0,1.0,1.5985287046359025,1.4907350825659333
-2.27,0.0,1.0,1.5632158863170167,1.4345371706847432
-2.26,0.0,1.0,1.5243004083591858,1.3765629016515193
-2.25,0.0,1.0,1.4820311970181785,1.3182932532859972
-2.24,0.0,1.0,1.4366786309984432,1.2612167490009238
-2.23,0.0,1.0,1.3885328119520994,1.2067914328265827
-2.2199999999999998,0.0,1.0,1.3379017088183716,1.15640762304435
-2.21,0.0,1.0,1.2851091878733503,1.1113523959038374
-2.2,0.0,1.0,1.2304929410910477,1.0727767067024674
-2.19,0.0,1.0,1.174402326067178,1.0416659881337567
-2.1799999999999997,0.0,1.0,1.1171961313227703,1.0188149769822248
-2.17,0.0,1.0,1.059240281282031,1.0048074122279098
-2.16,0.0,1.0,1.000905495604781,1.0000011231812196
-2.15,0.0,1.0,0.9425649178457567,1.0045188885781708
-2.1399999999999997,0.0,1.0,0.8845917286092574,1.0182453001443825
-2.13,0.0,1.0,0.8273567584667899,1.0408297107494442
-2.12,0.0,1.0,0.7712261159069044,1.0716951918397823
-2.11,0.0,1.0,0.716558845490257,1.1100532713285152
-2.0999999999999996,0.0,1.0,0.663704631189703,1.1549240754565118
-2.09,0.0,1.0,0.6130015596062,1.2051613600921007
-2.08,0.0,1.0,0.5647739573683122,1.259481792034027
-2.0700000000000003,0.0,1.0,0.5193303165485939,1.3164977323140754
-2.06,0.0,1.0,0.4769613213670827,1.3747526840357098
-2.05,0.0,1.0,0.4379379888042877,1.4327584992183138
-2.04,0.0,1.0,0.40250993501738286,1.4890333941820988
-2.0300000000000002,0.0,1.0,0.37090377864864077,1.5421398023541895
-2.02,0.0,1.0,0.3433216912394854,1.5907210975295474
-2.01,0.0,1.0,0.3199401040225609,1.6335362494751307
-2.0,0.0,1.0,0.30090857936392923,1.6694915265848764
-1.9899999999999998,0.0,1.0,0.2863488540743233,1.6976684357274405
-1.98,0.0,1.0,0.2763540607090028,1.7173471855511637
-1.9699999999999998,0.0,1.0,0.27098813183722115,1.7280250738660066
-1.96,0.0,1.0,0.2702853910919609,1.7294293293887841
-1.9500000000000002,0.0,1.0,0.27425033361581486,1.7215240798037756
-1.94,0.0,1.0,0.2828575973074142,1.7045112681365684
-1.9300000000000002,0.0,1.0,0.29605212505232525,1.6788254940319822
-1.92,0.0,1.0,0.3137495169006963,1.645122911717846
-1.9100000000000001,0.0,1.0,0.3358365699389083,1.604264468260979
-1.9,0.0,1.0,0.3621720024019115,1.5572939103013523
-1.8900000000000001,0.0,1.0,0.3925873573943752,1.5054111210919843
-1.88,0.0,1.0,0.4268880804399501,1.4499414689613768
-1.87,0.0,1.0,0.4648547639659686,1.3923019502053688
-1.8599999999999999,0.0,1.0,0.5062445507631707,1.3339649913028262
-1.85,0.0,1.0,0.5507926874430538,1.2764208351433342
-1.8399999999999999,0.0,1.0,0.5982142179560754,1.2211394721269153
-1.83,0.0,1.0,0.6482058063379113,1.1695330886224098
-1.8199999999999998,0.0,1.0,0.7004476770244784,1.1229199920548372
-1.81,0.0,1.0,0.7546056603242599,1.0824909341710856
-1.7999999999999998,0.0,1.0,0.8103333299639595,1.0492786927706306
-1.79,0.0,1.0,0.8672742190344154,1.0241316889492114
-1.7799999999999998,0.0,1.0,0.9250641001623582,1.007692313814352
-1.77,0.0,1.0,0.9833333153226149,1.0003805183262129
-1.7599999999999998,0.0,1.0,1.0417091403879941,1.0023830854683635
-1.75,0.0,1.0,1.0998181692917186,1.0136488587955481
-1.7399999999999998,0.0,1.0,1.157288702551986,1.0338900492472427
-1.73,0.0,1.0,1.2137531248801685,1.0625895868438862
-1.7199999999999998,0.0,1.0,1.2688502566641542,1.0990143294635364
-1.71,0.0,1.0,1.322227664285281,1.1422337912749971
-1.6999999999999997,0.0,1.0,1.3735439144908,1.1911439124015206
-1.69,0.0,1.0,1.4224707584014948,1.244495262608677
-1.6800000000000002,0.0,1.0,1.4686952311843435,1.300924958541021
-1.67,0.0,1.0,1.511921653959416,1.3589914791678683
-1.6600000000000001,0.0,1.0,1.5518735251356643,1.4172114900625543
-1.65,0.0,1.0,1.588295289077529,1.4740977358230323
-1.6400000000000001,0.0,1.0,1.6209539707888816,1.5281970326554508
-1.63,0.0,1.0,1.6496406661579603,1.5781273905837787
-1.62,0.0,1.0,1.6741718782307675,1.6226133169824668
-1.6099999999999999,0.0,1.0,1.6943906909653825,1.6605183995881934
-1.6,0.0,1.0,1.7101677729591278,1.690874336643462
-1.5899999999999999,0.0,1.0,1.7214022047281978,1.7129056725845266
-1.58,0.0,1.0,1.7280221242479499,1.7260496073897225
-1.5699999999999998,0.0,1.0,1.7299851866246305,1.7299703735498584
-1.56,0.0,1.0,1.7272788349581856,1.7245678133947067
-1.5499999999999998,0.0,1.0,1.7199203806635701,1.709979937664082
-1.54,0.0,1.0,1.707956892736771,1.686579399963704
-1.5299999999999998,0.0,1.0,1.6914648966738568,1.6549639771673803
-1.52,0.0,1.0,1.6705498849689597,1.6159412989477877
-1.5099999999999998,0.0,1.0,1.6453456423223103,1.570508216526569
-1.5,0.0,1.0,1.6160133898747193,1.5198253376780038
-1.4899999999999998,0.0,1.0,1.58274075394245,1.4651873785005685
-1.48,0.0,1.0,1.5457405658491004,1.4079900893332826
-1.4699999999999998,0.0,1.0,1.5052495005314288,1.349694599708573
-1.46,0.0,1.0,1.4615265626274503,1.2917900931653559
-1.4499999999999997,0.0,1.0,1.4148514297306196,1.2357557654103277
-1.44,0.0,1.0,1.3655226634076776,1.1830230376227977
-1.4300000000000002,0.0,1.0,1.3138557994234823,1.1349389901804838
-1.42,0.0,1.0,1.26018132938892,1.0927319509076516
-1.4100000000000001,0.0,1.0,1.2048425867424386,1.057480116908676
-1.4,0.0,1.0,1.148193550587688,1.0300840115558707
-1.3900000000000001,0.0,1.0,1.0905965814352654,1.0112434802298036
-1.38,0.0,1.0,1.032420103332023,1.0014398124658344
-1.37,0.0,1.0,0.9740362472044729,1.0009234472044208
-1.3599999999999999,0.0,1.0,0.9158184704907728,1.0097075752198807
-1.35,0.0,1.0,0.8581391682876056,1.0275678021563457
-1.3399999999999999,0.0,1.0,0.8013672912923777,1.0540478807788043
-1.33,0.0,1.0,0.7458659857778589,1.0884713660063827
-1.3199999999999998,0.0,1.0,0.691990270695291,1.129958894995014
-1.31,0.0,1.0,0.6400847667646596,1.1774506508422595
-1.2999999999999998,0.0,1.0,0.590481492078122,1.229733436069262
-1.29,0.0,1.0,0.5434977383172808,1.2854716642759423
-1.2799999999999998,0.0,1.0,0.49943404116919743,1.3432414782742477
-1.27,0.0,1.0,0.45857225792361955,1.401567123136887
-1.2599999999999998,0.0,1.0,0.4211737645481797,1.4589586449963372
-1.25,0.0,1.0,0.38747778377418973,1.513949952561888
-1.2399999999999998,0.0,1.0,0.35769985488751954,1.5651362690568678
-1.23,0.0,1.0,0.33203045501273043,1.61121001785
-1.2199999999999998,0.0,1.0,0.3106337807094902,1.6509942250669742
-1.21,0.0,1.0,0.2936466976749388,1.6834725858979718
-1.1999999999999997,0.0,1.0,0.2811778652702871,1.7078154265443584
-1.19,0.0,1.0,0.27330704147172336,1.7234008985953146
-1.1800000000000002,0.0,1.0,0.27008457269154307,1.729830864414914
-1.17,0.0,1.0,0.2715310717329259,1.72694106774052
-1.1600000000000001,0.0,1.0,0.2776372859383369,1.714805329680181
-1.15,0.0,1.0,0.2883641563749606,1.6937336629204405
-1.1400000000000001,0.0,1.0,0.30364306767857596,1.664264352317951
-1.13,0.0,1.0,0.3233762869577339,1.627150204179593
-1.12,0.0,1.0,0.3474375889507336,1.5833393154992215
-1.1099999999999999,0.0,1.0,0.37567306343654716,1.5339508544091858
-1.1,0.0,1.0,0.40790209973499114,1.4802464705455238
-1.0899999999999999,0.0,1.0,0.44391854199873637,1.4235980656613851
-1.08,0.0,1.0,0.48349200790719127,1.3654527478023906
-1.0699999999999998,0.0,1.0,0.5263693623271622,1.3072958643046286
-1.06,0.0,1.0,0.5722763365138421,1.2506130579534522
-1.0499999999999998,0.0,1.0,0.6209192824948206,1.1968523155948516
-1.04,0.0,1.0,0.6719870514149877,1.1473869786841562
-1.0299999999999998,0.0,1.0,0.7251529838273945,1.1034806606835406
-1.02,0.0,1.0,0.7800769991989361,1.0662549675086914
-1.0099999999999998,0.0,1.0,0.8364077712652225,1.0366608456197421
-1.0,0.0,1.0,0.8937849753197121,1.0154542896819647
-0.9899999999999998,0.0,1.0,0.9518415930622085,1.0031770303545013
-0.98,0.0,1.0,1.0102062602634723,1.0001426955459805
-0.9699999999999998,0.0,1.0,1.0685056422289898,1.0064287986537073
-0.96,0.0,1.0,1.1263668218669527,1.0218747584503483
-0.9499999999999997,0.0,1.0,1.183419685085048,1.0460860012009563
-0.94,0.0,1.0,1.2392992882575746,1.078444040219975
-0.9299999999999997,0.0,1.0,1.29364819261926,1.1181222753815863
-0.9199999999999999,0.0,1.0,1.3461187506535401,1.1641071089780377
-0.9100000000000001,0.0,1.0,1.3963753298502994,1.215223838512238
-0.8999999999999999,0.0,1.0,1.4440964596085464,1.2701666649819798
-0.8900000000000001,0.0,1.0,1.4889768875512008,1.3275320500811778
-0.8799999999999999,0.0,1.0,1.5307295320986178,1.385854570193997
-0.8700000000000001,0.0,1.0,1.5690873188109835,1.4436443512759918
-0.8599999999999999,0.0,1.0,1.6038048887533258,1.499425128332077
-0.8500000000000001,0.0,1.0,1.634660167955372,1.551771957245399
-0.8399999999999999,0.0,1.0,1.6614557879271192,1.5993476155921726
-0.8300000000000001,0.0,1.0,1.6840203481436187,1.6409367625678322
-0.8199999999999998,0.0,1.0,1.7022095124234236,1.6754769853944413
-0.81,0.0,1.0,1.7159069321875786,1.702085939115384
-0.7999999999999998,0.0,1.0,1.7250249906934807,1.7200838864795642
-0.79,0.0,1.0,1.729505363483026,1.729011062123975
-0.7799999999999998,0.0,1.0,1.7293193914601048,1.7286394174790924
-0.77,0.0,1.0,1.7244682642110152,1.7189784463683857
-0.7599999999999998,0.0,1.0,1.7149830123951686,1.7002749424844792
-0.75,0.0,1.0,1.7009243092547672,1.6730066949373597
-0.7399999999999998,0.0,1.0,1.6823820825131044,1.6378702829245495
-0.73,0.0,1.0,1.6594749391440278,1.5957632813137252
-0.7199999999999998,0.0,1.0,1.632349406692061,1.5477613317038377
-0.71,0.0,1.0,1.601178995996164,1.49509066469446
-0.6999999999999997,0.0,1.0,1.5661630913124815,1.4390967752938426
-0.69,0.0,1.0,1.5275256749355317,1.3812100516660115
-0.6799999999999997,0.0,1.0,1.485513894475875,1.322909235245385
-0.6699999999999999,0.0,1.0,1.4403964819588344,1.2656836456461888
-0.6600000000000001,0.0,1.0,1.3924620348565986,1.2109951353476467
-0.6499999999999999,0.0,1.0,1.3420171700492747,1.160240746039061
-0.6400000000000001,0.0,1.0,1.289384562523224,1.1147170205845995
-0.6299999999999999,0.0,1.0,1.2349008813522964,1.07558688227409
-0.6200000000000001,0.0,1.0,1.1789146361646947,1.0438499274437605
-0.6099999999999999,0.0,1.0,1.1217839478706613,1.020316890354745
-0.6000000000000001,0.0,1.0,1.0638742579107965,1.0055889326351437
-0.5899999999999999,0.0,1.0,1.0055559906779272,1.0000422863457716
-0.5800000000000001,0.0,1.0,0.9472021840651249,1.0038186429691685
-0.5699999999999998,0.0,1.0,0.8891861032961998,1.0168215338392883
-0.56,0.0,1.0,0.8318788533020972,1.0387187944753669
-0.5499999999999998,0.0,1.0,0.7756470049157527,1.0689510498674963
-0.54,0.0,1.0,0.7208502500697433,1.1067460039535957
-0.5299999999999998,0.0,1.0,0.6678391009953863,1.1511381682569222
-0.52,0.0,1.0,0.6169526481406371,1.200993525707494
-0.5099999999999998,0.0,1.0,0.568516391148386,1.2550384995994692
-0.5,0.0,1.0,0.5228401567695633,1.311892487659856
-0.48999999999999977,0.0,1.0,0.4802161170292326,1.3701031301317375
-0.48,0.0,1.0,0.4409169203227147,1.4281834109334763
-0.46999999999999975,0.0,1.0,0.4051939473962831,1.4846496441287884
-0.45999999999999996,0.0,1.0,0.37327570336826565,1.5380593753267702
-0.44999999999999973,0.0,1.0,0.345366356076072,1.587048229804274
-0.43999999999999995,0.0,1.0,0.32164443009878996,1.630364766049309
-0.4299999999999997,0.0,1.0,0.3022616648091031,1.6669024443766638
-0.41999999999999993,0.0,1.0,0.28734204375914074,1.6957278939635594
-0.41000000000000014,0.0,1.0,0.27698100160884476,1.7161047562117115
-0.3999999999999999,0.0,1.0,0.2712448136698302,1.7275124953467405
-0.3900000000000001,0.0,1.0,0.2701701719695623,1.7296596957300525
-0.3799999999999999,0.0,1.0,0.2737639505475946,1.7224915061975843
-0.3700000000000001,0.0,1.0,0.28200316148517524,1.7061910412565524
-0.3599999999999999,0.0,1.0,0.2948351019494786,1.6811747033460305
-0.3500000000000001,0.0,1.0,0.31217769131187934,1.6480815456562414
-0.33999999999999986,0.0,1.0,0.333919996183871,1.6077569472379376
-0.33000000000000007,0.0,1.0,0.3599229400121744,1.5612310174282993
-0.31999999999999984,0.0,1.0,0.39002019269407295,1.5096922812616107
-0.31000000000000005,0.0,1.0,0.42401923452244217,1.4544573180823472
-0.2999999999999998,0.0,1.0,0.46170258765489147,1.396937128955397
-0.29000000000000004,0.0,1.0,0.5028292072297784,1.3386010920325624
-0.2799999999999998,0.0,1.0,0.5471360232307447,1.2809394266510472
-0.27,0.0,1.0,0.5943396232370528,1.2254251250348718
-0.2599999999999998,0.0,1.0,0.6441380652959188,1.1734763240703174
-0.25,0.0,1.0,0.696212809320586,1.1264200783847818
-0.23999999999999977,0.0,1.0,0.7502307546598456,1.0854584601613566
-0.22999999999999998,0.0,1.0,0.8058463708054445,1.051637851684133
-0.21999999999999975,0.0,1.0,0.8627039076081989,1.0258222150493945
-0.20999999999999996,0.0,1.0,0.9204396708648943,1.0086710218795703
-0.19999999999999973,0.0,1.0,0.9786843487200608,1.000622406834915
-0.18999999999999995,0.0,1.0,1.0370653740015132,1.0018819752737973
-0.17999999999999972,0.0,1.0,1.0952093073788478,1.0124175509747397
-0.16999999999999993,0.0,1.0,1.1527442261007366,1.0319599980919354
-0.16000000000000014,0.0,1.0,1.2093021030313267,1.0600100963470358
-0.1499999999999999,0.0,1.0,1.264521160767972,1.0958512938274458
-0.14000000000000012,0.0,1.0,1.3180481857819992,1.1385680116153714
-0.1299999999999999,0.0,1.0,1.3695407877799288,1.1870690326479594
-0.1200000000000001,0.0,1.0,1.4186695898328927,1.2401153773299216
-0.10999999999999988,0.0,1.0,1.465120335264964,1.2963519538040995
-0.10000000000000009,0.0,1.0,1.5085958978234304,1.354342174360029
-0.08999999999999986,0.0,1.0,1.548818182272854,1.412604653689424
-0.08000000000000007,0.0,1.0,1.5855299032555332,1.4696510515156633
-0.06999999999999984,0.0,1.0,1.6184962310397943,1.5240240928910007
-0.06000000000000005,0.0,1.0,1.6475062936288773,1.5743347949164463
-0.04999999999999982,0.0,1.0,1.6723745256221065,1.619297948911716
-0.040000000000000036,0.0,1.0,1.6929418552001818,1.6577649516277666
-0.029999999999999805,0.0,1.0,1.7090767216419818,1.6887531468144392
-0.020000000000000018,0.0,1.0,1.7206759168642076,1.7114709276000908
-0.009999999999999787,0.0,1.0,1.7276652456009123,1.725337958432104
0.0,2.5,1.0,1.73,1.73
0.0075,2.5,1.0,1.7218335225662003,1.7137584031511355
0.015,2.5,1.0,1.7137584031511355,1.6978781617381629
0.0225,2.5,1.0,1.7057736197367261,1.6823512360497002
0.03,2.5,1.0,1.697878161738163,1.6671697652479966
0.0375,2.5,1.0,1.6900710298760035,1.6523260633892165
0.045,2.5,1.0,1.6823512360497,1.637812615532265
0.0525,2.5,1.0,1.674717803212542,1.62362207393419
0.06,2.5,1.0,1.6671697652479964,1.6097472543302285
0.0675,2.5,1.0,1.659706166847433,1.5961811322966208
0.075,2.5,1.0,1.6523260633892165,1.5829168396943452
0.08249999999999999,2.5,1.0,1.6450285208191513,1.5699476611919758
0.09,2.5,1.0,1.637812615532265,1.5572670308659027
0.0975,2.5,1.0,1.630677434255913,1.5448685288761936
0.105,2.5,1.0,1.62362207393419,1.5327458782164114
0.11249999999999999,2.5,1.0,1.6166456416136379,1.5208929415357466
0.12,2.5,1.0,1.6097472543302285,1.5093037180318527
0.1275,2.5,1.0,1.6029260389976132,1.49797234041281
0.135,2.5,1.0,1.5961811322966208,1.4868930719266862
0.1425,2.5,1.0,1.5895116805659941,1.4760603034571818
0.15,2.5,1.0,1.5829168396943452,1.4654685506838945
0.1575,2.5,1.0,1.5763957750133235,1.4551124513057672
0.16499999999999998,2.5,1.0,1.5699476611919758,1.4449867623263057
0.1725,2.5,1.0,1.563571682132289,1.4350863573992025
0.18,2.5,1.0,1.5572670308659027,1.4254062242330123
0.1875,2.5,1.0,1.5510329094519753,1.4159414620535737
0.195,2.5,1.0,1.5448685288761936,1.4066872791228868
0.20249999999999999,2.5,1.0,1.5387731089509127,1.3976389903131943
0.21,2.5,1.0,1.5327458782164114,1.388792014735035
0.2175,2.5,1.0,1.526786073843255,1.3801418734180704
0.22499999999999998,2.5,1.0,1.5208929415357468,1.371684187043511
0.23249999999999998,2.5,1.0,1.5150657354364627,1.363414673726992
0.24,2.5,1.0,1.5093037180318527,1.3553291468507793
0.2475,2.5,1.0,1.5036061600588972,1.3474235129442023
0.255,2.5,1.0,1.49797234041281,1.3396937696112488
0.2625,2.5,1.0,1.492401546055772,1.3321360035042666
0.27,2.5,1.0,1.4868930719266862,1.324746388342747
0.27749999999999997,2.5,1.0,1.4814462208519428,1.3175211829761886
0.285,2.5,1.0,1.4760603034571815,1.3104567294900602
0.2925,2.5,1.0,1.4707346380800432,1.3035494513539032
0.3,2.5,1.0,1.4654685506838945,1.2967958516106375
0.3075,2.5,1.0,1.4602613747725197,1.2901925111061505
0.315,2.5,1.0,1.455112451305767,1.2837360867582797
0.3225,2.5,1.0,1.450021128616137,1.2774233098643037
0.32999999999999996,2.5,1.0,1.4449867623263057,1.2712509844460933
0.33749999999999997,2.5,1.0,1.4400087152675696,1.2652159856320782
0.345,2.5,1.0,1.4350863573992025,1.2593152580752145
0.3525,2.5,1.0,1.4302190657287166,1.2535458144061504
0.36,2.5,1.0,1.4254062242330123,1.2479047337208056
0.3675,2.5,1.0,1.420647223780414,1.2423891601016024
0.375,2.5,1.0,1.4159414620535737,1.2369963011715952
0.3825,2.5,1.0,1.411288343473242,1.2317234266807717
0.39,2.5,1.0,1.4066872791228868,1.226567867123804
0.39749999999999996,2.5,1.0,1.4021376866741602,1.2215270123885549
0.40499999999999997,2.5,1.0,1.3976389903131945,1.2165983104346532
0.4125,2.5,1.0,1.3931906206677265,1.2117792660014683
0.42,2.5,1.0,1.388792014735035,1.2070674393448324
0.4275,2.5,1.0,1.3844426158106853,1.2024604450018659
0.435,2.5,1.0,1.3801418734180704,1.197955950583288
0.4425,2.5,1.0,1.37588924323874,1.1935516755925926
0.44999999999999996,2.5,1.0,1.371684187043511,1.1892453902715008
0.45749999999999996,2.5,1.0,1.367526172624345,1.1850349144710957
0.46499999999999997,2.5,1.0,1.363414673726992,1.180918116548077
0.4725,2.5,1.0,1.3593491699843852,1.1768929122855705
0.48,2.5,1.0,1.3553291468507793,1.1729572638379488
0.4875,2.5,1.0,1.351354095536631,1.1691091786991288
0.495,2.5,1.0,1.3474235129442023,1.1653467086938223
0.5025,2.5,1.0,1.3435369016038867,1.161667948991231
0.51,2.5,1.0,1.3396937696112488,1.1580710371406853
0.5175,2.5,1.0,1.3358936305647657,1.1545541521287388
0.525,2.5,1.0,1.3321360035042666,1.1511155134572415
0.5325,2.5,1.0,1.3284204128500612,1.147753380241924
0.54,2.5,1.0,1.324746388342747,1.1444660503310387
0.5475,2.5,1.0,1.3211134649836935,1.1412518594436079
0.5549999999999999,2.5,1.0,1.3175211829761886,1.1381091803268468
0.5625,2.5,1.0,1.3139690876672454,1.1350364219323321
0.57,2.5,1.0,1.3104567294900602,1.132032028610499
0.5775,2.5,1.0,1.3069836639071122,1.1290944793230615
0.585,2.5,1.0,1.3035494513539032,1.126222286872953
0.5925,2.5,1.0,1.3001536571833223,1.1234139971514019
0.6,2.5,1.0,1.2967958516106375,1.1206681884017582
0.6074999999999999,2.5,1.0,1.293475609659098,1.1179834704996976
0.615,2.5,1.0,1.2901925111061505,1.1153584842494428
0.6224999999999999,2.5,1.0,1.2869461404302518,1.1127919006956408
0.63,2.5,1.0,1.2837360867582797,1.1102824204505508
0.6375,2.5,1.0,1.2805619438135316,1.1078287730362018
0.645,2.5,1.0,1.2774233098643037,1.1054297162411857
0.6525,2.5,1.0,1.2743197876730479,1.1030840354917617
0.6599999999999999,2.5,1.0,1.2712509844460933,1.1007905432369518
0.6675,2.5,1.0,1.268216511783936,1.098548078347318
0.6749999999999999,2.5,1.0,1.2652159856320782,1.0963555055271161
0.6825,2.5,1.0,1.2622490262324244,1.0942117147395272
0.69,2.5,1.0,1.2593152580752145,1.0921156206446783
0.6975,2.5,1.0,1.2564143098515006,1.0900661620501662
0.705,2.5,1.0,1.2535458144061504,1.0880623013738056
0.7125,2.5,1.0,1.2507094086913801,1.086103024118331
0.72,2.5,1.0,1.2479047337208056,1.0841873383577856
0.7274999999999999,2.5,1.0,1.2451314345240068,1.0823142742353389
0.735,2.5,1.0,1.2423891601016022,1.0804828834722742
0.7424999999999999,2.5,1.0,1.239677563380825,1.0786922388879032
0.75,2.5,1.0,1.2369963011715952,1.076941433930161
0.7575,2.5,1.0,1.234345034123086,1.0752295822166442
0.765,2.5,1.0,1.2317234266807717,1.0735558170858617
0.7725,2.5,1.0,1.2291311470439619,1.071919291158468
0.78,2.5,1.0,1.226567867123804,1.07031917590826
0.7875,2.5,1.0,1.224033262501762,1.068754661242717
0.7949999999999999,2.5,1.0,1.2215270123885549,1.0672249550928752
0.8025,2.5,1.0,1.2190487995835573,1.0657292830123253
0.8099999999999999,2.5,1.0,1.2165983104346532,1.064266887785132
0.8175,2.5,1.0,1.2141752347985384,1.062837029042478
0.825,2.5,1.0,1.2117792660014683,1.0614389828878366
0.8325,2.5,1.0,1.209410100800444,1.0600720415304825
0.84,2.5,1.0,1.2070674393448324,1.0587355129271587
0.8474999999999999,2.5,1.0,1.2047509851384155,1.0574287204317145
0.855,2.5,1.0,1.2024604450018659,1.0561510024525391
0.8624999999999999,2.5,1.0,1.2001955290356403,1.0549017121176163
0.87,2.5,1.0,1.197955950583288,1.0536802169470316
0.8775,2.5,1.0,1.1957414261951718,1.052485898532767
0.885,2.5,1.0,1.1935516755925928,1.0513181522256168
0.8925,2.5,1.0,1.1913864216323173,1.0501763868290728
0.8999999999999999,2.5,1.0,1.1892453902715008,1.0490600243000174
0.9075,2.5,1.0,1.1871283105330037,1.0479684994560772
0.9149999999999999,2.5,1.0,1.1850349144710957,1.0469012596894873
0.9225,2.5,1.0,1.1829649371375432,1.0458577646873222
0.9299999999999999,2.5,1.0,1.180918116548077,1.0448374861579501
0.9375,2.5,1.0,1.1788941936492339,1.0438399075635747
0.945,2.5,1.0,1.1768929122855705,1.0428645238587269
0.9525,2.5,1.0,1.1749140191672427,1.0419108412345734
0.96,2.5,1.0,1.1729572638379488,1.0409783768689176
0.9674999999999999,2.5,1.0,1.1710223986432307,1.040066658681759
0.975,2.5,1.0,1.1691091786991288,1.039175225096293
0.9824999999999999,2.5,1.0,1.1672173618611907,1.038303624805228
0.99,2.5,1.0,1.1653467086938223,1.037451416542301
0.9974999999999999,2.5,1.0,1.163496982439985,1.0366181688588778
1.005,2.5,1.0,1.161667948991231,1.0358034599055221
1.0125,2.5,1.0,1.1598593768580725,1.0350068772184264
1.02,2.5,1.0,1.1580710371406853,1.0342280175105916
1.0274999999999999,2.5,1.0,1.1563027034999362,1.0334664864676562
1.035,2.5,1.0,1.1545541521287388,1.032721898548265
1.0425,2.5,1.0,1.152825161723726,1.0319938767888808
1.05,2.5,1.0,1.1511155134572415,1.0312820526129394
1.0574999999999999,2.5,1.0,1.1494249909496448,1.0305860656442485
1.065,2.5,1.0,1.147753380241924,1.0299055635245407
1.0725,2.5,1.0,1.1461004697686181,1.0292402017350835
1.08,2.5,1.0,1.1444660503310387,1.0285896434222606
1.0875,2.5,1.0,1.142849915070794,1.0279535592270317
1.095,2.5,1.0,1.1412518594436079,1.0273316271181874
1.1025,2.5,1.0,1.1396716811934318,1.0267235322293147
1.1099999999999999,2.5,1.0,1.1381091803268468,1.0261289666993885
1.1175,2.5,1.0,1.1365641590877513,1.0255476295169104
1.125,2.5,1.0,1.1350364219323321,1.0249792263675161
1.1325,2.5,1.0,1.1335257755043164,1.0244234694849714
1.14,2.5,1.0,1.132032028610499,1.0238800775054844
1.1475,2.5,1.0,1.130554992196545,1.0233487753252601
1.155,2.5,1.0,1.1290944793230615,1.0228292939612225
1.1624999999999999,2.5,1.0,1.1276503051419384,1.0223213704148355
1.17,2.5,1.0,1.126222286872953,1.0218247475389561
1.1775,2.5,1.0,1.124810243780637,1.0213391739076467
1.185,2.5,1.0,1.1234139971514019,1.0208644036888852
1.1925,2.5,1.0,1.1220333702709198,1.0204001965201088
1.2,2.5,1.0,1.1206681884017582,1.0199463173865235
1.2075,2.5,1.0,1.1193182787612643,1.0195025365021244
1.2149999999999999,2.5,1.0,1.1179834704996976,1.0190686291933604
1.2225,2.5,1.0,1.1166635946786057,1.018644375785389
1.23,2.5,1.0,1.1153584842494428,1.0182295614908616
1.2375,2.5,1.0,1.1140679740324286,1.0178239763011818
1.2449999999999999,2.5,1.0,1.1127919006956408,1.0174274148801854
1.2525,2.5,1.0,1.1115301027343445,1.0170396764601828
1.26,2.5,1.0,1.1102824204505508,1.016660564740318
1.2674999999999998,2.5,1.0,1.1090486959328052,1.0162898877871855
1.275,2.5,1.0,1.1078287730362018,1.0159274579376611
1.2825,2.5,1.0,1.1066224973626202,1.015573091703893
1.29,2.5,1.0,1.1054297162411857,1.0152266096804068
1.2974999999999999,2.5,1.0,1.1042502787089452,1.0148878364532776
1.305,2.5,1.0,1.1030840354917617,1.0145566005113245
1.3125,2.5,1.0,1.1019308389854212,1.0142327341592765
1.3199999999999998,2.5,1.0,1.1007905432369518,1.0139160734328765
1.3275,2.5,1.0,1.0996630039261504,1.0136064580158684
1.335,2.5,1.0,1.098548078347318,1.0133037311588344
1.3425,2.5,1.0,1.097445625391198,1.0130077395998378
1.3499999999999999,2.5,1.0,1.0963555055271161,1.0127183334868302
1.3575,2.5,1.0,1.0952775807853221,1.0124353663017858
1.365,2.5,1.0,1.0942117147395272,1.0121586947865233
1.3725,2.5,1.0,1.0931577724896369,1.0118881788701795
1.38,2.5,1.0,1.0921156206446783,1.0116236815982935
1.3875,2.5,1.0,1.0910851273059177,1.011365069063473
1.395,2.5,1.0,1.0900661620501662,1.0111122103375985
1.4024999999999999,2.5,1.0,1.0890585959132735,1.0108649774055394
1.41,2.5,1.0,1.0880623013738056,1.0106232451003438
1.4175,2.5,1.0,1.0870771523369047,1.0103868910398692
1.425,2.5,1.0,1.0861030241183307,1.0101557955648244
1.4324999999999999,2.5,1.0,1.085139793428681,1.0099298416781897
1.44,2.5,1.0,1.0841873383577856,1.009708914985984
1.4475,2.5,1.0,1.083245538359278,1.0094929036393507
1.4549999999999998,2.5,1.0,1.0823142742353389,1.0092816982779322
1.4625,2.5,1.0,1.0813934281216095,1.0090751919745036
1.47,2.5,1.0,1.0804828834722742,1.008873280180838
1.4775,2.5,1.0,1.0795825250453106,1.0086758606747774
1.4849999999999999,2.5,1.0,1.0786922388879032,1.0084828335084806
1.4925,2.5,1.0,1.077811912322022,1.008294100957822
1.5,2.5,1.0,1.076941433930161,1.0081095674729168
1.5100250626566416,0.0,1.0,1.0768447946812052,1.0080892088624611
1.5200501253132832,0.0,1.0,1.0765551196941607,1.0080283374676537
1.5300751879699248,0.0,1.0,1.0760731366386789,1.00792756454527
1.5401002506265664,0.0,1.0,1.0754000562663169,1.0077879020341969
1.550125313283208,0.0,1.0,1.0745375693691062,1.007610752393773
1.5601503759398496,0.0,1.0,1.0734878425322458,1.0073978945206084
1.5701754385964912,0.0,1.0,1.0722535126915957,1.0071514658853076
1.5802005012531328,0.0,1.0,1.0708376805096385,1.0068739410684735
1.5902255639097744,0.0,1.0,1.0692439025865494,1.0065681069115282
1.600250626566416,0.0,1.0,1.067476182525943,1.0062370345318827
1.6102756892230576,0.0,1.0,1.065538960877736,1.0058840484834703
1.6203007518796992,0.0,1.0,1.0634371039833932,1.0055126933723286
1.6303258145363408,0.0,1.0,1.0611758917515752,1.0051266982624665
1.6403508771929824,0.0,1.0,1.0587610043948972,1.0047299392294482
1.650375939849624,0.0,1.0,1.0561985081611147,1.004326400437719
1.6604010025062657,0.0,1.0,1.0534948400945834,1.0039201341325275
1.6704260651629073,0.0,1.0,1.050656791866267,1.003515219948195
1.6804511278195489,0.0,1.0,1.0476914927129184,1.003115723941351
1.6904761904761905,0.0,1.0,1.044606391528286,1.0027256577605133
1.700501253132832,0.0,1.0,1.0414092381513371,1.0023489383620194
1.7105263157894737,0.0,1.0,1.0381080638984996,1.0019893486768385
1.7205513784461153,0.0,1.0,1.0347111613888258,1.0016504996232345
1.7305764411027569,0.0,1.0,1.0312270637127599,1.0013357938467409
1.7406015037593985,0.0,1.0,1.0276645229968349,1.0010483915515649
1.75062656641604,0.0,1.0,1.0240324884181475,1.000791178766532
1.7606516290726817,0.0,1.0,1.0203400837238377,1.0005667383642367
1.7706766917293233,0.0,1.0,1.016596584312043,1.0003773241244203
1.780701754385965,0.0,1.0,1.0128113939319048,1.0002248381020253
1.7907268170426065,0.0,1.0,1.008994021061152,1.0001108115271897
1.800751879699248,0.0,1.0,1.0051540550206066,1.00003638942898
1.8107769423558897,0.0,1.0,1.001301141885607,1.0000023191372691
1.8208020050125313,0.0,1.0,0.9974449602548648,1.0000089427782182
1.830827067669173,0.0,1.0,0.993595196937622,1.0000561938387231
1.8408521303258145,0.0,1.0,0.9897615226201817,1.0001435978343247
1.8508771929824561,0.0,1.0,0.9859535675729421,1.0002702770738738
1.8609022556390977,0.0,1.0,0.9821808974589542,1.0004349594731072
1.8709273182957393,0.0,1.0,0.9784529893047758,1.0006359913286302
1.880952380952381,0.0,1.0,0.9747792076939814,1.000871353924032
1.8909774436090225,0.0,1.0,0.9711687812431321,1.0011386838013785
1.9010025062656641,0.0,1.0,0.9676307794192965,1.0014352964945237
1.9110275689223057,0.0,1.0,0.9641740897573591,1.0017582134859093
1.9210526315789473,0.0,1.0,0.9608073955343459,1.002104192116166
1.931077694235589,0.0,1.0,0.9575391539568506,1.0024697581461643
1.9411027568922306,0.0,1.0,0.9543775749163537,1.0028512406445382
1.9511278195488722,0.0,1.0,0.9513306003658022,1.003244808850347
1.9611528822055138,0.0,1.0,0.9484058843692582,1.00364651064071
1.9711779448621554,0.0,1.0,0.945610773874728,1.0040523122171314
1.981203007518797,0.0,1.0,0.9429522902584753,1.0044581386119908
1.9912280701754386,0.0,1.0,0.9404371116871758,1.0048599146084465
2.00125313283208,0.0,1.0,0.9380715563422232,1.0052536056628416
2.011278195488722,0.0,1.0,0.9358615665483238,1.0056352584186783
2.0213032581453634,0.0,1.0,0.9338126938462529,1.0060010404053286
2.0313283208020048,0.0,1.0,0.9319300850472673,1.0063472785228387
2.0413533834586466,0.0,1.0,0.9302184693042075,1.0066704959263668
2.0513784461152884,0.0,1.0,0.9286821462317664,1.0069674469398728
2.06140350877193,0.0,1.0,0.927324975105767,1.0072351496484622
2.071428571428571,0.0,1.0,0.9261503651685802,1.0074709158421014
2.081453634085213,0.0,1.0,0.9251612670650368,1.0076723780100147
2.091478696741855,0.0,1.0,0.9243601654303453,1.0078375131146915
2.101503759398496,0.0,1.0,0.9237490726486364,1.0079646629067711
2.1115288220551376,0.0,1.0,0.9233295237978115,1.0080525505768088
2.1215538847117794,0.0,1.0,0.923102572793395,1.0081002935767056
2.1315789473684212,0.0,1.0,0.9230687897410762,1.0081074124820586
2.1416040100250626,0.0,1.0,0.9232282595045922,1.0080738358064305
2.151629072681704,0.0,1.0,0.9235805814925477,1.0079999007192015
2.161654135338346,0.0,1.0,0.92412487066471,1.0078863496597903
2.1716791979949877,0.0,1.0,0.9248597597552477,1.0077343228822453
2.181704260651629,0.0,1.0,0.9257834027073314,1.0075453470050715
2.1917293233082704,0.0,1.0,0.926893479310468,1.0073213196812725
2.2017543859649122,0.0,1.0,0.9281872010289169,1.0070644905425497
2.211779448621554,0.0,1.0,0.9296613180065518,1.0067774386090074
2.2218045112781954,0.0,1.0,0.931312127230566,1.0064630463912192
2.231829573934837,0.0,1.0,0.9331354818335195,1.0061244709447064
2.2418546365914787,0.0,1.0,0.9351268015103568,1.0057651121675022
2.2518796992481205,0.0,1.0,0.9372810840242289,1.005388578659145
2.261904761904762,0.0,1.0,0.9395929177722182,1.004998651483937
2.2719298245614032,0.0,1.0,0.942056495379398,1.004599246202353
2.281954887218045,0.0,1.0,0.9446656282870802,1.004194373551868
2.291979949874687,0.0,1.0,0.9474137622986055,1.0037880991720378
2.3020050125313283,0.0,1.0,0.950293994043622,1.0033845027782677
2.3120300751879697,0.0,1.0,0.9532990883194974,1.002987637194233
2.3220551378446115,0.0,1.0,0.9564214962662995,1.0026014876543399
2.3320802005012533,0.0,1.0,0.9596533743296909,1.0022299317849042
2.3421052631578947,0.0,1.0,0.9629866039641023,1.0018767006659044
2.352130325814536,0.0,1.0,0.9664128120266895,1.0015453413643212
2.362155388471178,0.0,1.0,0.9699233918108443,1.0012391813152932
2.3721804511278197,0.0,1.0,0.9735095246664216,1.0009612949087656
2.382205513784461,0.0,1.0,0.9771622021523741,1.000714472617163
2.3922305764411025,0.0,1.0,0.9808722486661461,1.0005011929740955
2.4022556390977443,0.0,1.0,0.9846303444929785,1.0003235976854856
2.412280701754386,0.0,1.0,0.9884270492172292,1.0001834701230417
2.4223057644110275,0.0,1.0,0.9922528254368944,1.0000822174160429
2.432330827067669,0.0,1.0,0.9960980627217637,1.0000208563212647
2.4423558897243107,0.0,1.0,0.9999531017550224,1.0000000030129388
2.4523809523809526,0.0,1.0,1.0038082585976573,1.0000198668952693
2.462406015037594,0.0,1.0,1.007653849014716,1.0000802484996438
2.4724310776942353,0.0,1.0,1.011480212802308,1.0001805414876523
2.482456140350877,0.0,1.0,1.01527773805424,1.0003197387398
2.492481203007519,0.0,1.0,1.0190368853073257,1.000496442468773
2.5025062656641603,0.0,1.0,1.0227482115047177,1.0007088782557032
2.5125313283208017,0.0,1.0,1.0264023937170652,1.0009549128684807
2.5225563909774436,0.0,1.0,1.029990252561908,1.0012320756831876
2.5325814536340854,0.0,1.0,1.0335027752624775,1.0015375834935454
2.5426065162907268,0.0,1.0,1.0369311382879818,1.001868368459241
2.552631578947368,0.0,1.0,1.0402667295185006,1.0022211089124877
2.56265664160401,0.0,1.0,1.0435011698788106,1.0025922627134591
2.572681704260652,0.0,1.0,1.046626334386799,1.002978102819657
2.582706766917293,0.0,1.0,1.0496343725635886,1.0033747547120289
2.5927318295739346,0.0,1.0,1.0525177281541065,1.003778235302012
2.6027568922305764,0.0,1.0,1.055269158108555,1.0041844929288062
2.612781954887218,0.0,1.0,1.057881750777104,1.0045894480452366
2.6228070175438596,0.0,1.0,1.060348943272102,1.004989034183643
2.632832080200501,0.0,1.0,1.0626645379541875,1.005379238790427
2.642857142857143,0.0,1.0,1.064822718000888,1.005756143519209
2.6528822055137846,0.0,1.0,1.0668180620186016,1.0061159635779748
2.662907268170426,0.0,1.0,1.0686455576612506,1.0064550857351016
2.6729323308270674,0.0,1.0,1.0703006142214007,1.0067701046026112
2.682957393483709,0.0,1.0,1.0717790741622142,1.0070578568323076
2.692982456140351,0.0,1.0,1.07307722356127,1.0073154528814026
2.7030075187969924,0.0,1.0,1.074191801440015,1.00754030602865
2.713032581453634,0.0,1.0,1.0751200079554097,1.0077301583496177
2.7230576441102756,0.0,1.0,1.075859511433194,1.0078831033902504
2.7330827067669174,0.0,1.0,1.076408454225101,1.007997605311054
2.743107769423559,0.0,1.0,1.076765457375309,1.0080725143096443
2.7531328320802,0.0,1.0,1.0769296240844068,1.0081070781668056
2.763157894736842,0.0,1.0,1.0769005419621736,1.0081009498001041
2.773182957393484,0.0,1.0,1.0766782840635114,1.0080541907492118
2.7832080200501252,0.0,1.0,1.076263408704929,1.0079672705579383
2.7932330827067666,0.0,1.0,1.0756569580620405,1.00784106205918
2.8032581453634084,0.0,1.0,1.0748604555515968,1.0076768326101269
2.8132832080200503,0.0,1.0,1.073875902004632,1.0074762313657506
2.8233082706766917,0.0,1.0,1.0727057706403331,1.0072412727183626
2.833333333333333,0.0,1.0,1.0713530008532617,1.006974316069542
2.843358395989975,0.0,1.0,1.0698209908295329,1.0066780421375585
2.8533834586466167,0.0,1.0,1.0681135890105007,1.0063554260382075
2.863408521303258,0.0,1.0,1.0662350844253923,1.0060097074093683
2.8734335839598995,0.0,1.0,1.064190195917177,1.0056443578792953
2.8834586466165413,0.0,1.0,1.0619840602887325,1.0052630462053114
2.893483709273183,0.0,1.0,1.0596222193990898,1.004869601432977
2.9035087719298245,0.0,1.0,1.0571106062421658,1.0044679744456817
2.913533834586466,0.0,1.0,1.054455530042958,1.0040621982907665
2.9235588972431077,0.0,1.0,1.0516636604086387,1.0036563476805742
2.9335839598997495,0.0,1.0,1.0487420105743632,1.0032544980751115
2.943609022556391,0.0,1.0,1.0456979197858736,1.0028606847572001
2.9536340852130323,0.0,1.0,1.0425390348631611,1.0024788623110812
2.963659147869674,0.0,1.0,1.0392732909914921,1.002112864911373
2.973684210526316,0.0,1.0,1.035908891788058,1.0017663678211595
2.9837092731829573,0.0,1.0,1.0324542886943147,1.0014428504858273
2.9937343358395987,0.0,1.0,1.0289181597457853,1.001145561593264
3.0037593984962405,0.0,1.0,1.025309387772652,1.000877486451269
3.0137844611528823,0.0,1.0,1.021637038085901,1.000641317009768
3.0238095238095237,0.0,1.0,1.01791033570507,1.0004394248288606
3.033834586466165,0.0,1.0,1.0141386421848053,1.0002738372641506
3.043859649122807,0.0,1.0,1.010331432098441,1.0001462171084996
3.0538847117794488,0.0,1.0,1.0064982692376705,1.0000578458946374
3.06390977443609,0.0,1.0,1.0026487825881023,1.0000096110263001
3.0739348370927315,0.0,1.0,0.9987926421410446,1.0000019968671228
3.0839598997493733,0.0,1.0,0.9949395346022846,1.0000350798767692
3.093984962406015,0.0,1.0,0.9910991390588807,1.0001085278431412
3.1040100250626566,0.0,1.0,0.9872811026650916,1.000221603218378
3.114035087719298,0.0,1.0,0.9834950164085228,1.0003731705251437
3.1240601503759398,0.0,1.0,0.9797503910173636,1.0005617077588351
3.1340852130325816,0.0,1.0,0.9760566330692392,1.0007853216712068
3.144110275689223,0.0,1.0,0.9724230213616896,1.0010417667819422
3.1541353383458643,0.0,1.0,0.968858683603635,1.0013284679272583
3.164160401002506,0.0,1.0,0.9653725734863796,1.001642546119118
3.174185463659148,0.0,1.0,0.9619734481917515,1.0019808474553773
3.1842105263157894,0.0,1.0,0.9586698463938771,1.0023399747905557
3.1942355889724308,0.0,1.0,0.9554700668098531,1.0027163218492041
3.2042606516290726,0.0,1.0,0.9523821473531943,1.0031061094393054
3.2142857142857144,0.0,1.0,0.9494138449424263,1.003505423402067
3.224310776942356,0.0,1.0,0.9465726160155441,1.003910253917017
3.234335839598997,0.0,1.0,0.9438655977992815,1.004316535767715
3.244360902255639,0.0,1.0,0.9412995903802489,1.004720189163735
3.254385964912281,0.0,1.0,0.9388810396229728,1.0051171607089981
3.264411027568922,0.0,1.0,0.9366160209777484,1.0055034641050593
3.2744360902255636,0.0,1.0,0.9345102242189812,1.0058752201806138
3.2844611528822054,0.0,1.0,0.932568939152354,1.0062286958452589
3.2944862155388472,0.0,1.0,0.9307970423267236,1.0065603415763416
3.3045112781954886,0.0,1.0,0.9291989847841285,1.006866827062463
3.31453634085213,0.0,1.0,0.9277787808786774,1.0071450746457125
3.324561403508772,0.0,1.0,0.9265399981924066,1.0073922902268104
3.3345864661654137,0.0,1.0,0.9254857485734406,1.0076059913228226
3.344611528822055,0.0,1.0,0.9246186803189629,1.0077840319956914
3.3546365914786964,0.0,1.0,0.9239409715226382,1.0079246244012605
3.3646616541353382,0.0,1.0,0.923454324603196,1.0080263567424013
3.37468671679198,0.0,1.0,0.923159962027918,1.0080882074459603
3.3847117794486214,0.0,1.0,0.9230586232417753,1.0081095554211659
3.394736842105263,0.0,1.0,0.9231505628099272,1.0080901862964808
3.4047619047619047,0.0,1.0,0.9234355497782476,1.008030294572273
3.4147869674185465,0.0,1.0,0.9239128682534866,1.0079304816676866
3.424812030075188,0.0,1.0,0.9245813192016105,1.0077917498813278
3.4348370927318292,0.0,1.0,0.9254392234597988,1.007615492326408
3.444862155388471,0.0,1.0,0.926484425954538,1.0074034789414161
3.454887218045113,0.0,1.0,0.9277143011152105,1.0071578387167979
3.4649122807017543,0.0,1.0,0.9291257594695834,1.0068810383161142
3.4749373433583957,0.0,1.0,0.9307152554046282,1.0065758573063643
3.4849624060150375,0.0,1.0,0.9324787960731743,1.0062453602462027
3.4949874686716793,0.0,1.0,0.9344119514240253,1.0058928659123347
3.5050125313283207,0.0,1.0,0.936509865330341,1.0055219139731115
3.515037593984962,0.0,1.0,0.9387672677883295,1.005136229443981
3.525062656641604,0.0,1.0,0.9411784881556079,1.004739685281726
3.5350877192982457,0.0,1.0,0.9437374693959745,1.0043362634931081
3.545112781954887,0.0,1.0,0.9464377832948109,1.0039300151484571
3.5551378446115285,0.0,1.0,0.9492726466068931,1.0035250197017385
3.5651629072681703,0.0,1.0,0.9522349380960451,1.003125344025601
3.575187969924812,0.0,1.0,0.9553172164238337,1.0027350015727596
3.5852130325814535,0.0,1.0,0.9585117388423673,1.0023579120738135
3.595238095238095,0.0,1.0,0.961810480644241,1.0019978621761971
3.6052631578947367,0.0,1.0,0.9652051553207704,1.0016584674195228
3.6152882205513786,0.0,1.0,0.968687235377875,1.0013431359291516
3.62531328320802,0.0,1.0,0.9722479737573227,1.0010550341925675
3.6353383458646613,0.0,1.0,0.9758784258095239,1.0007970552622283
3.645363408521303,0.0,1.0,0.9795694717626788,1.0005717897041864
3.655388471177945,0.0,1.0,0.9833118396318359,1.0003814995842104
3.6654135338345863,0.0,1.0,0.9870961285103126,1.0002280957526333
3.6754385964912277,0.0,1.0,0.990912832184971,1.0001131186560253
3.6854636591478696,0.0,1.0,0.9947523630160242,1.0000377228683774
3.6954887218045114,0.0,1.0,0.9986050760213891,1.0000026654971317
3.7055137844611528,0.0,1.0,1.0024612931050836,1.0000082985804783
3.715538847117794,0.0,1.0,1.0063113273688071,1.0000545655522688
3.725563909774436,0.0,1.0,1.0101455074456338,1.0001410018100403
3.735588972431078,0.0,1.0,1.013954201794687,1.0002667393804476
3.745614035087719,0.0,1.0,1.0177278428957737,1.0004305156352564
3.7556390977443606,0.0,1.0,1.0214569512831966,1.000630685970369
3.7656641604010024,0.0,1.0,1.0251321593583698,1.0008652403205678
3.775689223057644,0.0,1.0,1.0287442349214238,1.0011318233441342
3.7857142857142856,0.0,1.0,1.0322841043626854,1.0014277580746587
3.795739348370927,0.0,1.0,1.0357428754557763,1.0017500728025304
3.805764411027569,0.0,1.0,1.0391118596950715,1.0020955309161739
3.8157894736842106,0.0,1.0,1.042382594121408,1.00246066340337
3.825814536340852,0.0,1.0,1.045546862581217,1.0028418036862907
3.8358395989974934,0.0,1.0,1.0485967163656735,1.0032351244404463
3.845864661654135,0.0,1.0,1.0515244941780197,1.0036366760278093
3.855889724310777,0.0,1.0,1.0543228413789034,1.0040424261581884
3.8659147869674184,0.0,1.0,1.0569847284613867,1.0044483003805726
3.87593984962406,0.0,1.0,1.059503468709215,1.0048502229978473
3.8859649122807016,0.0,1.0,1.061872734993989,1.0052441579940223
3.8959899749373434,0.0,1.0,1.064086575669043,1.0056261495629917
3.906015037593985,0.0,1.0,1.0661394295201074,1.0059923618318427
3.916040100250626,0.0,1.0,1.0680261397351956,1.006339117379825
3.926065162907268,0.0,1.0,1.069741966858624,1.0066629341661772
3.93609022556391,0.0,1.0,1.0712826006966236,1.0069605604959921
3.9461152882205512,0.0,1.0,1.0726441711446377,1.007229007673002
3.9561403508771926,0.0,1.0,1.073823257909106,1.0074655800113896
3.9661654135338344,0.0,1.0,1.0748168990993139,1.0076679019052561
3.9761904761904763,0.0,1.0,1.0756225986677235,1.0078339416839173
3.9862155388471177,0.0,1.0,1.0762383326800982,1.0079620320134812
3.996240601503759,0.0,1.0,1.0766625543996675,1.0080508866398383
4.0062656641604,0.0,1.0,1.0768941981725628,1.0080996133049334
4.016290726817043,0.0,1.0,1.0769326821047616,1.0081077227066195
4.026315789473684,0.0,1.0,1.0767779095238181,1.00807513341212
4.0363408521303255,0.0,1.0,1.076430269221706,1.0080021726757569
4.046365914786968,0.0,1.0,1.0758906344781651,1.0078895731527377
4.056390977443609,0.0,1.0,1.0751603608670046,1.0077384655419976
4.0664160401002505,0.0,1.0,1.074241282850872,1.007550367231977
4.076441102756892,0.0,1.0,1.0731357091730462,1.0073271670633486
4.086466165413533,0.0,1.0,1.0718464170578241,1.007071106361708
4.0964912280701755,0.0,1.0,1.0703766452340764,1.006784756430689
4.106516290726817,0.0,1.0,1.0687300857994917,1.0064709927315143
4.116541353383458,0.0,1.0,1.0669108749459495,1.0061329660082636
4.1265664160401005,0.0,1.0,1.0649235825693197,1.0057740706488154
4.136591478696742,0.0,1.0,1.062773200789789,1.0053979105991715
4.146616541353383,0.0,1.0,1.0604651314115483,1.0050082631734463
4.156641604010025,0.0,1.0,1.0580051723533486,1.0046090411229338
4.166666666666666,0.0,1.0,1.0553995030840064,1.0042042533451436
4.176691729323308,0.0,1.0,1.0526546690994492,1.0037979646273596
4.18671679197995,0.0,1.0,1.0497775654802917,1.0033942548289654
4.196741854636591,0.0,1.0,1.0467754195712482,1.0029971779124196
4.206766917293233,0.0,1.0,1.0436557728258917,1.002610721234282
4.216791979949875,0.0,1.0,1.040426461862364,1.002238765505081
4.226817042606516,0.0,1.0,1.037095598777625,1.0018850458200965
4.2368421052631575,0.0,1.0,1.0336715507696963,1.0015531141523784
4.246867167919799,0.0,1.0,1.030162919119084,1.0012463036846362
4.256892230576441,0.0,1.0,1.0265785175821804,1.000967695338173
4.2669172932330826,0.0,1.0,1.0229273502509242,1.0007200868349706
4.276942355889724,0.0,1.0,1.0192185889343308,1.0005059646035983
4.286967418546366,0.0,1.0,1.0154615501187165,1.0003274788110597
4.296992481203008,0.0,1.0,1.0116656715644898,1.0001864217713021
4.307017543859649,0.0,1.0,1.0078404885982977,1.0000842099472056
4.31704260651629,0.0,1.0,1.003995610160085,1.0000218697267826
4.327067669172932,0.0,1.0,1.000140694665237,1.000000027116423
4.337092731829574,0.0,1.0,0.9962854257424346,1.000018901454678
4.347117794486215,0.0,1.0,0.9924394879081789,1.0000783032097131
4.357142857142857,0.0,1.0,0.9886125422390794,1.0001776358825436
4.367167919799499,0.0,1.0,0.9848142021030277,1.000315901996942
4.37719298245614,0.0,1.0,0.9810540090102168,1.0004917131158697
4.387218045112782,0.0,1.0,0.9773414086446648,1.0007033037838466
4.397243107769423,0.0,1.0,0.9736857271364598,1.000948549255256
4.407268170426065,0.0,1.0,0.9700961476343251,1.001224986830559
4.417293233082707,0.0,1.0,0.9665816872373559,1.001529840586167
4.427318295739348,0.0,1.0,0.9631511743438785,1.0018600492496372
4.43734335839599,0.0,1.0,0.9598132264743269,1.0022122969402791
4.447368421052632,0.0,1.0,0.9565762286238505,1.002583046466477
4.457393483709273,0.0,1.0,0.9534483121990319,1.0029685748453683
4.467418546365915,0.0,1.0,0.9504373345916208,1.0033650106881957
4.477443609022556,0.0,1.0,0.9475508594406016,1.0037683730759173
4.487468671679197,0.0,1.0,0.9447961376321737,1.004174611534693
4.49749373433584,0.0,1.0,0.9421800890853728,1.0045796467098294
4.507518796992481,0.0,1.0,0.9397092853690896,1.0049794113297341
4.517543859649122,0.0,1.0,0.9373899331941496,1.0053698910485385
4.527568922305765,0.0,1.0,0.9352278588219258,1.0057471647572498
4.537593984962406,0.0,1.0,0.933228493428648,1.0061074439586413
4.5476190476190474,0.0,1.0,0.9313968594621737,1.0064471108104833
4.557644110275689,0.0,1.0,0.9297375580254933,1.0067627544550972
4.56766917293233,0.0,1.0,0.9282547573186636,1.0070512052704161
4.5776942355889725,0.0,1.0,0.926952182168201,1.0073095666986134
4.587719298245614,0.0,1.0,0.9258331046702395,1.007535244332679
4.597744360902255,0.0,1.0,0.924900335970956,1.0077259719688703
4.6077694235588975,0.0,1.0,0.9241562192049128,1.0078798343634154
4.617794486215539,0.0,1.0,0.9236026236090535,1.0079952864649588
4.62781954887218,0.0,1.0,0.9232409398271413,1.0080711689296171
4.637844611528822,0.0,1.0,0.9230720764164322,1.0081067197628484
4.647869674185463,0.0,1.0,0.9230964575653603,1.008101581971228
4.657894736842105,0.0,1.0,0.9233140220279674,1.0080558071472974
4.667919799498747,0.0,1.0,0.9237242232777544,1.007969854951482
4.677944862155388,0.0,1.0,0.9243260308805668,1.007844588496286
4.68796992481203,0.0,1.0,0.9251179330830677,1.0076812656791123
4.697994987468672,0.0,1.0,0.9260979406102934,1.0074815265507393
4.708020050125313,0.0,1.0,0.9272635916627536,1.007247376846305
4.7180451127819545,0.0,1.0,0.9286119581005247,1.006981167844166
4.728070175438596,0.0,1.0,0.9301396527987971,1.006685572754894
4.738095238095238,0.0,1.0,0.9318428381564051,1.0063635598774987
4.7481203007518795,0.0,1.0,0.9337172357359611,1.0060183627924413
4.758145363408521,0.0,1.0,0.9357581370113801,1.0056534478907515
4.768170426065163,0.0,1.0,0.9379604151957968,1.0052724795653123
4.7781954887218046,0.0,1.0,0.9403185381201606,1.0048792834138558
4.788220551378446,0.0,1.0,0.9428265821301615,1.0044778078231769
4.798245614035087,0.0,1.0,0.9454782469665743,1.004072084320326
4.808270676691729,0.0,1.0,0.9482668715916408,1.0036661870889256
4.818295739348371,0.0,1.0,0.9511854509217386,1.0032641920571426
4.828320802005012,0.0,1.0,0.954226653424295,1.0028701359681365
4.838345864661654,0.0,1.0,0.9573828395347548,1.0024879758440006
4.848370927318296,0.0,1.0,0.9606460808473242,1.0021215492502402
4.858395989974937,0.0,1.0,0.9640081800312928,1.001774535759808
4.868421052631579,0.0,1.0,0.967460691422902,1.0014504200036651
4.87844611528822,0.0,1.0,0.9709949422410284,1.0011524566789058
4.8884711779448615,0.0,1.0,0.9746020543733926,1.0008836378658248
4.898496240601504,0.0,1.0,0.9782729666785639,1.0006466629821245
4.908521303258145,0.0,1.0,0.9819984577477368,1.0004439116759727
4.9185463659147866,0.0,1.0,0.9857691690691053,1.0002774199301148
4.928571428571429,0.0,1.0,0.9895756285366402,1.0001488596169947
4.93859649122807,0.0,1.0,0.9934082742442168,1.000059521710191
4.948621553884712,0.0,1.0,0.9972574785053282,1.0000103033207517
4.958646616541353,0.0,1.0,1.0011135720380304,1.000001698688608
4.968671679197994,0.0,1.0,1.004966868254387,1.0000337942195294
4.978696741854637,0.0,1.0,1.0088076875933776,1.0001062676174555
4.988721804511278,0.0,1.0,1.0126263818361592,1.0002183911209213
4.998746867167919,0.0,1.0,1.0164133583425965,1.000369038811072
5.008771929824562,0.0,1.0,1.0201591041481737,1.0005566979178862
5.018796992481203,0.0,1.0,1.0238542098607606,1.0007794840110702
5.028822055137844,0.0,1.0,1.0274893932972053,1.00103515992308
5.038847117794486,0.0,1.0,1.0310555228003713,1.0013211582142525
5.048872180451127,0.0,1.0,1.0345436401780526,1.001634606954453
5.0588972431077694,0.0,1.0,1.0379449832061418,1.0019723585623486
5.068922305764411,0.0,1.0,1.0412510076395185,1.0023310214127064
5.078947368421052,0.0,1.0,1.0444534086753752,1.0027069938943287
5.0889724310776945,0.0,1.0,1.047544141815055,1.0030965005766166
5.098997493734336,0.0,1.0,1.0505154430720012,1.0034956301215898
5.109022556390977,0.0,1.0,1.0533598484750544,1.0039003745606585
5.119047619047619,0.0,1.0,1.056070212818106,1.0043066695417366
5.12907268170426,0.0,1.0,1.0586397276090047,1.0047104351425455
5.139097744360902,0.0,1.0,1.0610619381726327,1.0051076168402717
5.149122807017544,0.0,1.0,1.0633307598651838,1.0054942262261666
5.159147869674185,0.0,1.0,1.0654404933589177,1.0058663810562447
5.169172932330827,0.0,1.0,1.0673858389589914,1.0062203442359001
5.179197994987469,0.0,1.0,1.0691619099164018,1.006552561346965
5.18922305764411,0.0,1.0,1.0707642447036043,1.006859696340372
5.1992481203007515,0.0,1.0,1.072188818221962,1.0071386650360048
5.209273182957393,0.0,1.0,1.073432051912879,1.0073866660933366
5.219298245614035,0.0,1.0,1.0744908227472139,1.0076012091418587
5.2293233082706765,0.0,1.0,1.0753624710703948,1.0077801397888166
5.239348370927318,0.0,1.0,1.0760448072835287,1.0079216612531356
5.24937343358396,0.0,1.0,1.0765361173437176,1.0080243524082895
5.2593984962406015,0.0,1.0,1.0768351670697722,1.0080871820529314
5.269423558897243,0.0,1.0,1.0769412052425005,1.0081095192659844
5.279448621553884,0.0,1.0,1.0768539654917855,1.008091139742209
5.289473684210526,0.0,1.0,1.0765736669657129,1.0080322280446246
5.299498746867168,0.0,1.0,1.076101013780067,1.0079333757511697
5.309523809523809,0.0,1.0,1.0754371932495768,1.007795575514211
5.319548872180451,0.0,1.0,1.0745838729053558,1.007620211092551
5.329573934837093,0.0,1.0,1.0735431963060296,1.0074090434560372
5.339598997493734,0.0,1.0,1.0723177776530715,1.0071641931023
5.349624060150376,0.0,1.0,1.0709106952238732,1.006888118763196
5.359649122807017,0.0,1.0,1.0693254836390478,1.006583592714778
5.3696741854636585,0.0,1.0,1.0675661249833877,1.006253672938727
5.379699248120301,0.0,1.0,1.065637038802785,1.0059016724147922
5.389724310776942,0.0,1.0,1.0635430710022389,1.0055311258525967
5.3997493734335835,0.0,1.0,1.061289481672841,1.0051457541968842
5.409774436090226,0.0,1.0,1.058881931878315,1.0047494272626336
5.419799498746867,0.0,1.0,1.0563264694343066,1.0043461248752519
5.4298245614035086,0.0,1.0,1.053629513716144,1.0039398969060687
5.43984962406015,0.0,1.0,1.0507978395332305,1.0035348226044436
5.449874686716791,0.0,1.0,1.0478385601105835,1.0031349696348684
5.459899749373434,0.0,1.0,1.0447591092202604,1.002744353230399
5.469924812030075,0.0,1.0,1.041567222507572,1.0023668958725944
5.479949874686716,0.0,1.0,1.038270918058974,1.002006387902845
5.489974937343359,0.0,1.0,1.0348784762604681,1.0016664494606193
5.5,0.0,1.0,1.031398418997099,1.0013504941308458
